temperature_keV,density_requested_g_cm3,density_used_g_cm3,density_was_clipped,rosseland_cm2_g,planck_cm2_g,free_electrons,avg_sq_free_electrons
0.001,0.0001,0.0001,false,442.14,83234,0.014744,0.014744
0.001,0.00011768,0.00011768,false,461.31,83297,0.014365,0.014365
0.001,0.00013849,0.00013849,false,483.57,83370,0.013921,0.013921
0.001,0.00016298,0.00016298,false,509.41,83457,0.013397,0.013397
0.001,0.00019179,0.00019179,false,539.44,83558,0.012781,0.012781
0.001,0.0002257,0.0002257,false,574.34,83678,0.012056,0.012056
0.001,0.00026561,0.00026561,false,614.95,83819,0.011202,0.011202
0.001,0.00031257,0.00031257,false,662.22,83985,0.010198,0.010198
0.001,0.00036784,0.00036784,false,717.3,84180,0.0090163,0.0090163
0.001,0.00043288,0.00043288,false,781.49,84410,0.0076256,0.0076256
0.001,0.00050941,0.00050941,false,851.84,84641,0.0061675,0.0061675
0.001,0.00059948,0.00059948,false,893.74,84548,0.006049,0.006049
0.001,0.00070548,0.00070548,false,942.5,84439,0.0059094,0.0059094
0.001,0.00083022,0.00083022,false,999.3,84310,0.0057452,0.0057452
0.001,0.00097701,0.00097701,false,1065.5,84159,0.005552,0.005552
0.001,0.0011498,0.0011498,false,1142.7,83981,0.0053246,0.0053246
0.001,0.001353,0.001353,false,1232.8,83771,0.005057,0.005057
0.001,0.0015923,0.0015923,false,1338.1,83525,0.0047421,0.0047421
0.001,0.0018738,0.0018738,false,1461.1,83235,0.0043714,0.0043714
0.001,0.0022051,0.0022051,false,1605.1,82894,0.0039353,0.0039353
0.001,0.002595,0.002595,false,1773.6,82493,0.0034221,0.0034221
0.001,0.0030539,0.0030539,false,1970.9,82022,0.002818,0.002818
0.001,0.0035938,0.0035938,false,2112.6,81292,0.002593,0.002593
0.001,0.0042292,0.0042292,false,2241.1,80357,0.0025347,0.0025347
0.001,0.004977,0.004977,false,2392.1,79257,0.0024661,0.0024661
0.001,0.005857,0.005857,false,2569.6,77964,0.0023854,0.0023854
0.001,0.0068926,0.0068926,false,2778.2,76441,0.0022905,0.0022905
0.001,0.0081113,0.0081113,false,3023.4,74648,0.0021787,0.0021787
0.001,0.0095455,0.0095455,false,3311.6,72539,0.0020472,0.0020472
0.001,0.011233,0.011233,false,3650.4,70057,0.0018925,0.0018925
0.001,0.013219,0.013219,false,4048.6,67138,0.0017103,0.0017103
0.001,0.015557,0.015557,false,4516.7,63703,0.001496,0.001496
0.001,0.018307,0.018307,false,5028.3,59869,0.0012591,0.0012591
0.001,0.021544,0.021544,false,4987.7,58765,0.0012342,0.0012342
0.001,0.025354,0.025354,false,4939.1,57467,0.001205,0.001205
0.001,0.029836,0.029836,false,4880.6,55937,0.0011706,0.0011706
0.001,0.035112,0.035112,false,4809.9,54140,0.0011301,0.0011301
0.001,0.04132,0.04132,false,4724.2,52022,0.0010824,0.0010824
0.001,0.048626,0.048626,false,4619.4,49533,0.0010264,0.0010264
0.001,0.057224,0.057224,false,4490.2,46599,0.00096038,0.00096038
0.001,0.067342,0.067342,false,4328.5,43152,0.00088272,0.00088272
0.001,0.079248,0.079248,false,4120.9,39099,0.00079133,0.00079133
0.001,0.09326,0.09326,false,3840.1,34335,0.00068378,0.00068378
0.001,0.10975,0.10975,false,3633.8,30414,0.0005958,0.0005958
0.001,0.12915,0.12915,false,4291.4,32943,0.00065809,0.00065809
0.001,0.15199,0.15199,false,5008.8,35857,0.00073138,0.00073138
0.001,0.17886,0.17886,false,5735.6,39190,0.00081763,0.00081763
0.001,0.21049,0.21049,false,7395.7,46729,0.0010048,0.0010048
0.001,0.24771,0.24771,false,10642,59206,0.0013209,0.0013209
0.001,0.29151,0.29151,false,15708,77745,0.0017912,0.0017912
0.001,0.34305,0.34305,false,27452,117420,0.0027833,0.0027833
0.001,0.4037,0.4037,false,52630,193380,0.0047291,0.0047291
0.001,0.47508,0.47508,false,104050,321550,0.0085641,0.0085641
0.001,0.55908,0.55908,false,215250,524240,0.017181,0.017181
0.001,0.65793,0.65793,false,417340,743600,0.035588,0.035588
0.001,0.77426,0.77426,false,714410,936590,0.0723,0.0723
0.001,0.91116,0.91116,false,1000800,1060000,0.21456,0.21456
0.001,1.0723,1.0723,false,892780,925350,0.40798,0.40798
0.001,1.2619,1.2619,false,634170,646950,0.65748,0.65748
0.001,1.485,1.485,false,345800,350430,0.90446,0.90446
0.001,1.7475,1.7475,false,232510,235410,0.98919,0.98919
0.001,2.0565,2.0565,false,199310,201410,0.99459,0.99459
0.001,2.4201,2.4201,false,172030,173560,0.99992,0.99992
0.001,2.848,2.848,false,150410,151540,0.99997,0.99997
0.001,3.3516,3.3516,false,131420,132270,1,1
0.001,3.9442,3.9442,false,113990,114630,1,1
0.001,4.6416,4.6416,false,98619,99161,1,1
0.001,5.4623,5.4623,false,85068,85463,1,1
0.001,6.4281,6.4281,false,73733,74014,1,1
0.001,7.5646,7.5646,false,64004,64211,1,1
0.001,8.9022,8.9022,false,55666,55819,1,1
0.001,10.476,10.476,false,48577,48691,1,1
0.001,12.328,12.328,false,42617,42702,1,1
0.001,14.508,14.508,false,37425,37491,1,1
0.001,17.074,17.074,false,32723,32776,1,1
0.001,20.092,20.092,false,28145,28188,1,1
0.001,23.645,23.645,false,23807,23840,1,1
0.001,27.826,27.826,false,20202,20226,1,1
0.001,32.745,32.745,false,17234,17251,1,1
0.001,38.535,38.535,false,15022,15035,1,1
0.001,45.349,45.349,false,13374,13384,1,1
0.001,53.367,53.367,false,11659,11666,1,1
0.001,62.803,62.803,false,10295,10301,1,1
0.001,73.907,73.907,false,9024.5,9029.1,1,1
0.001,86.975,86.975,false,7864.9,7868.4,1,1
0.001,102.35,102.35,false,6689.5,6692.2,1,1
0.001,120.45,120.45,false,5647.2,5649.1,1,1
0.001,141.75,141.75,false,4857.4,4858.9,1,1
0.001,166.81,166.81,false,4081.4,4082.5,1,1
0.001,196.3,196.3,false,3453.7,3454.5,1,1
0.001,231.01,210.79,true,3219.9,3220.6,1,1
0.001,271.86,210.79,true,3219.9,3220.6,1,1
0.001,319.93,210.79,true,3219.9,3220.6,1,1
0.001,376.49,210.79,true,3219.9,3220.6,1,1
0.001,443.06,210.79,true,3219.9,3220.6,1,1
0.001,521.4,210.79,true,3219.9,3220.6,1,1
0.001,613.59,210.79,true,3219.9,3220.6,1,1
0.001,722.08,210.79,true,3219.9,3220.6,1,1
0.001,849.75,210.79,true,3219.9,3220.6,1,1
0.001,1000,210.79,true,3219.9,3220.6,1,1
0.00125,0.0001,0.0001,false,1891.5,262000,0.075013,0.075013
0.00125,0.00011768,0.00011768,false,1966.5,262980,0.07196,0.07196
0.00125,0.00013849,0.00013849,false,2053.4,264130,0.068367,0.068367
0.00125,0.00016298,0.00016298,false,2154,265480,0.064138,0.064138
0.00125,0.00019179,0.00019179,false,2270.7,267070,0.059162,0.059162
0.00125,0.0002257,0.0002257,false,2406,268940,0.053306,0.053306
0.00125,0.00026561,0.00026561,false,2563,271150,0.046415,0.046415
0.00125,0.00031257,0.00031257,false,2745.3,273740,0.038305,0.038305
0.00125,0.00036784,0.00036784,false,2868.4,274450,0.035613,0.035613
0.00125,0.00043288,0.00043288,false,2981.1,274470,0.034823,0.034823
0.00125,0.00050941,0.00050941,false,3112.4,274500,0.033893,0.033893
0.00125,0.00059948,0.00059948,false,3265.4,274530,0.032799,0.032799
0.00125,0.00070548,0.00070548,false,3443.6,274560,0.031512,0.031512
0.00125,0.00083022,0.00083022,false,3651.3,274600,0.029996,0.029996
0.00125,0.00097701,0.00097701,false,3893.4,274640,0.028213,0.028213
0.00125,0.0011498,0.0011498,false,4175.7,274700,0.026115,0.026115
0.00125,0.001353,0.001353,false,4505,274760,0.023645,0.023645
0.00125,0.0015923,0.0015923,false,4889.4,274840,0.020739,0.020739
0.00125,0.0018738,0.0018738,false,5338.4,274930,0.017319,0.017319
0.00125,0.0022051,0.0022051,false,5653,272790,0.016094,0.016094
0.00125,0.002595,0.002595,false,5941.9,269400,0.015726,0.015726
0.00125,0.0030539,0.0030539,false,6281.4,265410,0.015292,0.015292
0.00125,0.0035938,0.0035938,false,6680.2,260710,0.014782,0.014782
0.00125,0.0042292,0.0042292,false,7148.8,255190,0.014182,0.014182
0.00125,0.004977,0.004977,false,7699.3,248680,0.013475,0.013475
0.00125,0.005857,0.005857,false,8346.1,241030,0.012644,0.012644
0.00125,0.0068926,0.0068926,false,9105.7,232030,0.011665,0.011665
0.00125,0.0081113,0.0081113,false,9998,221430,0.010514,0.010514
0.00125,0.0095455,0.0095455,false,11046,208960,0.0091591,0.0091591
0.00125,0.011233,0.011233,false,11966,199450,0.0082156,0.0082156
0.00125,0.013219,0.013219,false,12598,195680,0.008042,0.008042
0.00125,0.015557,0.015557,false,13337,191240,0.0078377,0.0078377
0.00125,0.018307,0.018307,false,14199,186010,0.0075973,0.0075973
0.00125,0.021544,0.021544,false,15204,179850,0.0073145,0.0073145
0.00125,0.025354,0.025354,false,16375,172590,0.0069815,0.0069815
0.00125,0.029836,0.029836,false,17739,164060,0.0065898,0.0065898
0.00125,0.035112,0.035112,false,19326,154000,0.0061287,0.0061287
0.00125,0.04132,0.04132,false,21169,142180,0.0055861,0.0055861
0.00125,0.048626,0.048626,false,22139,137040,0.0053179,0.0053179
0.00125,0.057224,0.057224,false,22469,136850,0.0052504,0.0052504
0.00125,0.067342,0.067342,false,22818,136590,0.005171,0.005171
0.00125,0.079248,0.079248,false,23167,136250,0.0050775,0.0050775
0.00125,0.09326,0.09326,false,23475,135780,0.0049676,0.0049676
0.00125,0.10975,0.10975,false,23641,135200,0.0048382,0.0048382
0.00125,0.12915,0.12915,false,23304,134450,0.0046859,0.0046859
0.00125,0.15199,0.15199,false,25802,144040,0.005024,0.005024
0.00125,0.17886,0.17886,false,32146,162430,0.0058134,0.0058134
0.00125,0.21049,0.21049,false,39233,182650,0.0067425,0.0067425
0.00125,0.24771,0.24771,false,53321,220140,0.0084499,0.0084499
0.00125,0.29151,0.29151,false,80033,281820,0.011473,0.011473
0.00125,0.34305,0.34305,false,124590,370660,0.016261,0.016261
0.00125,0.4037,0.4037,false,207230,505220,0.024915,0.024915
0.00125,0.47508,0.47508,false,304500,627390,0.035636,0.035636
0.00125,0.55908,0.55908,false,407740,712360,0.048706,0.048706
0.00125,0.65793,0.65793,false,599070,834090,0.075705,0.075705
0.00125,0.77426,0.77426,false,865600,962940,0.14426,0.14426
0.00125,0.91116,0.91116,false,931560,975630,0.31047,0.31047
0.00125,1.0723,1.0723,false,798680,826280,0.4829,0.4829
0.00125,1.2619,1.2619,false,569660,582920,0.68618,0.68618
0.00125,1.485,1.485,false,373270,380810,0.85847,0.85847
0.00125,1.7475,1.7475,false,238720,243310,0.97661,0.97661
0.00125,2.0565,2.0565,false,200390,203720,0.98808,0.98808
0.00125,2.4201,2.4201,false,168290,170740,0.99956,0.99956
0.00125,2.848,2.848,false,147730,149600,0.99977,0.99977
0.00125,3.3516,3.3516,false,130250,131630,1,1
0.00125,3.9442,3.9442,false,113720,114740,1,1
0.00125,4.6416,4.6416,false,98469,99209,1,1
0.00125,5.4623,5.4623,false,85272,85819,1,1
0.00125,6.4281,6.4281,false,73871,74290,1,1
0.00125,7.5646,7.5646,false,64120,64469,1,1
0.00125,8.9022,8.9022,false,55489,55738,1,1
0.00125,10.476,10.476,false,48298,48481,1,1
0.00125,12.328,12.328,false,42167,42305,1,1
0.00125,14.508,14.508,false,36854,36957,1,1
0.00125,17.074,17.074,false,32427,32504,1,1
0.00125,20.092,20.092,false,28544,28604,1,1
0.00125,23.645,23.645,false,24866,24915,1,1
0.00125,27.826,27.826,false,21301,21339,1,1
0.00125,32.745,32.745,false,18070,18100,1,1
0.00125,38.535,38.535,false,15390,15413,1,1
0.00125,45.349,45.349,false,13160,13175,1,1
0.00125,53.367,53.367,false,11422,11433,1,1
0.00125,62.803,62.803,false,10075,10083,1,1
0.00125,73.907,73.907,false,8870.9,8877.4,1,1
0.00125,86.975,86.975,false,7884.2,7889.5,1,1
0.00125,102.35,102.35,false,6807.6,6811.6,1,1
0.00125,120.45,120.45,false,5847.5,5850.6,1,1
0.00125,141.75,141.75,false,5079.2,5081.6,1,1
0.00125,166.81,166.81,false,4297.5,4299.2,1,1
0.00125,196.3,196.3,false,3652.7,3653.9,1,1
0.00125,231.01,231.01,false,3120.5,3121.5,1,1
0.00125,271.86,271.86,false,2645.6,2646.3,1,1
0.00125,319.93,294.58,true,2437.4,2438,1,1
0.00125,376.49,294.58,true,2437.4,2438,1,1
0.00125,443.06,294.58,true,2437.4,2438,1,1
0.00125,521.4,294.58,true,2437.4,2438,1,1
0.00125,613.59,294.58,true,2437.4,2438,1,1
0.00125,722.08,294.58,true,2437.4,2438,1,1
0.00125,849.75,294.58,true,2437.4,2438,1,1
0.00125,1000,294.58,true,2437.4,2438,1,1
0.0015,0.0001,0.0001,false,5589.7,463080,0.17588,0.17588
0.0015,0.00011768,0.00011768,false,5751.3,465440,0.17179,0.17179
0.0015,0.00013849,0.00013849,false,5938.5,468220,0.16697,0.16697
0.0015,0.00016298,0.00016298,false,6155.5,471490,0.1613,0.1613
0.0015,0.00019179,0.00019179,false,6406.8,475340,0.15463,0.15463
0.0015,0.0002257,0.0002257,false,6698,479860,0.14677,0.14677
0.0015,0.00026561,0.00026561,false,7035.4,485190,0.13753,0.13753
0.0015,0.00031257,0.00031257,false,7426.5,491460,0.12666,0.12666
0.0015,0.00036784,0.00036784,false,7880.2,498840,0.11386,0.11386
0.0015,0.00043288,0.00043288,false,8406.9,507520,0.098798,0.098798
0.0015,0.00050941,0.00050941,false,8914.9,514230,0.085515,0.085515
0.0015,0.00059948,0.00059948,false,9184.5,511170,0.08373,0.08373
0.0015,0.00070548,0.00070548,false,9500.8,507560,0.08163,0.08163
0.0015,0.00083022,0.00083022,false,9871.7,503320,0.079158,0.079158
0.0015,0.00097701,0.00097701,false,10307,498330,0.07625,0.07625
0.0015,0.0011498,0.0011498,false,10817,492450,0.072827,0.072827
0.0015,0.001353,0.001353,false,11414,485540,0.068799,0.068799
0.0015,0.0015923,0.0015923,false,12115,477400,0.064059,0.064059
0.0015,0.0018738,0.0018738,false,12936,467830,0.05848,0.05848
0.0015,0.0022051,0.0022051,false,13898,456570,0.051916,0.051916
0.0015,0.002595,0.002595,false,15024,443310,0.04419,0.04419
0.0015,0.0030539,0.0030539,false,15847,438060,0.042014,0.042014
0.0015,0.0035938,0.0035938,false,16701,434240,0.041026,0.041026
0.0015,0.0042292,0.0042292,false,17703,429730,0.039864,0.039864
0.0015,0.004977,0.004977,false,18881,424430,0.038496,0.038496
0.0015,0.005857,0.005857,false,20265,418190,0.036886,0.036886
0.0015,0.0068926,0.0068926,false,21889,410840,0.034992,0.034992
0.0015,0.0081113,0.0081113,false,23798,402190,0.032762,0.032762
0.0015,0.0095455,0.0095455,false,26039,392020,0.030139,0.030139
0.0015,0.011233,0.011233,false,28672,380040,0.027051,0.027051
0.0015,0.013219,0.013219,false,31524,368360,0.024239,0.024239
0.0015,0.015557,0.015557,false,34013,362930,0.023804,0.023804
0.0015,0.018307,0.018307,false,36896,356540,0.023291,0.023291
0.0015,0.021544,0.021544,false,40228,349000,0.022689,0.022689
0.0015,0.025354,0.025354,false,44070,340090,0.021979,0.021979
0.0015,0.029836,0.029836,false,48489,329590,0.021144,0.021144
0.0015,0.035112,0.035112,false,53553,317210,0.020162,0.020162
0.0015,0.04132,0.04132,false,59319,302600,0.019006,0.019006
0.0015,0.048626,0.048626,false,64725,291630,0.018102,0.018102
0.0015,0.057224,0.057224,false,67934,295240,0.018258,0.018258
0.0015,0.067342,0.067342,false,71473,299290,0.018442,0.018442
0.0015,0.079248,0.079248,false,75258,303770,0.018658,0.018658
0.0015,0.09326,0.09326,false,79014,308670,0.018913,0.018913
0.0015,0.10975,0.10975,false,81588,313980,0.019213,0.019213
0.0015,0.12915,0.12915,false,89173,333360,0.020395,0.020395
0.0015,0.15199,0.15199,false,104280,362730,0.022311,0.022311
0.0015,0.17886,0.17886,false,121370,394120,0.024565,0.024565
0.0015,0.21049,0.21049,false,140560,427130,0.027218,0.027218
0.0015,0.24771,0.24771,false,181110,489340,0.031518,0.031518
0.0015,0.29151,0.29151,false,230610,554250,0.036791,0.036791
0.0015,0.34305,0.34305,false,286170,613500,0.042996,0.042996
0.0015,0.4037,0.4037,false,368280,693060,0.052896,0.052896
0.0015,0.47508,0.47508,false,455110,753300,0.064766,0.064766
0.0015,0.55908,0.55908,false,597180,832430,0.087223,0.087223
0.0015,0.65793,0.65793,false,765340,900200,0.12574,0.12574
0.0015,0.77426,0.77426,false,921280,968570,0.22151,0.22151
0.0015,0.91116,0.91116,false,871470,921970,0.37648,0.37648
0.0015,1.0723,1.0723,false,715100,746360,0.53558,0.53558
0.0015,1.2619,1.2619,false,533600,552930,0.69837,0.69837
0.0015,1.485,1.485,false,367480,379320,0.85132,0.85132
0.0015,1.7475,1.7475,false,263600,270940,0.93803,0.93803
0.0015,2.0565,2.0565,false,203930,208930,0.97564,0.97564
0.0015,2.4201,2.4201,false,165100,168570,0.99779,0.99779
0.0015,2.848,2.848,false,144790,147430,0.99916,0.99916
0.0015,3.3516,3.3516,false,127020,129000,0.99999,0.99999
0.0015,3.9442,3.9442,false,111750,113260,1,1
0.0015,4.6416,4.6416,false,97966,99085,1,1
0.0015,5.4623,5.4623,false,85519,86338,1,1
0.0015,6.4281,6.4281,false,73345,73936,1,1
0.0015,7.5646,7.5646,false,63248,63680,1,1
0.0015,8.9022,8.9022,false,54899,55225,1,1
0.0015,10.476,10.476,false,47618,47891,1,1
0.0015,12.328,12.328,false,41280,41477,1,1
0.0015,14.508,14.508,false,36180,36329,1,1
0.0015,17.074,17.074,false,31802,31914,1,1
0.0015,20.092,20.092,false,27933,28019,1,1
0.0015,23.645,23.645,false,24659,24725,1,1
0.0015,27.826,27.826,false,21617,21669,1,1
0.0015,32.745,32.745,false,18658,18699,1,1
0.0015,38.535,38.535,false,15952,15984,1,1
0.0015,45.349,45.349,false,13460,13485,1,1
0.0015,53.367,53.367,false,11555,11573,1,1
0.0015,62.803,62.803,false,9930.4,9943.8,1,1
0.0015,73.907,73.907,false,8600.9,8610.1,1,1
0.0015,86.975,86.975,false,7590.1,7597.1,1,1
0.0015,102.35,102.35,false,6810.4,6815.9,1,1
0.0015,120.45,120.45,false,5880.6,5884.8,1,1
0.0015,141.75,141.75,false,5147.1,5150.4,1,1
0.0015,166.81,166.81,false,4473.4,4475.9,1,1
0.0015,196.3,196.3,false,3777.3,3779.1,1,1
0.0015,231.01,231.01,false,3238.8,3240.2,1,1
0.0015,271.86,271.86,false,2742.7,2743.7,1,1
0.0015,319.93,319.93,false,2336.9,2337.7,1,1
0.0015,376.49,376.49,false,2004.5,2005.1,1,1
0.0015,443.06,387.24,true,1932.8,1933.3,1,1
0.0015,521.4,387.24,true,1932.8,1933.3,1,1
0.0015,613.59,387.24,true,1932.8,1933.3,1,1
0.0015,722.08,387.24,true,1932.8,1933.3,1,1
0.0015,849.75,387.24,true,1932.8,1933.3,1,1
0.0015,1000,387.24,true,1932.8,1933.3,1,1
0.002,0.0001,0.0001,false,16989,494260,0.53109,0.53109
0.002,0.00011768,0.00011768,false,18630,531380,0.49675,0.49675
0.002,0.00013849,0.00013849,false,20542,575070,0.45633,0.45633
0.002,0.00016298,0.00016298,false,21720,594660,0.43465,0.43465
0.002,0.00019179,0.00019179,false,22459,598440,0.42482,0.42482
0.002,0.0002257,0.0002257,false,23321,602880,0.41325,0.41325
0.002,0.00026561,0.00026561,false,24329,608110,0.39964,0.39964
0.002,0.00031257,0.00031257,false,25508,614270,0.38362,0.38362
0.002,0.00036784,0.00036784,false,26885,621520,0.36476,0.36476
0.002,0.00043288,0.00043288,false,28496,630050,0.34257,0.34257
0.002,0.00050941,0.00050941,false,30380,640090,0.31646,0.31646
0.002,0.00059948,0.00059948,false,32585,651910,0.28573,0.28573
0.002,0.00070548,0.00070548,false,34750,662710,0.25782,0.25782
0.002,0.00083022,0.00083022,false,35908,665050,0.25237,0.25237
0.002,0.00097701,0.00097701,false,37262,667800,0.24596,0.24596
0.002,0.0011498,0.0011498,false,38847,671040,0.23842,0.23842
0.002,0.001353,0.001353,false,40702,674850,0.22954,0.22954
0.002,0.0015923,0.0015923,false,42870,679330,0.21909,0.21909
0.002,0.0018738,0.0018738,false,45406,684610,0.20679,0.20679
0.002,0.0022051,0.0022051,false,48371,690830,0.19232,0.19232
0.002,0.002595,0.002595,false,51838,698160,0.17529,0.17529
0.002,0.0030539,0.0030539,false,55892,706800,0.15525,0.15525
0.002,0.0035938,0.0035938,false,58959,706330,0.14617,0.14617
0.002,0.0042292,0.0042292,false,61699,700350,0.14288,0.14288
0.002,0.004977,0.004977,false,64908,693300,0.13901,0.13901
0.002,0.005857,0.005857,false,68664,685000,0.13446,0.13446
0.002,0.0068926,0.0068926,false,73058,675230,0.12911,0.12911
0.002,0.0081113,0.0081113,false,78197,663720,0.12281,0.12281
0.002,0.0095455,0.0095455,false,84203,650180,0.11539,0.11539
0.002,0.011233,0.011233,false,91220,634240,0.10666,0.10666
0.002,0.013219,0.013219,false,99413,615500,0.09639,0.09639
0.002,0.015557,0.015557,false,107080,607560,0.092032,0.092032
0.002,0.018307,0.018307,false,115030,604410,0.090327,0.090327
0.002,0.021544,0.021544,false,124080,600660,0.08832,0.08832
0.002,0.025354,0.025354,false,134290,596150,0.085958,0.085958
0.002,0.029836,0.029836,false,145710,590760,0.083179,0.083179
0.002,0.035112,0.035112,false,158300,584310,0.079909,0.079909
0.002,0.04132,0.04132,false,171790,576610,0.07606,0.07606
0.002,0.048626,0.048626,false,185040,568020,0.071671,0.071671
0.002,0.057224,0.057224,false,200820,580780,0.071589,0.071589
0.002,0.067342,0.067342,false,218390,595300,0.071493,0.071493
0.002,0.079248,0.079248,false,237650,611680,0.07138,0.07138
0.002,0.09326,0.09326,false,258160,630190,0.071247,0.071247
0.002,0.10975,0.10975,false,278520,650970,0.07109,0.07109
0.002,0.12915,0.12915,false,292570,673960,0.070906,0.070906
0.002,0.15199,0.15199,false,324000,701600,0.073376,0.073376
0.002,0.17886,0.17886,false,359640,730510,0.076299,0.076299
0.002,0.21049,0.21049,false,399560,760200,0.079739,0.079739
0.002,0.24771,0.24771,false,443820,790010,0.083786,0.083786
0.002,0.29151,0.29151,false,499280,824060,0.090618,0.090618
0.002,0.34305,0.34305,false,564610,857650,0.1011,0.1011
0.002,0.4037,0.4037,false,629160,882020,0.11344,0.11344
0.002,0.47508,0.47508,false,715900,911990,0.13471,0.13471
0.002,0.55908,0.55908,false,807000,937010,0.1707,0.1707
0.002,0.65793,0.65793,false,869030,955360,0.23544,0.23544
0.002,0.77426,0.77426,false,831120,925220,0.33995,0.33995
0.002,0.91116,0.91116,false,724130,806040,0.46636,0.46636
0.002,1.0723,1.0723,false,586990,638470,0.6048,0.6048
0.002,1.2619,1.2619,false,463300,498970,0.72466,0.72466
0.002,1.485,1.485,false,343260,364600,0.85182,0.85182
0.002,1.7475,1.7475,false,268730,283250,0.90009,0.90009
0.002,2.0565,2.0565,false,201510,211020,0.9569,0.9569
0.002,2.4201,2.4201,false,158270,164520,0.99385,0.99385
0.002,2.848,2.848,false,138410,143140,0.99645,0.99645
0.002,3.3516,3.3516,false,120990,124460,0.99951,0.99951
0.002,3.9442,3.9442,false,106440,109030,0.99999,0.99999
0.002,4.6416,4.6416,false,94030,96002,1,1
0.002,5.4623,5.4623,false,82278,83736,1,1
0.002,6.4281,6.4281,false,72262,73350,1,1
0.002,7.5646,7.5646,false,63003,63824,1,1
0.002,8.9022,8.9022,false,54814,55412,1,1
0.002,10.476,10.476,false,46929,47362,1,1
0.002,12.328,12.328,false,40345,40660,1,1
0.002,14.508,14.508,false,34662,34892,1,1
0.002,17.074,17.074,false,30184,30365,1,1
0.002,20.092,20.092,false,26359,26506,1,1
0.002,23.645,23.645,false,23229,23341,1,1
0.002,27.826,27.826,false,20595,20682,1,1
0.002,32.745,32.745,false,18193,18259,1,1
0.002,38.535,38.535,false,16101,16152,1,1
0.002,45.349,45.349,false,14008,14048,1,1
0.002,53.367,53.367,false,12067,12098,1,1
0.002,62.803,62.803,false,10259,10283,1,1
0.002,73.907,73.907,false,8718.7,8737,1,1
0.002,86.975,86.975,false,7524.2,7537.8,1,1
0.002,102.35,102.35,false,6501.5,6511.7,1,1
0.002,120.45,120.45,false,5520.2,5526.9,1,1
0.002,141.75,141.75,false,4985.9,4991.1,1,1
0.002,166.81,166.81,false,4421,4425.1,1,1
0.002,196.3,196.3,false,3854.6,3857.8,1,1
0.002,231.01,231.01,false,3331.2,3333.6,1,1
0.002,271.86,271.86,false,2859.8,2861.6,1,1
0.002,319.93,319.93,false,2471.9,2473.3,1,1
0.002,376.49,376.49,false,2098,2099,1,1
0.002,443.06,443.06,false,1789.1,1789.9,1,1
0.002,521.4,521.4,false,1510.8,1511.3,1,1
0.002,613.59,596.2,true,1337.3,1337.7,1,1
0.002,722.08,596.2,true,1337.3,1337.7,1,1
0.002,849.75,596.2,true,1337.3,1337.7,1,1
0.002,1000,596.2,true,1337.3,1337.7,1,1
0.0025,0.0001,0.0001,false,23743,255170,0.76912,0.76912
0.0025,0.00011768,0.00011768,false,27009,282310,0.7406,0.7406
0.0025,0.00013849,0.00013849,false,29433,300980,0.72252,0.72252
0.0025,0.00016298,0.00016298,false,31601,316870,0.70834,0.70834
0.0025,0.00019179,0.00019179,false,34106,335570,0.69164,0.69164
0.0025,0.0002257,0.0002257,false,37012,357570,0.67199,0.67199
0.0025,0.00026561,0.00026561,false,40392,383470,0.64887,0.64887
0.0025,0.00031257,0.00031257,false,44333,413950,0.62166,0.62166
0.0025,0.00036784,0.00036784,false,48934,449830,0.58963,0.58963
0.0025,0.00043288,0.00043288,false,54316,492050,0.55195,0.55195
0.0025,0.00050941,0.00050941,false,57733,512670,0.53197,0.53197
0.0025,0.00059948,0.00059948,false,60337,522880,0.52024,0.52024
0.0025,0.00070548,0.00070548,false,63377,534890,0.50644,0.50644
0.0025,0.00083022,0.00083022,false,66926,549020,0.4902,0.4902
0.0025,0.00097701,0.00097701,false,71069,565660,0.47108,0.47108
0.0025,0.0011498,0.0011498,false,75910,585250,0.44859,0.44859
0.0025,0.001353,0.001353,false,81566,608300,0.42212,0.42212
0.0025,0.0015923,0.0015923,false,88178,635450,0.39097,0.39097
0.0025,0.0018738,0.0018738,false,95914,667420,0.35431,0.35431
0.0025,0.0022051,0.0022051,false,99514,670700,0.34536,0.34536
0.0025,0.002595,0.002595,false,103340,672110,0.33725,0.33725
0.0025,0.0030539,0.0030539,false,107830,673780,0.32771,0.32771
0.0025,0.0035938,0.0035938,false,113070,675740,0.31648,0.31648
0.0025,0.0042292,0.0042292,false,119200,678050,0.30326,0.30326
0.0025,0.004977,0.004977,false,126370,680770,0.2877,0.2877
0.0025,0.005857,0.005857,false,134740,684000,0.2694,0.2694
0.0025,0.0068926,0.0068926,false,144520,687810,0.24786,0.24786
0.0025,0.0081113,0.0081113,false,155770,692200,0.22314,0.22314
0.0025,0.0095455,0.0095455,false,163060,691260,0.21893,0.21893
0.0025,0.011233,0.011233,false,171360,690130,0.21397,0.21397
0.0025,0.013219,0.013219,false,180800,688770,0.20814,0.20814
0.0025,0.015557,0.015557,false,191450,687120,0.20127,0.20127
0.0025,0.018307,0.018307,false,203390,685170,0.19319,0.19319
0.0025,0.021544,0.021544,false,216660,682830,0.18368,0.18368
0.0025,0.025354,0.025354,false,231150,680040,0.17249,0.17249
0.0025,0.029836,0.029836,false,246430,676760,0.15933,0.15933
0.0025,0.035112,0.035112,false,262880,682130,0.15381,0.15381
0.0025,0.04132,0.04132,false,281320,692090,0.15151,0.15151
0.0025,0.048626,0.048626,false,301430,703560,0.14881,0.14881
0.0025,0.057224,0.057224,false,323040,716780,0.14564,0.14564
0.0025,0.067342,0.067342,false,345660,731900,0.1419,0.1419
0.0025,0.079248,0.079248,false,368100,749260,0.1375,0.1375
0.0025,0.09326,0.09326,false,386320,769070,0.13233,0.13233
0.0025,0.10975,0.10975,false,409780,789660,0.13123,0.13123
0.0025,0.12915,0.12915,false,442800,811410,0.1324,0.1324
0.0025,0.15199,0.15199,false,478730,835230,0.13378,0.13378
0.0025,0.17886,0.17886,false,517420,861010,0.13541,0.13541
0.0025,0.21049,0.21049,false,558610,888410,0.13732,0.13732
0.0025,0.24771,0.24771,false,599360,912770,0.14201,0.14201
0.0025,0.29151,0.29151,false,634670,926500,0.1525,0.1525
0.0025,0.34305,0.34305,false,666570,934480,0.16485,0.16485
0.0025,0.4037,0.4037,false,692470,933690,0.17939,0.17939
0.0025,0.47508,0.47508,false,731100,945600,0.21253,0.21253
0.0025,0.55908,0.55908,false,740330,932130,0.2554,0.2554
0.0025,0.65793,0.65793,false,724040,912320,0.32796,0.32796
0.0025,0.77426,0.77426,false,663790,838160,0.42396,0.42396
0.0025,0.91116,0.91116,false,576940,695790,0.53434,0.53434
0.0025,1.0723,1.0723,false,489900,574860,0.64366,0.64366
0.0025,1.2619,1.2619,false,397430,450860,0.75206,0.75206
0.0025,1.485,1.485,false,312430,348680,0.83058,0.83058
0.0025,1.7475,1.7475,false,232990,255210,0.92299,0.92299
0.0025,2.0565,2.0565,false,190360,205650,0.95665,0.95665
0.0025,2.4201,2.4201,false,159670,170450,0.97128,0.97128
0.0025,2.848,2.848,false,132750,139940,0.98849,0.98849
0.0025,3.3516,3.3516,false,113780,118940,0.99971,0.99971
0.0025,3.9442,3.9442,false,100950,104970,0.99983,0.99983
0.0025,4.6416,4.6416,false,89607,92634,0.99997,0.99997
0.0025,5.4623,5.4623,false,78886,81135,1,1
0.0025,6.4281,6.4281,false,69575,71269,1,1
0.0025,7.5646,7.5646,false,60755,62001,1,1
0.0025,8.9022,8.9022,false,53190,54102,1,1
0.0025,10.476,10.476,false,46363,47045,1,1
0.0025,12.328,12.328,false,40341,40853,1,1
0.0025,14.508,14.508,false,34496,34866,1,1
0.0025,17.074,17.074,false,29428,29695,1,1
0.0025,20.092,20.092,false,25445,25641,1,1
0.0025,23.645,23.645,false,21988,22132,1,1
0.0025,27.826,27.826,false,19358,19476,1,1
0.0025,32.745,32.745,false,17231,17328,1,1
0.0025,38.535,38.535,false,15348,15424,1,1
0.0025,45.349,45.349,false,13658,13717,1,1
0.0025,53.367,53.367,false,12093,12139,1,1
0.0025,62.803,62.803,false,10532,10567,1,1
0.0025,73.907,73.907,false,9076.1,9103.9,1,1
0.0025,86.975,86.975,false,7749.6,7771,1,1
0.0025,102.35,102.35,false,6574.1,6590.3,1,1
0.0025,120.45,120.45,false,5661.8,5673.7,1,1
0.0025,141.75,141.75,false,4918.3,4927.1,1,1
0.0025,166.81,166.81,false,4266.6,4273.2,1,1
0.0025,196.3,196.3,false,3685,3689.4,1,1
0.0025,231.01,231.01,false,3318.2,3321.8,1,1
0.0025,271.86,271.86,false,2852.1,2854.8,1,1
0.0025,319.93,319.93,false,2487.9,2489.9,1,1
0.0025,376.49,376.49,false,2151.1,2152.7,1,1
0.0025,443.06,443.06,false,1833.4,1834.6,1,1
0.0025,521.4,521.4,false,1562.8,1563.7,1,1
0.0025,613.59,613.59,false,1337.2,1337.8,1,1
0.0025,722.08,722.08,false,1149.7,1150.1,1,1
0.0025,849.75,833.21,true,996,996.36,1,1
0.0025,1000,833.21,true,996,996.36,1,1
0.003,0.0001,0.0001,false,20965,120800,0.89058,0.89058
0.003,0.00011768,0.00011768,false,24145,135910,0.87572,0.87572
0.003,0.00013849,0.00013849,false,27860,153620,0.85831,0.85831
0.003,0.00016298,0.00016298,false,30635,165940,0.84748,0.84748
0.003,0.00019179,0.00019179,false,33848,180440,0.83473,0.83473
0.003,0.0002257,0.0002257,false,37586,197500,0.81973,0.81973
0.003,0.00026561,0.00026561,false,41945,217580,0.80208,0.80208
0.003,0.00031257,0.00031257,false,47042,241210,0.7813,0.7813
0.003,0.00036784,0.00036784,false,53010,269010,0.75686,0.75686
0.003,0.00043288,0.00043288,false,60007,301740,0.72809,0.72809
0.003,0.00050941,0.00050941,false,64374,318040,0.71221,0.71221
0.003,0.00059948,0.00059948,false,68489,331450,0.6982,0.6982
0.003,0.00070548,0.00070548,false,73302,347220,0.68171,0.68171
0.003,0.00083022,0.00083022,false,78936,365790,0.66231,0.66231
0.003,0.00097701,0.00097701,false,85535,387630,0.63947,0.63947
0.003,0.0011498,0.0011498,false,93267,413360,0.6126,0.6126
0.003,0.001353,0.001353,false,102330,443630,0.58098,0.58098
0.003,0.0015923,0.0015923,false,112970,479280,0.54377,0.54377
0.003,0.0018738,0.0018738,false,118120,489620,0.52984,0.52984
0.003,0.0022051,0.0022051,false,123020,496880,0.51809,0.51809
0.003,0.002595,0.002595,false,128770,505420,0.50426,0.50426
0.003,0.0030539,0.0030539,false,135490,515470,0.48798,0.48798
0.003,0.0035938,0.0035938,false,143360,527300,0.46882,0.46882
0.003,0.0042292,0.0042292,false,152580,541240,0.44628,0.44628
0.003,0.004977,0.004977,false,163370,557680,0.41975,0.41975
0.003,0.005857,0.005857,false,176000,577070,0.38853,0.38853
0.003,0.0068926,0.0068926,false,187110,591720,0.36487,0.36487
0.003,0.0081113,0.0081113,false,194280,596170,0.35742,0.35742
0.003,0.0095455,0.0095455,false,202440,601380,0.34866,0.34866
0.003,0.011233,0.011233,false,211690,607510,0.33834,0.33834
0.003,0.013219,0.013219,false,222150,614690,0.3262,0.3262
0.003,0.015557,0.015557,false,233900,623170,0.31191,0.31191
0.003,0.018307,0.018307,false,247010,633150,0.29509,0.29509
0.003,0.021544,0.021544,false,261440,644940,0.2753,0.2753
0.003,0.025354,0.025354,false,276630,658580,0.25292,0.25292
0.003,0.029836,0.029836,false,289380,667360,0.24884,0.24884
0.003,0.035112,0.035112,false,303270,677530,0.24404,0.24404
0.003,0.04132,0.04132,false,318280,689310,0.23839,0.23839
0.003,0.048626,0.048626,false,334350,703020,0.23175,0.23175
0.003,0.057224,0.057224,false,351250,718850,0.22393,0.22393
0.003,0.067342,0.067342,false,368500,737340,0.21473,0.21473
0.003,0.079248,0.079248,false,384540,758940,0.20389,0.20389
0.003,0.09326,0.09326,false,401790,777990,0.19889,0.19889
0.003,0.10975,0.10975,false,423310,795140,0.19865,0.19865
0.003,0.12915,0.12915,false,446080,814320,0.19837,0.19837
0.003,0.15199,0.15199,false,469990,835430,0.19803,0.19803
0.003,0.17886,0.17886,false,494980,858660,0.19764,0.19764
0.003,0.21049,0.21049,false,520910,883710,0.19718,0.19718
0.003,0.24771,0.24771,false,540030,897330,0.20546,0.20546
0.003,0.29151,0.29151,false,555400,905210,0.21723,0.21723
0.003,0.34305,0.34305,false,567390,907550,0.23109,0.23109
0.003,0.4037,0.4037,false,574900,902250,0.24759,0.24759
0.003,0.47508,0.47508,false,580990,900390,0.28753,0.28753
0.003,0.55908,0.55908,false,571280,872420,0.33454,0.33454
0.003,0.65793,0.65793,false,551340,835710,0.40368,0.40368
0.003,0.77426,0.77426,false,510420,729890,0.49076,0.49076
0.003,0.91116,0.91116,false,459750,614810,0.58772,0.58772
0.003,1.0723,1.0723,false,399510,509830,0.67682,0.67682
0.003,1.2619,1.2619,false,334140,408140,0.77234,0.77234
0.003,1.485,1.485,false,274770,324050,0.8504,0.8504
0.003,1.7475,1.7475,false,223280,257530,0.8947,0.8947
0.003,2.0565,2.0565,false,175480,197490,0.94683,0.94683
0.003,2.4201,2.4201,false,140820,154920,0.98739,0.98739
0.003,2.848,2.848,false,123770,134410,0.99059,0.99059
0.003,3.3516,3.3516,false,108390,116090,0.99435,0.99435
0.003,3.9442,3.9442,false,95163,100520,0.99877,0.99877
0.003,4.6416,4.6416,false,84686,88800,0.99999,0.99999
0.003,5.4623,5.4623,false,75264,78460,1,1
0.003,6.4281,6.4281,false,66728,69131,1,1
0.003,7.5646,7.5646,false,58605,60387,1,1
0.003,8.9022,8.9022,false,51615,52948,1,1
0.003,10.476,10.476,false,44801,45763,1,1
0.003,12.328,12.328,false,39228,39927,1,1
0.003,14.508,14.508,false,34080,34601,1,1
0.003,17.074,17.074,false,29534,29932,1,1
0.003,20.092,20.092,false,25249,25537,1,1
0.003,23.645,23.645,false,21650,21860,1,1
0.003,27.826,27.826,false,18568,18719,1,1
0.003,32.745,32.745,false,16085,16197,1,1
0.003,38.535,38.535,false,14344,14433,1,1
0.003,45.349,45.349,false,12929,13008,1,1
0.003,53.367,53.367,false,11591,11653,1,1
0.003,62.803,62.803,false,10305,10353,1,1
0.003,73.907,73.907,false,9102,9139.8,1,1
0.003,86.975,86.975,false,7909.1,7938.6,1,1
0.003,102.35,102.35,false,6799.8,6822.6,1,1
0.003,120.45,120.45,false,5792.4,5809.9,1,1
0.003,141.75,141.75,false,4940.6,4953.5,1,1
0.003,166.81,166.81,false,4276.3,4285.9,1,1
0.003,196.3,196.3,false,3705.2,3712.3,1,1
0.003,231.01,231.01,false,3230.3,3235.5,1,1
0.003,271.86,271.86,false,2783.8,2787.4,1,1
0.003,319.93,319.93,false,2480.3,2483.2,1,1
0.003,376.49,376.49,false,2173.1,2175.3,1,1
0.003,443.06,443.06,false,1882.3,1884,1,1
0.003,521.4,521.4,false,1613.5,1614.8,1,1
0.003,613.59,613.59,false,1365.4,1366.3,1,1
0.003,722.08,722.08,false,1158.9,1159.6,1,1
0.003,849.75,849.75,false,988.04,988.53,1,1
0.003,1000,1000,false,847.01,847.37,1,1
0.0035,0.0001,0.0001,false,13258,58406,0.94159,0.94159
0.0035,0.00011768,0.00011768,false,15322,66074,0.93369,0.93369
0.0035,0.00013849,0.00013849,false,17742,75098,0.92439,0.92439
0.0035,0.00016298,0.00016298,false,20582,85719,0.91345,0.91345
0.0035,0.00019179,0.00019179,false,22990,94390,0.90521,0.90521
0.0035,0.0002257,0.0002257,false,25765,104450,0.89569,0.89569
0.0035,0.00026561,0.00026561,false,29010,116300,0.88449,0.88449
0.0035,0.00031257,0.00031257,false,32812,130230,0.8713,0.8713
0.0035,0.00036784,0.00036784,false,37272,146640,0.85579,0.85579
0.0035,0.00043288,0.00043288,false,42509,165940,0.83753,0.83753
0.0035,0.00050941,0.00050941,false,48142,186320,0.81802,0.81802
0.0035,0.00059948,0.00059948,false,51963,197670,0.80572,0.80572
0.0035,0.00070548,0.00070548,false,56449,211030,0.79126,0.79126
0.0035,0.00083022,0.00083022,false,61715,226760,0.77423,0.77423
0.0035,0.00097701,0.00097701,false,67900,245260,0.75419,0.75419
0.0035,0.0011498,0.0011498,false,75167,267040,0.73062,0.73062
0.0035,0.001353,0.001353,false,83707,292680,0.70287,0.70287
0.0035,0.0015923,0.0015923,false,93745,322860,0.67022,0.67022
0.0035,0.0018738,0.0018738,false,100100,338900,0.6516,0.6516
0.0035,0.0022051,0.0022051,false,104950,348440,0.63917,0.63917
0.0035,0.002595,0.002595,false,110640,359680,0.62454,0.62454
0.0035,0.0030539,0.0030539,false,117310,372900,0.60733,0.60733
0.0035,0.0035938,0.0035938,false,125140,388470,0.58707,0.58707
0.0035,0.0042292,0.0042292,false,134330,406800,0.56323,0.56323
0.0035,0.004977,0.004977,false,145100,428410,0.53518,0.53518
0.0035,0.005857,0.005857,false,157740,453850,0.50216,0.50216
0.0035,0.0068926,0.0068926,false,164620,464740,0.48852,0.48852
0.0035,0.0081113,0.0081113,false,170830,473310,0.47804,0.47804
0.0035,0.0095455,0.0095455,false,177960,483400,0.46571,0.46571
0.0035,0.011233,0.011233,false,186140,495250,0.4512,0.4512
0.0035,0.013219,0.013219,false,195500,509210,0.43412,0.43412
0.0035,0.015557,0.015557,false,206190,525660,0.41402,0.41402
0.0035,0.018307,0.018307,false,218340,545060,0.39037,0.39037
0.0035,0.021544,0.021544,false,231990,567960,0.36254,0.36254
0.0035,0.025354,0.025354,false,242180,583270,0.34754,0.34754
0.0035,0.029836,0.029836,false,250550,593790,0.34103,0.34103
0.0035,0.035112,0.035112,false,259790,606080,0.33337,0.33337
0.0035,0.04132,0.04132,false,269960,620380,0.32435,0.32435
0.0035,0.048626,0.048626,false,281120,637160,0.31374,0.31374
0.0035,0.057224,0.057224,false,293330,656860,0.30125,0.30125
0.0035,0.067342,0.067342,false,306540,679940,0.28655,0.28655
0.0035,0.079248,0.079248,false,320250,706140,0.27031,0.27031
0.0035,0.09326,0.09326,false,331360,720000,0.26898,0.26898
0.0035,0.10975,0.10975,false,343190,735630,0.26741,0.26741
0.0035,0.12915,0.12915,false,355770,753160,0.26557,0.26557
0.0035,0.15199,0.15199,false,369160,772770,0.2634,0.2634
0.0035,0.17886,0.17886,false,383470,794570,0.26085,0.26085
0.0035,0.21049,0.21049,false,398350,817650,0.25863,0.25863
0.0035,0.24771,0.24771,false,406140,824920,0.26944,0.26944
0.0035,0.29151,0.29151,false,412990,829370,0.28217,0.28217
0.0035,0.34305,0.34305,false,418450,829110,0.29714,0.29714
0.0035,0.4037,0.4037,false,422020,821970,0.31575,0.31575
0.0035,0.47508,0.47508,false,423300,811720,0.35667,0.35667
0.0035,0.55908,0.55908,false,418260,780770,0.40484,0.40484
0.0035,0.65793,0.65793,false,408070,738070,0.46706,0.46706
0.0035,0.77426,0.77426,false,388110,634810,0.54531,0.54531
0.0035,0.91116,0.91116,false,359800,541380,0.62794,0.62794
0.0035,1.0723,1.0723,false,323800,453450,0.71487,0.71487
0.0035,1.2619,1.2619,false,278010,370370,0.78262,0.78262
0.0035,1.485,1.485,false,231490,292740,0.86234,0.86234
0.0035,1.7475,1.7475,false,194090,236340,0.91546,0.91546
0.0035,2.0565,2.0565,false,164410,194660,0.93827,0.93827
0.0035,2.4201,2.4201,false,136820,157180,0.96511,0.96511
0.0035,2.848,2.848,false,112460,125580,0.99669,0.99669
0.0035,3.3516,3.3516,false,100400,110560,0.99785,0.99785
0.0035,3.9442,3.9442,false,89450,97129,0.99855,0.99855
0.0035,4.6416,4.6416,false,79682,85222,0.99937,0.99937
0.0035,5.4623,5.4623,false,71262,75258,1,1
0.0035,6.4281,6.4281,false,63486,66623,1,1
0.0035,7.5646,7.5646,false,56413,58821,1,1
0.0035,8.9022,8.9022,false,49560,51330,1,1
0.0035,10.476,10.476,false,43521,44822,1,1
0.0035,12.328,12.328,false,37902,38845,1,1
0.0035,14.508,14.508,false,33056,33746,1,1
0.0035,17.074,17.074,false,28794,29299,1,1
0.0035,20.092,20.092,false,25100,25480,1,1
0.0035,23.645,23.645,false,21547,21837,1,1
0.0035,27.826,27.826,false,18438,18648,1,1
0.0035,32.745,32.745,false,15829,15982,1,1
0.0035,38.535,38.535,false,13574,13684,1,1
0.0035,45.349,45.349,false,11920,12002,1,1
0.0035,53.367,53.367,false,10892,10961,1,1
0.0035,62.803,62.803,false,9862.9,9925.1,1,1
0.0035,73.907,73.907,false,8824.7,8873.5,1,1
0.0035,86.975,86.975,false,7871.3,7909.4,1,1
0.0035,102.35,102.35,false,6876.3,6906.2,1,1
0.0035,120.45,120.45,false,5926.5,5949.5,1,1
0.0035,141.75,141.75,false,5082,5099.7,1,1
0.0035,166.81,166.81,false,4312,4325.3,1,1
0.0035,196.3,196.3,false,3719.6,3729.4,1,1
0.0035,231.01,231.01,false,3222.1,3229.3,1,1
0.0035,271.86,271.86,false,2806,2811.4,1,1
0.0035,319.93,319.93,false,2450.6,2454.5,1,1
0.0035,376.49,376.49,false,2092.9,2095.6,1,1
0.0035,443.06,443.06,false,1859.3,1861.5,1,1
0.0035,521.4,521.4,false,1627.9,1629.6,1,1
0.0035,613.59,613.59,false,1409.4,1410.7,1,1
0.0035,722.08,722.08,false,1199.6,1200.6,1,1
0.0035,849.75,849.75,false,1018.2,1018.9,1,1
0.0035,1000,1000,false,866.91,867.41,1,1
0.004,0.0001,0.0001,false,6855,28864,0.96454,0.96454
0.004,0.00011768,0.00011768,false,7934.3,33225,0.95994,0.95994
0.004,0.00013849,0.00013849,false,9198.5,38359,0.95452,0.95452
0.004,0.00016298,0.00016298,false,10682,44399,0.94814,0.94814
0.004,0.00019179,0.00019179,false,12425,51508,0.94064,0.94064
0.004,0.0002257,0.0002257,false,14016,57419,0.93438,0.93438
0.004,0.00026561,0.00026561,false,15835,64127,0.92727,0.92727
0.004,0.00031257,0.00031257,false,17971,72024,0.9189,0.9189
0.004,0.00036784,0.00036784,false,20480,81315,0.90905,0.90905
0.004,0.00043288,0.00043288,false,23428,92251,0.89746,0.89746
0.004,0.00050941,0.00050941,false,26895,105120,0.88382,0.88382
0.004,0.00059948,0.00059948,false,30404,117620,0.87031,0.87031
0.004,0.00070548,0.00070548,false,33251,126380,0.86014,0.86014
0.004,0.00083022,0.00083022,false,36598,136670,0.84817,0.84817
0.004,0.00097701,0.00097701,false,40535,148790,0.83409,0.83409
0.004,0.0011498,0.0011498,false,45165,163060,0.81752,0.81752
0.004,0.001353,0.001353,false,50612,179850,0.79801,0.79801
0.004,0.0015923,0.0015923,false,57020,199600,0.77506,0.77506
0.004,0.0018738,0.0018738,false,63151,217900,0.75357,0.75357
0.004,0.0022051,0.0022051,false,67030,227640,0.74139,0.74139
0.004,0.002595,0.002595,false,71589,239110,0.72705,0.72705
0.004,0.0030539,0.0030539,false,76947,252620,0.71018,0.71018
0.004,0.0035938,0.0035938,false,83243,268510,0.69032,0.69032
0.004,0.0042292,0.0042292,false,90640,287220,0.66695,0.66695
0.004,0.004977,0.004977,false,99331,309260,0.63945,0.63945
0.004,0.005857,0.005857,false,109540,335200,0.60709,0.60709
0.004,0.0068926,0.0068926,false,115500,349140,0.59043,0.59043
0.004,0.0081113,0.0081113,false,120280,359530,0.57856,0.57856
0.004,0.0095455,0.0095455,false,125830,371730,0.56459,0.56459
0.004,0.011233,0.011233,false,132290,386110,0.54815,0.54815
0.004,0.013219,0.013219,false,139800,403030,0.5288,0.5288
0.004,0.015557,0.015557,false,148500,422950,0.50603,0.50603
0.004,0.018307,0.018307,false,158580,446450,0.47923,0.47923
0.004,0.021544,0.021544,false,170150,474180,0.4477,0.4477
0.004,0.025354,0.025354,false,176550,488230,0.43493,0.43493
0.004,0.029836,0.029836,false,182020,499560,0.42657,0.42657
0.004,0.035112,0.035112,false,188230,512880,0.41674,0.41674
0.004,0.04132,0.04132,false,195270,528460,0.40516,0.40516
0.004,0.048626,0.048626,false,203300,546800,0.39154,0.39154
0.004,0.057224,0.057224,false,212450,568310,0.37551,0.37551
0.004,0.067342,0.067342,false,222910,593690,0.35664,0.35664
0.004,0.079248,0.079248,false,233260,618710,0.33957,0.33957
0.004,0.09326,0.09326,false,239430,631030,0.3373,0.3373
0.004,0.10975,0.10975,false,246210,645060,0.33463,0.33463
0.004,0.12915,0.12915,false,253690,660890,0.33149,0.33149
0.004,0.15199,0.15199,false,261990,678800,0.32779,0.32779
0.004,0.17886,0.17886,false,271220,698880,0.32344,0.32344
0.004,0.21049,0.21049,false,280740,718900,0.32041,0.32041
0.004,0.24771,0.24771,false,285500,723270,0.33175,0.33175
0.004,0.29151,0.29151,false,290150,725060,0.3451,0.3451
0.004,0.34305,0.34305,false,294480,722610,0.36081,0.36081
0.004,0.4037,0.4037,false,298260,714440,0.37929,0.37929
0.004,0.47508,0.47508,false,300740,701310,0.41914,0.41914
0.004,0.55908,0.55908,false,300690,673200,0.46621,0.46621
0.004,0.65793,0.65793,false,296780,616500,0.52239,0.52239
0.004,0.77426,0.77426,false,288490,538390,0.59053,0.59053
0.004,0.91116,0.91116,false,274670,463430,0.66617,0.66617
0.004,1.0723,1.0723,false,253140,393810,0.74128,0.74128
0.004,1.2619,1.2619,false,225740,328250,0.80531,0.80531
0.004,1.485,1.485,false,194710,267480,0.85882,0.85882
0.004,1.7475,1.7475,false,163650,212210,0.92179,0.92179
0.004,2.0565,2.0565,false,141080,175620,0.95605,0.95605
0.004,2.4201,2.4201,false,124070,149570,0.96714,0.96714
0.004,2.848,2.848,false,108210,126300,0.9802,0.9802
0.004,3.3516,3.3516,false,94096,106650,0.99557,0.99557
0.004,3.9442,3.9442,false,83947,93484,0.9996,0.9996
0.004,4.6416,4.6416,false,75228,82580,0.99972,0.99972
0.004,5.4623,5.4623,false,67270,72693,0.99986,0.99986
0.004,6.4281,6.4281,false,60315,64169,1,1
0.004,7.5646,7.5646,false,53714,56666,1,1
0.004,8.9022,8.9022,false,47836,50134,1,1
0.004,10.476,10.476,false,42052,43745,1,1
0.004,12.328,12.328,false,36759,37977,1,1
0.004,14.508,14.508,false,32105,32988,1,1
0.004,17.074,17.074,false,27939,28581,1,1
0.004,20.092,20.092,false,24392,24870,1,1
0.004,23.645,23.645,false,21241,21603,1,1
0.004,27.826,27.826,false,18321,18601,1,1
0.004,32.745,32.745,false,15648,15854,1,1
0.004,38.535,38.535,false,13397,13545,1,1
0.004,45.349,45.349,false,11515,11622,1,1
0.004,53.367,53.367,false,9963.5,10041,1,1
0.004,62.803,62.803,false,9078.3,9137.8,1,1
0.004,73.907,73.907,false,8402.6,8460.2,1,1
0.004,86.975,86.975,false,7578,7625.2,1,1
0.004,102.35,102.35,false,6789,6826.1,1,1
0.004,120.45,120.45,false,5936.7,5965.5,1,1
0.004,141.75,141.75,false,5151.5,5173.9,1,1
0.004,166.81,166.81,false,4420.7,4437.9,1,1
0.004,196.3,196.3,false,3758.6,3771.6,1,1
0.004,231.01,231.01,false,3235.2,3244.8,1,1
0.004,271.86,271.86,false,2796.9,2803.9,1,1
0.004,319.93,319.93,false,2439.3,2444.5,1,1
0.004,376.49,376.49,false,2131,2134.9,1,1
0.004,443.06,443.06,false,1858,1860.8,1,1
0.004,521.4,521.4,false,1575.5,1577.6,1,1
0.004,613.59,613.59,false,1403.7,1405.4,1,1
0.004,722.08,722.08,false,1201.4,1202.6,1,1
0.004,849.75,849.75,false,1037.9,1038.8,1,1
0.004,1000,1000,false,868.32,868.97,1,1
0.005,0.0001,0.0001,false,1752,9658.2,0.98272,0.98272
0.005,0.00011768,0.00011768,false,2023.6,11096,0.98073,0.98073
0.005,0.00013849,0.00013849,false,2342.4,12789,0.9784,0.9784
0.005,0.00016298,0.00016298,false,2717,14780,0.97565,0.97565
0.005,0.00019179,0.00019179,false,3157.6,17123,0.97242,0.97242
0.005,0.0002257,0.0002257,false,3675.8,19881,0.96861,0.96861
0.005,0.00026561,0.00026561,false,4283.5,23112,0.96415,0.96415
0.005,0.00031257,0.00031257,false,4870,25910,0.96032,0.96032
0.005,0.00036784,0.00036784,false,5559.9,29203,0.95581,0.95581
0.005,0.00043288,0.00043288,false,6371.5,33077,0.9505,0.9505
0.005,0.00050941,0.00050941,false,7326.4,37638,0.94425,0.94425
0.005,0.00059948,0.00059948,false,8450,43003,0.9369,0.9369
0.005,0.00070548,0.00070548,false,9772,49320,0.92824,0.92824
0.005,0.00083022,0.00083022,false,11040,54857,0.9206,0.9206
0.005,0.00097701,0.00097701,false,12339,60109,0.91329,0.91329
0.005,0.0011498,0.0011498,false,13868,66290,0.90469,0.90469
0.005,0.001353,0.001353,false,15667,73566,0.89458,0.89458
0.005,0.0015923,0.0015923,false,17783,82127,0.88267,0.88267
0.005,0.0018738,0.0018738,false,20274,92204,0.86866,0.86866
0.005,0.0022051,0.0022051,false,23204,104060,0.85216,0.85216
0.005,0.002595,0.002595,false,25171,111490,0.84226,0.84226
0.005,0.0030539,0.0030539,false,27457,120120,0.83077,0.83077
0.005,0.0035938,0.0035938,false,30145,130270,0.81725,0.81725
0.005,0.0042292,0.0042292,false,33307,142220,0.80134,0.80134
0.005,0.004977,0.004977,false,37024,156280,0.78262,0.78262
0.005,0.005857,0.005857,false,41394,172830,0.76059,0.76059
0.005,0.0068926,0.0068926,false,46532,192300,0.73466,0.73466
0.005,0.0081113,0.0081113,false,49156,202040,0.72258,0.72258
0.005,0.0095455,0.0095455,false,52016,212660,0.70956,0.70956
0.005,0.011233,0.011233,false,55372,225130,0.69423,0.69423
0.005,0.013219,0.013219,false,59313,239810,0.6762,0.6762
0.005,0.015557,0.015557,false,63937,257070,0.65497,0.65497
0.005,0.018307,0.018307,false,69361,277390,0.62999,0.62999
0.005,0.021544,0.021544,false,75717,301350,0.6006,0.6006
0.005,0.025354,0.025354,false,80761,320380,0.57856,0.57856
0.005,0.029836,0.029836,false,83577,330940,0.56888,0.56888
0.005,0.035112,0.035112,false,86865,343290,0.55748,0.55748
0.005,0.04132,0.04132,false,90706,357750,0.54407,0.54407
0.005,0.048626,0.048626,false,95199,374780,0.52829,0.52829
0.005,0.057224,0.057224,false,100460,394830,0.50972,0.50972
0.005,0.067342,0.067342,false,106620,418340,0.48786,0.48786
0.005,0.079248,0.079248,false,113320,443910,0.46473,0.46473
0.005,0.09326,0.09326,false,116340,454100,0.46156,0.46156
0.005,0.10975,0.10975,false,119830,465690,0.45783,0.45783
0.005,0.12915,0.12915,false,123870,478940,0.45343,0.45343
0.005,0.15199,0.15199,false,128550,493950,0.44826,0.44826
0.005,0.17886,0.17886,false,133980,511130,0.44218,0.44218
0.005,0.21049,0.21049,false,140270,530410,0.43502,0.43502
0.005,0.24771,0.24771,false,143950,533390,0.44641,0.44641
0.005,0.29151,0.29151,false,147940,534320,0.46029,0.46029
0.005,0.34305,0.34305,false,152340,532910,0.47663,0.47663
0.005,0.4037,0.4037,false,157060,527670,0.49585,0.49585
0.005,0.47508,0.47508,false,161380,516860,0.52676,0.52676
0.005,0.55908,0.55908,false,165190,496930,0.56765,0.56765
0.005,0.65793,0.65793,false,168130,445490,0.61576,0.61576
0.005,0.77426,0.77426,false,168290,398140,0.66753,0.66753
0.005,0.91116,0.91116,false,166100,352900,0.72566,0.72566
0.005,1.0723,1.0723,false,160580,308230,0.7873,0.7873
0.005,1.2619,1.2619,false,149420,261900,0.84161,0.84161
0.005,1.485,1.485,false,136800,221190,0.89278,0.89278
0.005,1.7475,1.7475,false,123350,186840,0.91764,0.91764
0.005,2.0565,2.0565,false,109530,155160,0.9469,0.9469
0.005,2.4201,2.4201,false,95902,127420,0.98133,0.98133
0.005,2.848,2.848,false,87163,111280,0.9909,0.9909
0.005,3.3516,3.3516,false,79839,98500,0.99317,0.99317
0.005,3.9442,3.9442,false,72911,86915,0.99584,0.99584
0.005,4.6416,4.6416,false,66693,77006,0.99899,0.99899
0.005,5.4623,5.4623,false,60436,68347,0.99999,0.99999
0.005,6.4281,6.4281,false,54358,60501,0.99999,0.99999
0.005,7.5646,7.5646,false,48746,53386,1,1
0.005,8.9022,8.9022,false,43689,47011,1,1
0.005,10.476,10.476,false,38879,41351,1,1
0.005,12.328,12.328,false,34672,36590,1,1
0.005,14.508,14.508,false,30449,31865,1,1
0.005,17.074,17.074,false,26396,27377,1,1
0.005,20.092,20.092,false,23014,23711,1,1
0.005,23.645,23.645,false,20035,20544,1,1
0.005,27.826,27.826,false,17560,17947,1,1
0.005,32.745,32.745,false,15303,15607,1,1
0.005,38.535,38.535,false,13194,13425,1,1
0.005,45.349,45.349,false,11306,11480,1,1
0.005,53.367,53.367,false,9681.7,9806.9,1,1
0.005,62.803,62.803,false,8331.2,8421.4,1,1
0.005,73.907,73.907,false,7185.1,7249.9,1,1
0.005,86.975,86.975,false,6592.9,6641.4,1,1
0.005,102.35,102.35,false,6122.7,6162.4,1,1
0.005,120.45,120.45,false,5636.5,5677.2,1,1
0.005,141.75,141.75,false,5106.8,5139.4,1,1
0.005,166.81,166.81,false,4501.9,4527.4,1,1
0.005,196.3,196.3,false,3905.3,3925,1,1
0.005,231.01,231.01,false,3367.8,3382.9,1,1
0.005,271.86,271.86,false,2875.9,2887.4,1,1
0.005,319.93,319.93,false,2468.3,2476.7,1,1
0.005,376.49,376.49,false,2125.9,2132,1,1
0.005,443.06,443.06,false,1846.5,1850.9,1,1
0.005,521.4,521.4,false,1611.7,1615,1,1
0.005,613.59,613.59,false,1409.1,1411.5,1,1
0.005,722.08,722.08,false,1209.2,1210.9,1,1
0.005,849.75,849.75,false,1034.5,1035.9,1,1
0.005,1000,1000,false,897.44,898.48,1,1
0.006,0.0001,0.0001,false,542.78,4000.1,0.98989,0.98989
0.006,0.00011768,0.00011768,false,635.4,4646.9,0.9885,0.9885
0.006,0.00013849,0.00013849,false,738.08,5360.9,0.98711,0.98711
0.006,0.00016298,0.00016298,false,854.76,6170.8,0.98563,0.98563
0.006,0.00019179,0.00019179,false,992.03,7123.5,0.9839,0.9839
0.006,0.0002257,0.0002257,false,1153.5,8244.7,0.98185,0.98185
0.006,0.00026561,0.00026561,false,1343.6,9564.3,0.97945,0.97945
0.006,0.00031257,0.00031257,false,1567.2,11117,0.97662,0.97662
0.006,0.00036784,0.00036784,false,1813.8,12760,0.97368,0.97368
0.006,0.00043288,0.00043288,false,2077.3,14394,0.97085,0.97085
0.006,0.00050941,0.00050941,false,2387.4,16316,0.96751,0.96751
0.006,0.00059948,0.00059948,false,2752.4,18578,0.96359,0.96359
0.006,0.00070548,0.00070548,false,3181.8,21241,0.95897,0.95897
0.006,0.00083022,0.00083022,false,3687.2,24374,0.95354,0.95354
0.006,0.00097701,0.00097701,false,4268.5,27947,0.94738,0.94738
0.006,0.0011498,0.0011498,false,4809.2,30916,0.94262,0.94262
0.006,0.001353,0.001353,false,5445.5,34408,0.93702,0.93702
0.006,0.0015923,0.0015923,false,6194.2,38519,0.93043,0.93043
0.006,0.0018738,0.0018738,false,7075.1,43354,0.92267,0.92267
0.006,0.0022051,0.0022051,false,8111.7,49046,0.91354,0.91354
0.006,0.002595,0.002595,false,9331.4,55746,0.9028,0.9028
0.006,0.0030539,0.0030539,false,10435,61670,0.89354,0.89354
0.006,0.0035938,0.0035938,false,11521,67386,0.8848,0.8848
0.006,0.0042292,0.0042292,false,12799,74121,0.87452,0.87452
0.006,0.004977,0.004977,false,14303,82036,0.86241,0.86241
0.006,0.005857,0.005857,false,16073,91356,0.84817,0.84817
0.006,0.0068926,0.0068926,false,18154,102330,0.83141,0.83141
0.006,0.0081113,0.0081113,false,20602,115220,0.81168,0.81168
0.006,0.0095455,0.0095455,false,22151,123380,0.79989,0.79989
0.006,0.011233,0.011233,false,23754,131830,0.78789,0.78789
0.006,0.013219,0.013219,false,25639,141760,0.77378,0.77378
0.006,0.015557,0.015557,false,27855,153430,0.75717,0.75717
0.006,0.018307,0.018307,false,30462,167150,0.73762,0.73762
0.006,0.021544,0.021544,false,33527,183310,0.71461,0.71461
0.006,0.025354,0.025354,false,37130,202320,0.68754,0.68754
0.006,0.029836,0.029836,false,39385,214140,0.67262,0.67262
0.006,0.035112,0.035112,false,41194,223570,0.66225,0.66225
0.006,0.04132,0.04132,false,43317,234600,0.65004,0.65004
0.006,0.048626,0.048626,false,45810,247550,0.63568,0.63568
0.006,0.057224,0.057224,false,48739,262740,0.61878,0.61878
0.006,0.067342,0.067342,false,52180,280610,0.59888,0.59888
0.006,0.079248,0.079248,false,56223,301550,0.57547,0.57547
0.006,0.09326,0.09326,false,59088,315180,0.56395,0.56395
0.006,0.10975,0.10975,false,61245,324100,0.56063,0.56063
0.006,0.12915,0.12915,false,63765,334250,0.55673,0.55673
0.006,0.15199,0.15199,false,66711,345860,0.55213,0.55213
0.006,0.17886,0.17886,false,70150,359020,0.54672,0.54672
0.006,0.21049,0.21049,false,74164,373910,0.54036,0.54036
0.006,0.24771,0.24771,false,77582,381460,0.54465,0.54465
0.006,0.29151,0.29151,false,80606,382470,0.55818,0.55818
0.006,0.34305,0.34305,false,84042,382110,0.5741,0.5741
0.006,0.4037,0.4037,false,87909,379700,0.59284,0.59284
0.006,0.47508,0.47508,false,91984,373880,0.61601,0.61601
0.006,0.55908,0.55908,false,95289,352010,0.64886,0.64886
0.006,0.65793,0.65793,false,98678,324460,0.68753,0.68753
0.006,0.77426,0.77426,false,102030,297970,0.73303,0.73303
0.006,0.91116,0.91116,false,102290,268650,0.77461,0.77461
0.006,1.0723,1.0723,false,101620,239260,0.82214,0.82214
0.006,1.2619,1.2619,false,99290,210720,0.87067,0.87067
0.006,1.485,1.485,false,93857,180860,0.90644,0.90644
0.006,1.7475,1.7475,false,87669,153720,0.94805,0.94805
0.006,2.0565,2.0565,false,82427,134750,0.95827,0.95827
0.006,2.4201,2.4201,false,76843,116840,0.9703,0.9703
0.006,2.848,2.848,false,71193,101010,0.98447,0.98447
0.006,3.3516,3.3516,false,65844,88147,0.99826,0.99826
0.006,3.9442,3.9442,false,61352,79182,0.9986,0.9986
0.006,4.6416,4.6416,false,56961,70910,0.999,0.999
0.006,5.4623,5.4623,false,52800,63398,0.99947,0.99947
0.006,6.4281,6.4281,false,49021,56945,1,1
0.006,7.5646,7.5646,false,44238,50375,1,1
0.006,8.9022,8.9022,false,39839,44594,1,1
0.006,10.476,10.476,false,35785,39389,1,1
0.006,12.328,12.328,false,31973,34570,1,1
0.006,14.508,14.508,false,28495,30434,1,1
0.006,17.074,17.074,false,25445,26946,1,1
0.006,20.092,20.092,false,22035,23103,1,1
0.006,23.645,23.645,false,19011,19728,1,1
0.006,27.826,27.826,false,16571,17085,1,1
0.006,32.745,32.745,false,14491,14877,1,1
0.006,38.535,38.535,false,12747,13058,1,1
0.006,45.349,45.349,false,11064,11310,1,1
0.006,53.367,53.367,false,9488.4,9668.3,1,1
0.006,62.803,62.803,false,8150.3,8281.6,1,1
0.006,73.907,73.907,false,7015,7110.1,1,1
0.006,86.975,86.975,false,6077.6,6146.5,1,1
0.006,102.35,102.35,false,5329.1,5378.9,1,1
0.006,120.45,120.45,false,4912.5,4949.6,1,1
0.006,141.75,141.75,false,4602.6,4632.7,1,1
0.006,166.81,166.81,false,4302.2,4334.7,1,1
0.006,196.3,196.3,false,3892.3,3919,1,1
0.006,231.01,231.01,false,3410.3,3431.1,1,1
0.006,271.86,271.86,false,2961.7,2977.8,1,1
0.006,319.93,319.93,false,2543.2,2555.4,1,1
0.006,376.49,376.49,false,2178.4,2187.5,1,1
0.006,443.06,443.06,false,1872.9,1879.5,1,1
0.006,521.4,521.4,false,1620.8,1625.7,1,1
0.006,613.59,613.59,false,1407.1,1410.7,1,1
0.006,722.08,722.08,false,1227.1,1229.8,1,1
0.006,849.75,849.75,false,1063.3,1065.2,1,1
0.006,1000,1000,false,914.24,915.65,1,1
0.007,0.0001,0.0001,false,207.7,1897.3,0.99326,0.99326
0.007,0.00011768,0.00011768,false,242.91,2217.5,0.99241,0.99241
0.007,0.00013849,0.00013849,false,284.35,2594.5,0.99141,0.99141
0.007,0.00016298,0.00016298,false,332.18,3024,0.9903,0.9903
0.007,0.00019179,0.00019179,false,384.89,3476.1,0.98923,0.98923
0.007,0.0002257,0.0002257,false,446.92,4007.9,0.98798,0.98798
0.007,0.00026561,0.00026561,false,519.92,4634.2,0.98651,0.98651
0.007,0.00031257,0.00031257,false,605.81,5370.8,0.98477,0.98477
0.007,0.00036784,0.00036784,false,706.89,6237.8,0.98273,0.98273
0.007,0.00043288,0.00043288,false,825.54,7253.8,0.98035,0.98035
0.007,0.00050941,0.00050941,false,947.42,8189.9,0.97837,0.97837
0.007,0.00059948,0.00059948,false,1090.8,9291.5,0.97605,0.97605
0.007,0.00070548,0.00070548,false,1259.6,10588,0.97332,0.97332
0.007,0.00083022,0.00083022,false,1458.3,12113,0.9701,0.9701
0.007,0.00097701,0.00097701,false,1692,13910,0.96632,0.96632
0.007,0.0011498,0.0011498,false,1967.1,16021,0.96187,0.96187
0.007,0.001353,0.001353,false,2242.7,18008,0.95805,0.95805
0.007,0.0015923,0.0015923,false,2550.2,20167,0.95405,0.95405
0.007,0.0018738,0.0018738,false,2912.1,22711,0.94935,0.94935
0.007,0.0022051,0.0022051,false,3337.8,25701,0.94382,0.94382
0.007,0.002595,0.002595,false,3838.8,29223,0.93731,0.93731
0.007,0.0030539,0.0030539,false,4428.4,33365,0.92965,0.92965
0.007,0.0035938,0.0035938,false,5035.4,37599,0.92191,0.92191
0.007,0.0042292,0.0042292,false,5599.2,41472,0.91502,0.91502
0.007,0.004977,0.004977,false,6262.5,46031,0.90692,0.90692
0.007,0.005857,0.005857,false,7043,51393,0.89738,0.89738
0.007,0.0068926,0.0068926,false,7961.4,57700,0.88615,0.88615
0.007,0.0081113,0.0081113,false,9041.9,65115,0.87294,0.87294
0.007,0.0095455,0.0095455,false,10313,73838,0.8574,0.8574
0.007,0.011233,0.011233,false,11248,80228,0.84652,0.84652
0.007,0.013219,0.013219,false,12175,86561,0.83601,0.83601
0.007,0.015557,0.015557,false,13266,93988,0.82364,0.82364
0.007,0.018307,0.018307,false,14549,102720,0.80908,0.80908
0.007,0.021544,0.021544,false,16058,112980,0.79195,0.79195
0.007,0.025354,0.025354,false,17834,125060,0.7718,0.7718
0.007,0.029836,0.029836,false,19923,139230,0.74807,0.74807
0.007,0.035112,0.035112,false,21116,147130,0.73719,0.73719
0.007,0.04132,0.04132,false,22302,154880,0.7273,0.7273
0.007,0.048626,0.048626,false,23696,163970,0.71566,0.71566
0.007,0.057224,0.057224,false,25334,174600,0.70196,0.70196
0.007,0.067342,0.067342,false,27260,187060,0.68584,0.68584
0.007,0.079248,0.079248,false,29523,201660,0.66687,0.66687
0.007,0.09326,0.09326,false,32164,218570,0.64483,0.64483
0.007,0.10975,0.10975,false,33514,224990,0.64262,0.64262
0.007,0.12915,0.12915,false,35098,232410,0.64002,0.64002
0.007,0.15199,0.15199,false,36952,240790,0.63695,0.63695
0.007,0.17886,0.17886,false,39124,250410,0.63335,0.63335
0.007,0.21049,0.21049,false,41662,261220,0.62911,0.62911
0.007,0.24771,0.24771,false,44496,272110,0.62586,0.62586
0.007,0.29151,0.29151,false,46573,273220,0.63838,0.63838
0.007,0.34305,0.34305,false,48962,273660,0.65311,0.65311
0.007,0.4037,0.4037,false,51694,272990,0.67044,0.67044
0.007,0.47508,0.47508,false,54792,268430,0.69084,0.69084
0.007,0.55908,0.55908,false,57565,253980,0.71563,0.71563
0.007,0.65793,0.65793,false,60111,238030,0.74538,0.74538
0.007,0.77426,0.77426,false,62836,222750,0.7804,0.7804
0.007,0.91116,0.91116,false,65394,207440,0.81995,0.81995
0.007,1.0723,1.0723,false,65736,187060,0.85161,0.85161
0.007,1.2619,1.2619,false,65807,167630,0.88887,0.88887
0.007,1.485,1.485,false,65154,149130,0.92569,0.92569
0.007,1.7475,1.7475,false,63116,130520,0.94722,0.94722
0.007,2.0565,2.0565,false,60702,113550,0.97255,0.97255
0.007,2.4201,2.4201,false,58579,101410,0.98161,0.98161
0.007,2.848,2.848,false,56419,90729,0.98621,0.98621
0.007,3.3516,3.3516,false,54132,80955,0.99162,0.99162
0.007,3.9442,3.9442,false,51836,72545,0.998,0.998
0.007,4.6416,4.6416,false,48892,65447,0.99977,0.99977
0.007,5.4623,5.4623,false,45710,58906,0.99983,0.99983
0.007,6.4281,6.4281,false,42604,52859,0.99989,0.99989
0.007,7.5646,7.5646,false,39691,47441,0.99997,0.99997
0.007,8.9022,8.9022,false,36313,42179,1,1
0.007,10.476,10.476,false,32782,37320,1,1
0.007,12.328,12.328,false,29540,33045,1,1
0.007,14.508,14.508,false,26559,29184,1,1
0.007,17.074,17.074,false,23607,25516,1,1
0.007,20.092,20.092,false,21058,22497,1,1
0.007,23.645,23.645,false,18549,19627,1,1
0.007,27.826,27.826,false,15884,16617,1,1
0.007,32.745,32.745,false,13756,14248,1,1
0.007,38.535,38.535,false,12083,12458,1,1
0.007,45.349,45.349,false,10636,10933,1,1
0.007,53.367,53.367,false,9345.9,9597.2,1,1
0.007,62.803,62.803,false,8006,8193.1,1,1
0.007,73.907,73.907,false,6849.9,6981.2,1,1
0.007,86.975,86.975,false,5910.9,6004.5,1,1
0.007,102.35,102.35,false,5132.9,5200.9,1,1
0.007,120.45,120.45,false,4482.6,4532.4,1,1
0.007,141.75,141.75,false,4074.7,4111.2,1,1
0.007,166.81,166.81,false,3770.5,3798,1,1
0.007,196.3,196.3,false,3563.7,3586.9,1,1
0.007,231.01,231.01,false,3338.7,3365.2,1,1
0.007,271.86,271.86,false,2958.5,2979.3,1,1
0.007,319.93,319.93,false,2586.6,2602.7,1,1
0.007,376.49,376.49,false,2232.7,2245,1,1
0.007,443.06,443.06,false,1930.4,1939.8,1,1
0.007,521.4,521.4,false,1649.9,1656.7,1,1
0.007,613.59,613.59,false,1424.5,1429.5,1,1
0.007,722.08,722.08,false,1231.9,1235.5,1,1
0.007,849.75,849.75,false,1073.4,1076.2,1,1
0.007,1000,1000,false,933.9,935.9,1,1
0.008,0.0001,0.0001,false,93.455,1018.3,0.99508,0.99508
0.008,0.00011768,0.00011768,false,109.17,1188.8,0.99451,0.99451
0.008,0.00013849,0.00013849,false,127.66,1389.4,0.99385,0.99385
0.008,0.00016298,0.00016298,false,149.41,1625.5,0.99306,0.99306
0.008,0.00019179,0.00019179,false,175.01,1903.2,0.99214,0.99214
0.008,0.0002257,0.0002257,false,202.87,2185.9,0.9913,0.9913
0.008,0.00026561,0.00026561,false,235.64,2518.6,0.99032,0.99032
0.008,0.00031257,0.00031257,false,274.22,2909.8,0.98917,0.98917
0.008,0.00036784,0.00036784,false,319.61,3370.7,0.98781,0.98781
0.008,0.00043288,0.00043288,false,373.03,3912.7,0.98621,0.98621
0.008,0.00050941,0.00050941,false,435.89,4550.6,0.98433,0.98433
0.008,0.00059948,0.00059948,false,502.77,5176.3,0.98273,0.98273
0.008,0.00070548,0.00070548,false,579.66,5881.6,0.98099,0.98099
0.008,0.00083022,0.00083022,false,670.15,6711.2,0.97894,0.97894
0.008,0.00097701,0.00097701,false,776.64,7686.8,0.97653,0.97653
0.008,0.0011498,0.0011498,false,901.96,8836,0.97369,0.97369
0.008,0.001353,0.001353,false,1049.4,10186,0.97036,0.97036
0.008,0.0015923,0.0015923,false,1205.1,11567,0.9672,0.9672
0.008,0.0018738,0.0018738,false,1374.1,13022,0.96411,0.96411
0.008,0.0022051,0.0022051,false,1573,14735,0.96047,0.96047
0.008,0.002595,0.002595,false,1807,16750,0.95618,0.95618
0.008,0.0030539,0.0030539,false,2082.4,19119,0.95113,0.95113
0.008,0.0035938,0.0035938,false,2406.5,21907,0.9452,0.9452
0.008,0.0042292,0.0042292,false,2758.3,24925,0.9388,0.9388
0.008,0.004977,0.004977,false,3080.5,27656,0.93311,0.93311
0.008,0.005857,0.005857,false,3459.6,30871,0.92641,0.92641
0.008,0.0068926,0.0068926,false,3905.7,34657,0.91853,0.91853
0.008,0.0081113,0.0081113,false,4430.7,39102,0.90925,0.90925
0.008,0.0095455,0.0095455,false,5048.4,44333,0.89833,0.89833
0.008,0.011233,0.011233,false,5775.3,50479,0.88549,0.88549
0.008,0.013219,0.013219,false,6344.2,55246,0.87598,0.87598
0.008,0.015557,0.015557,false,6909.5,59970,0.86682,0.86682
0.008,0.018307,0.018307,false,7574.6,65508,0.85605,0.85605
0.008,0.021544,0.021544,false,8357.1,72029,0.84338,0.84338
0.008,0.025354,0.025354,false,9277.8,79675,0.82846,0.82846
0.008,0.029836,0.029836,false,10361,88668,0.81091,0.81091
0.008,0.035112,0.035112,false,11635,99216,0.79025,0.79025
0.008,0.04132,0.04132,false,12305,104470,0.7827,0.7827
0.008,0.048626,0.048626,false,13091,110600,0.77383,0.77383
0.008,0.057224,0.057224,false,14016,117790,0.76339,0.76339
0.008,0.067342,0.067342,false,15103,126190,0.7511,0.7511
0.008,0.079248,0.079248,false,16381,135980,0.73665,0.73665
0.008,0.09326,0.09326,false,17883,147430,0.71963,0.71963
0.008,0.10975,0.10975,false,19305,157540,0.70657,0.70657
0.008,0.12915,0.12915,false,20275,162600,0.70541,0.70541
0.008,0.15199,0.15199,false,21411,168390,0.70405,0.70405
0.008,0.17886,0.17886,false,22743,175020,0.70245,0.70245
0.008,0.21049,0.21049,false,24303,182450,0.70057,0.70057
0.008,0.24771,0.24771,false,26127,190790,0.69835,0.69835
0.008,0.29151,0.29151,false,27811,195210,0.7035,0.7035
0.008,0.34305,0.34305,false,29371,195740,0.7165,0.7165
0.008,0.4037,0.4037,false,31171,195790,0.73179,0.73179
0.008,0.47508,0.47508,false,33236,191300,0.74979,0.74979
0.008,0.55908,0.55908,false,35590,185160,0.77097,0.77097
0.008,0.65793,0.65793,false,37396,175400,0.79341,0.79341
0.008,0.77426,0.77426,false,39366,165820,0.81973,0.81973
0.008,0.91116,0.91116,false,41506,156630,0.85069,0.85069
0.008,1.0723,1.0723,false,43333,146490,0.8819,0.8819
0.008,1.2619,1.2619,false,44135,133200,0.90556,0.90556
0.008,1.485,1.485,false,44859,120800,0.93341,0.93341
0.008,1.7475,1.7475,false,45287,109300,0.95983,0.95983
0.008,2.0565,2.0565,false,45155,98136,0.9719,0.9719
0.008,2.4201,2.4201,false,44861,87976,0.98612,0.98612
0.008,2.848,2.848,false,44254,79959,0.99275,0.99275
0.008,3.3516,3.3516,false,43421,72865,0.99443,0.99443
0.008,3.9442,3.9442,false,42464,66138,0.9964,0.9964
0.008,4.6416,4.6416,false,41472,60216,0.99872,0.99872
0.008,5.4623,5.4623,false,39759,54802,0.99997,0.99997
0.008,6.4281,6.4281,false,37329,49426,0.99997,0.99997
0.008,7.5646,7.5646,false,34924,44460,0.99998,0.99998
0.008,8.9022,8.9022,false,32606,39899,0.99999,0.99999
0.008,10.476,10.476,false,30076,35558,1,1
0.008,12.328,12.328,false,27176,31369,1,1
0.008,14.508,14.508,false,24540,27785,1,1
0.008,17.074,17.074,false,22125,24612,1,1
0.008,20.092,20.092,false,19702,21530,1,1
0.008,23.645,23.645,false,17512,18864,1,1
0.008,27.826,27.826,false,15546,16568,1,1
0.008,32.745,32.745,false,13332,14059,1,1
0.008,38.535,38.535,false,11450,11936,1,1
0.008,45.349,45.349,false,10083,10441,1,1
0.008,53.367,53.367,false,8887.6,9164.2,1,1
0.008,62.803,62.803,false,7900.8,8137.9,1,1
0.008,73.907,73.907,false,6837.8,7027.9,1,1
0.008,86.975,86.975,false,5813.1,5943.3,1,1
0.008,102.35,102.35,false,5001.3,5091.6,1,1
0.008,120.45,120.45,false,4348.5,4413,1,1
0.008,141.75,141.75,false,3812.4,3859.8,1,1
0.008,166.81,166.81,false,3427.7,3462.4,1,1
0.008,196.3,196.3,false,3154.2,3179.8,1,1
0.008,231.01,231.01,false,2965.1,2985.3,1,1
0.008,271.86,271.86,false,2816,2835.1,1,1
0.008,319.93,319.93,false,2575.5,2595.7,1,1
0.008,376.49,376.49,false,2260.8,2276.6,1,1
0.008,443.06,443.06,false,1957.2,1969.2,1,1
0.008,521.4,521.4,false,1686.4,1695.5,1,1
0.008,613.59,613.59,false,1447.6,1454.3,1,1
0.008,722.08,722.08,false,1243.8,1248.7,1,1
0.008,849.75,849.75,false,1074.8,1078.4,1,1
0.008,1000,1000,false,935.02,937.65,1,1
0.009,0.0001,0.0001,false,47.475,596.92,0.9962,0.9962
0.009,0.00011768,0.00011768,false,55.366,695.42,0.99579,0.99579
0.009,0.00013849,0.00013849,false,64.651,811.25,0.99531,0.99531
0.009,0.00016298,0.00016298,false,75.578,947.68,0.99475,0.99475
0.009,0.00019179,0.00019179,false,88.436,1108.1,0.99409,0.99409
0.009,0.0002257,0.0002257,false,103.57,1297,0.99331,0.99331
0.009,0.00026561,0.00026561,false,120.19,1491.5,0.99261,0.99261
0.009,0.00031257,0.00031257,false,139.64,1718.1,0.9918,0.9918
0.009,0.00036784,0.00036784,false,162.53,1984.7,0.99085,0.99085
0.009,0.00043288,0.00043288,false,189.47,2298.2,0.98973,0.98973
0.009,0.00050941,0.00050941,false,221.17,2667.2,0.98841,0.98841
0.009,0.00059948,0.00059948,false,258.47,3101.5,0.98686,0.98686
0.009,0.00070548,0.00070548,false,298.78,3540.4,0.98552,0.98552
0.009,0.00083022,0.00083022,false,344.86,4029.1,0.98414,0.98414
0.009,0.00097701,0.00097701,false,399.09,4604.3,0.98252,0.98252
0.009,0.0011498,0.0011498,false,462.9,5281.4,0.98061,0.98061
0.009,0.001353,0.001353,false,537.99,6078.3,0.97836,0.97836
0.009,0.0015923,0.0015923,false,626.36,7015.3,0.97571,0.97571
0.009,0.0018738,0.0018738,false,721.26,8001.3,0.9731,0.9731
0.009,0.0022051,0.0022051,false,824.03,9050.4,0.97053,0.97053
0.009,0.002595,0.002595,false,944.98,10282,0.96751,0.96751
0.009,0.0030539,0.0030539,false,1087.3,11735,0.96395,0.96395
0.009,0.0035938,0.0035938,false,1254.8,13440,0.95977,0.95977
0.009,0.0042292,0.0042292,false,1451.9,15449,0.95484,0.95484
0.009,0.004977,0.004977,false,1667.9,17640,0.94946,0.94946
0.009,0.005857,0.005857,false,1867.9,19652,0.94456,0.94456
0.009,0.0068926,0.0068926,false,2103.1,22018,0.93878,0.93878
0.009,0.0081113,0.0081113,false,2380,24803,0.93199,0.93199
0.009,0.0095455,0.0095455,false,2705.8,28071,0.92399,0.92399
0.009,0.011233,0.011233,false,3089.2,31917,0.91458,0.91458
0.009,0.013219,0.013219,false,3540.4,36430,0.9035,0.9035
0.009,0.015557,0.015557,false,3891.2,39908,0.89549,0.89549
0.009,0.018307,0.018307,false,4253.8,43484,0.88746,0.88746
0.009,0.021544,0.021544,false,4680.4,47685,0.87801,0.87801
0.009,0.025354,0.025354,false,5182.3,52607,0.86689,0.86689
0.009,0.029836,0.029836,false,5772.9,58399,0.85381,0.85381
0.009,0.035112,0.035112,false,6467.8,65191,0.83841,0.83841
0.009,0.04132,0.04132,false,7207.1,72343,0.82255,0.82255
0.009,0.048626,0.048626,false,7655.2,76433,0.81604,0.81604
0.009,0.057224,0.057224,false,8182.3,81207,0.80839,0.80839
0.009,0.067342,0.067342,false,8802.1,86800,0.79938,0.79938
0.009,0.079248,0.079248,false,9531,93322,0.78877,0.78877
0.009,0.09326,0.09326,false,10388,100910,0.77629,0.77629
0.009,0.10975,0.10975,false,11395,109730,0.7616,0.7616
0.009,0.12915,0.12915,false,12162,115210,0.75637,0.75637
0.009,0.15199,0.15199,false,12847,119060,0.75645,0.75645
0.009,0.17886,0.17886,false,13649,123460,0.75654,0.75654
0.009,0.21049,0.21049,false,14590,128390,0.75666,0.75666
0.009,0.24771,0.24771,false,15691,133930,0.75679,0.75679
0.009,0.29151,0.29151,false,16980,140070,0.75695,0.75695
0.009,0.34305,0.34305,false,18008,140640,0.76769,0.76769
0.009,0.4037,0.4037,false,19185,140770,0.7807,0.7807
0.009,0.47508,0.47508,false,20545,137290,0.79602,0.79602
0.009,0.55908,0.55908,false,22110,134290,0.81404,0.81404
0.009,0.65793,0.65793,false,23737,130430,0.83367,0.83367
0.009,0.77426,0.77426,false,25198,124370,0.853,0.853
0.009,0.91116,0.91116,false,26835,118560,0.87574,0.87574
0.009,1.0723,1.0723,false,28637,113140,0.90251,0.90251
0.009,1.2619,1.2619,false,30163,106420,0.92503,0.92503
0.009,1.485,1.485,false,31352,98274,0.94198,0.94198
0.009,1.7475,1.7475,false,32564,90810,0.96192,0.96192
0.009,2.0565,2.0565,false,33637,84056,0.97946,0.97946
0.009,2.4201,2.4201,false,34347,77178,0.98593,0.98593
0.009,2.848,2.848,false,35025,71024,0.99354,0.99354
0.009,3.3516,3.3516,false,35132,65522,0.99736,0.99736
0.009,3.9442,3.9442,false,34792,60223,0.99796,0.99796
0.009,4.6416,4.6416,false,34355,55127,0.99865,0.99865
0.009,5.4623,5.4623,false,33874,50539,0.99947,0.99947
0.009,6.4281,6.4281,false,32786,46221,1,1
0.009,7.5646,7.5646,false,30883,41744,1,1
0.009,8.9022,8.9022,false,28981,37611,1,1
0.009,10.476,10.476,false,27122,33789,1,1
0.009,12.328,12.328,false,25110,30125,1,1
0.009,14.508,14.508,false,22700,26498,1,1
0.009,17.074,17.074,false,20524,23456,1,1
0.009,20.092,20.092,false,18540,20801,1,1
0.009,23.645,23.645,false,16554,18254,1,1
0.009,27.826,27.826,false,14680,15930,1,1
0.009,32.745,32.745,false,13043,13977,1,1
0.009,38.535,38.535,false,11226,11908,1,1
0.009,45.349,45.349,false,9616.6,10082,1,1
0.009,53.367,53.367,false,8484.5,8823.5,1,1
0.009,62.803,62.803,false,7511.3,7770.3,1,1
0.009,73.907,73.907,false,6705.2,6923.7,1,1
0.009,86.975,86.975,false,5850.2,6031.4,1,1
0.009,102.35,102.35,false,4959.4,5084.6,1,1
0.009,120.45,120.45,false,4253.6,4338.7,1,1
0.009,141.75,141.75,false,3703.8,3763.6,1,1
0.009,166.81,166.81,false,3256.6,3300.6,1,1
0.009,196.3,196.3,false,2921.6,2953.7,1,1
0.009,231.01,231.01,false,2688.4,2712.1,1,1
0.009,271.86,271.86,false,2521,2539.3,1,1
0.009,319.93,319.93,false,2379.8,2395.3,1,1
0.009,376.49,376.49,false,2244,2262.4,1,1
0.009,443.06,443.06,false,1959.5,1974.3,1,1
0.009,521.4,521.4,false,1707.4,1718.7,1,1
0.009,613.59,613.59,false,1479.5,1488.2,1,1
0.009,722.08,722.08,false,1267,1273.3,1,1
0.009,849.75,849.75,false,1089.2,1093.8,1,1
0.009,1000,1000,false,940.74,944.13,1,1
0.01,0.0001,0.0001,false,26.492,373.43,0.99693,0.99693
0.01,0.00011768,0.00011768,false,30.828,434.25,0.99663,0.99663
0.01,0.00013849,0.00013849,false,35.93,505.77,0.99627,0.99627
0.01,0.00016298,0.00016298,false,41.932,590.01,0.99585,0.99585
0.01,0.00019179,0.00019179,false,48.996,689.07,0.99535,0.99535
0.01,0.0002257,0.0002257,false,57.308,805.76,0.99477,0.99477
0.01,0.00026561,0.00026561,false,67.089,942.99,0.99408,0.99408
0.01,0.00031257,0.00031257,false,77.833,1083.9,0.99348,0.99348
0.01,0.00036784,0.00036784,false,90.439,1248.8,0.99279,0.99279
0.01,0.00043288,0.00043288,false,105.27,1442.7,0.99198,0.99198
0.01,0.00050941,0.00050941,false,122.73,1671.1,0.99102,0.99102
0.01,0.00059948,0.00059948,false,143.28,1939.7,0.98989,0.98989
0.01,0.00070548,0.00070548,false,167.46,2255.8,0.98856,0.98856
0.01,0.00083022,0.00083022,false,193.6,2577.9,0.98747,0.98747
0.01,0.00097701,0.00097701,false,223.68,2941.3,0.98632,0.98632
0.01,0.0011498,0.0011498,false,259.06,3369.1,0.98496,0.98496
0.01,0.001353,0.001353,false,300.71,3872.7,0.98337,0.98337
0.01,0.0015923,0.0015923,false,349.72,4465.4,0.98149,0.98149
0.01,0.0018738,0.0018738,false,407.39,5162.1,0.97929,0.97929
0.01,0.0022051,0.0022051,false,469.03,5895,0.9771,0.9771
0.01,0.002595,0.002595,false,536.66,6688.4,0.97485,0.97485
0.01,0.0030539,0.0030539,false,616.25,7622.4,0.97221,0.97221
0.01,0.0035938,0.0035938,false,709.92,8720.4,0.96909,0.96909
0.01,0.0042292,0.0042292,false,820.14,10013,0.96543,0.96543
0.01,0.004977,0.004977,false,949.85,11534,0.96111,0.96111
0.01,0.005857,0.005857,false,1089.1,13158,0.95649,0.95649
0.01,0.0068926,0.0068926,false,1221.7,14697,0.95211,0.95211
0.01,0.0081113,0.0081113,false,1377.6,16509,0.94696,0.94696
0.01,0.0095455,0.0095455,false,1561.2,18636,0.9409,0.9409
0.01,0.011233,0.011233,false,1777.2,21139,0.93377,0.93377
0.01,0.013219,0.013219,false,2031.4,24077,0.92537,0.92537
0.01,0.015557,0.015557,false,2330.5,27531,0.9155,0.9155
0.01,0.018307,0.018307,false,2547.6,30007,0.90902,0.90902
0.01,0.021544,0.021544,false,2789.7,32767,0.9019,0.9019
0.01,0.025354,0.025354,false,3074.7,36009,0.89353,0.89353
0.01,0.029836,0.029836,false,3410,39815,0.88368,0.88368
0.01,0.035112,0.035112,false,3804.4,44268,0.87208,0.87208
0.01,0.04132,0.04132,false,4268.6,49496,0.85843,0.85843
0.01,0.048626,0.048626,false,4698.5,54247,0.84697,0.84697
0.01,0.057224,0.057224,false,5001.1,57415,0.84152,0.84152
0.01,0.067342,0.067342,false,5356.9,61108,0.83511,0.83511
0.01,0.079248,0.079248,false,5775.3,65414,0.82756,0.82756
0.01,0.09326,0.09326,false,6267.4,70445,0.81868,0.81868
0.01,0.10975,0.10975,false,6845.8,76260,0.80822,0.80822
0.01,0.12915,0.12915,false,7518.2,82916,0.79623,0.79623
0.01,0.15199,0.15199,false,7928.9,85422,0.79731,0.79731
0.01,0.17886,0.17886,false,8411.1,88297,0.79859,0.79859
0.01,0.21049,0.21049,false,8976.3,91510,0.80008,0.80008
0.01,0.24771,0.24771,false,9639,95160,0.80185,0.80185
0.01,0.29151,0.29151,false,10415,99177,0.80392,0.80392
0.01,0.34305,0.34305,false,11231,101940,0.80903,0.80903
0.01,0.4037,0.4037,false,12021,101570,0.81979,0.81979
0.01,0.47508,0.47508,false,12939,99726,0.83246,0.83246
0.01,0.55908,0.55908,false,14001,98158,0.84736,0.84736
0.01,0.65793,0.65793,false,15225,97015,0.8649,0.8649
0.01,0.77426,0.77426,false,16458,94273,0.88106,0.88106
0.01,0.91116,0.91116,false,17768,90736,0.89752,0.89752
0.01,1.0723,1.0723,false,19242,87511,0.91689,0.91689
0.01,1.2619,1.2619,false,20883,84761,0.9397,0.9397
0.01,1.485,1.485,false,22306,80463,0.954,0.954
0.01,1.7475,1.7475,false,23703,75737,0.96574,0.96574
0.01,2.0565,2.0565,false,25187,71580,0.97955,0.97955
0.01,2.4201,2.4201,false,26504,67625,0.99003,0.99003
0.01,2.848,2.848,false,27495,63122,0.99339,0.99339
0.01,3.3516,3.3516,false,28497,59073,0.99735,0.99735
0.01,3.9442,3.9442,false,28817,54967,0.9991,0.9991
0.01,4.6416,4.6416,false,28679,50732,0.99931,0.99931
0.01,5.4623,5.4623,false,28458,46616,0.99955,0.99955
0.01,6.4281,6.4281,false,28193,42857,0.99983,0.99983
0.01,7.5646,7.5646,false,27348,39206,1,1
0.01,8.9022,8.9022,false,25831,35457,1,1
0.01,10.476,10.476,false,24298,31983,1,1
0.01,12.328,12.328,false,22781,28752,1,1
0.01,14.508,14.508,false,21096,25598,1,1
0.01,17.074,17.074,false,19080,22475,1,1
0.01,20.092,20.092,false,17268,19880,1,1
0.01,23.645,23.645,false,15614,17635,1,1
0.01,27.826,27.826,false,13957,15505,1,1
0.01,32.745,32.745,false,12363,13513,1,1
0.01,38.535,38.535,false,10945,11799,1,1
0.01,45.349,45.349,false,9438.1,10063,1,1
0.01,53.367,53.367,false,8102.9,8533.6,1,1
0.01,62.803,62.803,false,7180.4,7492.3,1,1
0.01,73.907,73.907,false,6389.7,6627.7,1,1
0.01,86.975,86.975,false,5717.5,5916.6,1,1
0.01,102.35,102.35,false,5000.7,5165.7,1,1
0.01,120.45,120.45,false,4236.9,4353.1,1,1
0.01,141.75,141.75,false,3631.8,3709.8,1,1
0.01,166.81,166.81,false,3163.4,3217.6,1,1
0.01,196.3,196.3,false,2791.1,2831,1,1
0.01,231.01,231.01,false,2507.2,2536.3,1,1
0.01,271.86,271.86,false,2299.6,2320.9,1,1
0.01,319.93,319.93,false,2160.4,2176.8,1,1
0.01,376.49,376.49,false,2043.2,2056.6,1,1
0.01,443.06,443.06,false,1930.7,1945.3,1,1
0.01,521.4,521.4,false,1706.9,1720.5,1,1
0.01,613.59,613.59,false,1490.3,1500.8,1,1
0.01,722.08,722.08,false,1293.7,1301.7,1,1
0.01,849.75,849.75,false,1108,1113.9,1,1
0.01,1000,1000,false,951.65,955.91,1,1
0.0125,0.0001,0.0001,false,8.2269,140.52,0.9981,0.9981
0.0125,0.00011768,0.00011768,false,9.5635,164.17,0.99787,0.99787
0.0125,0.00013849,0.00013849,false,11.13,191.89,0.99761,0.99761
0.0125,0.00016298,0.00016298,false,12.904,222.81,0.99738,0.99738
0.0125,0.00019179,0.00019179,false,14.99,259.16,0.9971,0.9971
0.0125,0.0002257,0.0002257,false,17.444,301.99,0.99677,0.99677
0.0125,0.00026561,0.00026561,false,20.33,352.4,0.99639,0.99639
0.0125,0.00031257,0.00031257,false,23.725,411.66,0.99594,0.99594
0.0125,0.00036784,0.00036784,false,27.72,481.4,0.99541,0.99541
0.0125,0.00043288,0.00043288,false,32.137,554.12,0.99498,0.99498
0.0125,0.00050941,0.00050941,false,37.304,638.73,0.9945,0.9945
0.0125,0.00059948,0.00059948,false,43.385,738.31,0.99394,0.99394
0.0125,0.00070548,0.00070548,false,50.539,855.53,0.99327,0.99327
0.0125,0.00083022,0.00083022,false,58.959,993.32,0.99249,0.99249
0.0125,0.00097701,0.00097701,false,68.866,1155.5,0.99157,0.99157
0.0125,0.0011498,0.0011498,false,79.713,1326,0.99079,0.99079
0.0125,0.001353,0.001353,false,92.176,1519.3,0.98999,0.98999
0.0125,0.0015923,0.0015923,false,106.84,1746.5,0.98905,0.98905
0.0125,0.0018738,0.0018738,false,124.1,2013.9,0.98793,0.98793
0.0125,0.0022051,0.0022051,false,144.41,2328.6,0.98663,0.98663
0.0125,0.002595,0.002595,false,168.31,2699,0.98509,0.98509
0.0125,0.0030539,0.0030539,false,194,3092.2,0.98347,0.98347
0.0125,0.0035938,0.0035938,false,222.17,3519,0.98172,0.98172
0.0125,0.0042292,0.0042292,false,255.33,4021.5,0.97966,0.97966
0.0125,0.004977,0.004977,false,294.34,4613.1,0.97724,0.97724
0.0125,0.005857,0.005857,false,340.26,5308.4,0.97439,0.97439
0.0125,0.0068926,0.0068926,false,394.29,6126.3,0.97104,0.97104
0.0125,0.0081113,0.0081113,false,451.85,6991.2,0.96747,0.96747
0.0125,0.0095455,0.0095455,false,506.27,7799.2,0.9641,0.9641
0.0125,0.011233,0.011233,false,570.32,8747.1,0.96014,0.96014
0.0125,0.013219,0.013219,false,645.69,9863.7,0.95548,0.95548
0.0125,0.015557,0.015557,false,734.38,11179,0.94999,0.94999
0.0125,0.018307,0.018307,false,838.75,12720,0.94353,0.94353
0.0125,0.021544,0.021544,false,961.43,14528,0.93595,0.93595
0.0125,0.025354,0.025354,false,1042.7,15677,0.93167,0.93167
0.0125,0.029836,0.029836,false,1138.4,17035,0.92664,0.92664
0.0125,0.035112,0.035112,false,1250.9,18628,0.92072,0.92072
0.0125,0.04132,0.04132,false,1383.3,20501,0.91375,0.91375
0.0125,0.048626,0.048626,false,1539.2,22700,0.90556,0.90556
0.0125,0.057224,0.057224,false,1722.5,25267,0.89591,0.89591
0.0125,0.067342,0.067342,false,1862.7,27105,0.8904,0.8904
0.0125,0.079248,0.079248,false,1979.8,28513,0.88763,0.88763
0.0125,0.09326,0.09326,false,2117.6,30177,0.88437,0.88437
0.0125,0.10975,0.10975,false,2279.6,32116,0.88054,0.88054
0.0125,0.12915,0.12915,false,2470.1,34378,0.87602,0.87602
0.0125,0.15199,0.15199,false,2694.1,37002,0.87071,0.87071
0.0125,0.17886,0.17886,false,2908.7,39033,0.8689,0.8689
0.0125,0.21049,0.21049,false,3106.7,40268,0.87173,0.87173
0.0125,0.24771,0.24771,false,3339.2,41711,0.87505,0.87505
0.0125,0.29151,0.29151,false,3611.8,43341,0.87896,0.87896
0.0125,0.34305,0.34305,false,3931.4,45177,0.88357,0.88357
0.0125,0.4037,0.4037,false,4305.8,46637,0.88898,0.88898
0.0125,0.47508,0.47508,false,4750.8,46889,0.89626,0.89626
0.0125,0.55908,0.55908,false,5270.9,47296,0.90489,0.90489
0.0125,0.65793,0.65793,false,5876.7,47963,0.91505,0.91505
0.0125,0.77426,0.77426,false,6579.7,48873,0.927,0.927
0.0125,0.91116,0.91116,false,7392.6,50010,0.94056,0.94056
0.0125,1.0723,1.0723,false,8307.1,49932,0.94853,0.94853
0.0125,1.2619,1.2619,false,9355.9,50016,0.95791,0.95791
0.0125,1.485,1.485,false,10552,50367,0.96894,0.96894
0.0125,1.7475,1.7475,false,11905,50978,0.98193,0.98193
0.0125,2.0565,2.0565,false,13054,49740,0.98637,0.98637
0.0125,2.4201,2.4201,false,14291,48377,0.99037,0.99037
0.0125,2.848,2.848,false,15648,47291,0.99506,0.99506
0.0125,3.3516,3.3516,false,16848,45928,0.9984,0.9984
0.0125,3.9442,3.9442,false,17718,43523,0.99896,0.99896
0.0125,4.6416,4.6416,false,18624,41252,0.99962,0.99962
0.0125,5.4623,5.4623,false,19057,38720,0.99994,0.99994
0.0125,6.4281,6.4281,false,19091,35884,0.99996,0.99996
0.0125,7.5646,7.5646,false,19073,33115,0.99997,0.99997
0.0125,8.9022,8.9022,false,19010,30483,0.99999,0.99999
0.0125,10.476,10.476,false,18588,27896,1,1
0.0125,12.328,12.328,false,17658,25263,1,1
0.0125,14.508,14.508,false,16708,22859,1,1
0.0125,17.074,17.074,false,15743,20610,1,1
0.0125,20.092,20.092,false,14657,18375,1,1
0.0125,23.645,23.645,false,13282,16075,1,1
0.0125,27.826,27.826,false,12034,14157,1,1
0.0125,32.745,32.745,false,10913,12563,1,1
0.0125,38.535,38.535,false,9803.8,11098,1,1
0.0125,45.349,45.349,false,8700.4,9688,1,1
0.0125,53.367,53.367,false,7683.4,8410.5,1,1
0.0125,62.803,62.803,false,6691.6,7231.7,1,1
0.0125,73.907,73.907,false,5787.4,6175.3,1,1
0.0125,86.975,86.975,false,5137.3,5408.9,1,1
0.0125,102.35,102.35,false,4619.9,4825.4,1,1
0.0125,120.45,120.45,false,4140.2,4305.1,1,1
0.0125,141.75,141.75,false,3654.4,3790.8,1,1
0.0125,166.81,166.81,false,3106.8,3206.7,1,1
0.0125,196.3,196.3,false,2651.8,2719.9,1,1
0.0125,231.01,231.01,false,2304.9,2351,1,1
0.0125,271.86,271.86,false,2041.6,2074.8,1,1
0.0125,319.93,319.93,false,1833.6,1858.1,1,1
0.0125,376.49,376.49,false,1679.8,1697.6,1,1
0.0125,443.06,443.06,false,1565,1578.5,1,1
0.0125,521.4,521.4,false,1479.8,1490.5,1,1
0.0125,613.59,613.59,false,1399.2,1408.4,1,1
0.0125,722.08,722.08,false,1299.1,1310.3,1,1
0.0125,849.75,849.75,false,1140,1149.1,1,1
0.0125,1000,1000,false,984.02,990.91,1,1
0.015,0.0001,0.0001,false,3.4849,63.693,0.99866,0.99866
0.015,0.00011768,0.00011768,false,4.0074,74.623,0.99852,0.99852
0.015,0.00013849,0.00013849,false,4.6199,87.487,0.99835,0.99835
0.015,0.00016298,0.00016298,false,5.3384,102.63,0.99816,0.99816
0.015,0.00019179,0.00019179,false,6.1679,119.88,0.99795,0.99795
0.015,0.0002257,0.0002257,false,7.1187,139.23,0.99775,0.99775
0.015,0.00026561,0.00026561,false,8.2356,162,0.99751,0.99751
0.015,0.00031257,0.00031257,false,9.5482,188.76,0.99723,0.99723
0.015,0.00036784,0.00036784,false,11.091,220.3,0.99691,0.99691
0.015,0.00043288,0.00043288,false,12.905,257.36,0.99652,0.99652
0.015,0.00050941,0.00050941,false,15.006,299.82,0.99611,0.99611
0.015,0.00059948,0.00059948,false,17.362,345.39,0.9958,0.9958
0.015,0.00070548,0.00070548,false,20.133,399.03,0.99542,0.99542
0.015,0.00083022,0.00083022,false,23.393,462.17,0.99498,0.99498
0.015,0.00097701,0.00097701,false,27.229,536.36,0.99447,0.99447
0.015,0.0011498,0.0011498,false,31.742,623.82,0.99386,0.99386
0.015,0.001353,0.001353,false,37.016,725.59,0.99317,0.99317
0.015,0.0015923,0.0015923,false,42.747,832.63,0.99259,0.99259
0.015,0.0018738,0.0018738,false,49.49,958.64,0.99191,0.99191
0.015,0.0022051,0.0022051,false,57.426,1106.7,0.99111,0.99111
0.015,0.002595,0.002595,false,66.763,1281,0.99017,0.99017
0.015,0.0030539,0.0030539,false,77.752,1486.1,0.98906,0.98906
0.015,0.0035938,0.0035938,false,90.683,1727.4,0.98776,0.98776
0.015,0.0042292,0.0042292,false,103.87,1968.4,0.98641,0.98641
0.015,0.004977,0.004977,false,119.15,2246.7,0.98485,0.98485
0.015,0.005857,0.005857,false,137.13,2575.1,0.98301,0.98301
0.015,0.0068926,0.0068926,false,158.29,2961,0.98085,0.98085
0.015,0.0081113,0.0081113,false,183.19,3414,0.97831,0.97831
0.015,0.0095455,0.0095455,false,212.49,3946.8,0.97531,0.97531
0.015,0.011233,0.011233,false,240.2,4444.1,0.97257,0.97257
0.015,0.013219,0.013219,false,269.46,4965.2,0.96972,0.96972
0.015,0.015557,0.015557,false,303.88,5579.4,0.96637,0.96637
0.015,0.018307,0.018307,false,344.39,6300.9,0.96242,0.96242
0.015,0.021544,0.021544,false,392.07,7149.9,0.95778,0.95778
0.015,0.025354,0.025354,false,448.16,8142.6,0.95232,0.95232
0.015,0.029836,0.029836,false,502.02,9083,0.94751,0.94751
0.015,0.035112,0.035112,false,546.03,9830,0.94442,0.94442
0.015,0.04132,0.04132,false,597.81,10705,0.94079,0.94079
0.015,0.048626,0.048626,false,658.75,11733,0.93651,0.93651
0.015,0.057224,0.057224,false,730.45,12938,0.93147,0.93147
0.015,0.067342,0.067342,false,814.81,14349,0.92555,0.92555
0.015,0.079248,0.079248,false,907.29,15854,0.91953,0.91953
0.015,0.09326,0.09326,false,970.55,16715,0.91881,0.91881
0.015,0.10975,0.10975,false,1045,17722,0.91796,0.91796
0.015,0.12915,0.12915,false,1132.5,18900,0.91697,0.91697
0.015,0.15199,0.15199,false,1235.4,20269,0.9158,0.9158
0.015,0.17886,0.17886,false,1356.4,21840,0.91442,0.91442
0.015,0.21049,0.21049,false,1495.4,23515,0.91336,0.91336
0.015,0.24771,0.24771,false,1634.3,24503,0.91635,0.91635
0.015,0.29151,0.29151,false,1797.3,25653,0.91986,0.91986
0.015,0.34305,0.34305,false,1988.8,26950,0.92399,0.92399
0.015,0.4037,0.4037,false,2213.4,28172,0.92885,0.92885
0.015,0.47508,0.47508,false,2476.8,29613,0.93457,0.93457
0.015,0.55908,0.55908,false,2787.2,30671,0.9401,0.9401
0.015,0.65793,0.65793,false,3151.9,31482,0.94563,0.94563
0.015,0.77426,0.77426,false,3577.7,32484,0.95214,0.95214
0.015,0.91116,0.91116,false,4074.1,33717,0.95979,0.95979
0.015,1.0723,1.0723,false,4651.2,35168,0.96881,0.96881
0.015,1.2619,1.2619,false,5272.2,35929,0.97511,0.97511
0.015,1.485,1.485,false,5954.6,36187,0.97937,0.97937
0.015,1.7475,1.7475,false,6739.1,36601,0.98439,0.98439
0.015,2.0565,2.0565,false,7636,37213,0.99029,0.99029
0.015,2.4201,2.4201,false,8560.3,37472,0.99535,0.99535
0.015,2.848,2.848,false,9366.6,36484,0.99645,0.99645
0.015,3.3516,3.3516,false,10265,35549,0.99776,0.99776
0.015,3.9442,3.9442,false,11257,34855,0.99929,0.99929
0.015,4.6416,4.6416,false,11997,33560,0.99979,0.99979
0.015,5.4623,5.4623,false,12658,31863,0.99988,0.99988
0.015,6.4281,6.4281,false,13350,30241,0.99998,0.99998
0.015,7.5646,7.5646,false,13518,28225,1,1
0.015,8.9022,8.9022,false,13598,26211,1,1
0.015,10.476,10.476,false,13641,24228,1,1
0.015,12.328,12.328,false,13649,22323,1,1
0.015,14.508,14.508,false,13207,20291,1,1
0.015,17.074,17.074,false,12583,18382,1,1
0.015,20.092,20.092,false,11936,16632,1,1
0.015,23.645,23.645,false,11276,14996,1,1
0.015,27.826,27.826,false,10418,13262,1,1
0.015,32.745,32.745,false,9471.6,11619,1,1
0.015,38.535,38.535,false,8605.6,10239,1,1
0.015,45.349,45.349,false,7826.5,9095.1,1,1
0.015,53.367,53.367,false,7030.1,8042.6,1,1
0.015,62.803,62.803,false,6254,7033.9,1,1
0.015,73.907,73.907,false,5517,6093.8,1,1
0.015,86.975,86.975,false,4828.4,5255.7,1,1
0.015,102.35,102.35,false,4222.9,4530,1,1
0.015,120.45,120.45,false,3778.3,3992.5,1,1
0.015,141.75,141.75,false,3416.6,3580,1,1
0.015,166.81,166.81,false,3057.2,3187.8,1,1
0.015,196.3,196.3,false,2664,2766.9,1,1
0.015,231.01,231.01,false,2272.1,2347.5,1,1
0.015,271.86,271.86,false,1948.3,2000.5,1,1
0.015,319.93,319.93,false,1700.9,1736,1,1
0.015,376.49,376.49,false,1517.8,1543.3,1,1
0.015,443.06,443.06,false,1371.2,1389.9,1,1
0.015,521.4,521.4,false,1259.5,1273.3,1,1
0.015,613.59,613.59,false,1177.2,1187.7,1,1
0.015,722.08,722.08,false,1111.3,1119.6,1,1
0.015,849.75,849.75,false,1047.7,1054.6,1,1
0.015,1000,1000,false,976.78,984.67,1,1
0.02,0.0001,0.0001,false,1.1312,19.289,0.9992,0.9992
0.02,0.00011768,0.00011768,false,1.2663,22.536,0.99912,0.99912
0.02,0.00013849,0.00013849,false,1.4226,26.334,0.99904,0.99904
0.02,0.00016298,0.00016298,false,1.6041,30.805,0.99894,0.99894
0.02,0.00019179,0.00019179,false,1.8152,36.066,0.99882,0.99882
0.02,0.0002257,0.0002257,false,2.0612,42.272,0.99868,0.99868
0.02,0.00026561,0.00026561,false,2.3481,49.561,0.99852,0.99852
0.02,0.00031257,0.00031257,false,2.6729,57.656,0.99838,0.99838
0.02,0.00036784,0.00036784,false,3.0487,67.001,0.99823,0.99823
0.02,0.00043288,0.00043288,false,3.4886,77.973,0.99806,0.99806
0.02,0.00050941,0.00050941,false,4.0038,90.917,0.99786,0.99786
0.02,0.00059948,0.00059948,false,4.6076,106.15,0.99763,0.99763
0.02,0.00070548,0.00070548,false,5.3158,124.04,0.99735,0.99735
0.02,0.00083022,0.00083022,false,6.1211,144.06,0.99711,0.99711
0.02,0.00097701,0.00097701,false,7.0476,166.75,0.9969,0.9969
0.02,0.0011498,0.0011498,false,8.1358,193.46,0.99664,0.99664
0.02,0.001353,0.001353,false,9.4146,224.9,0.99634,0.99634
0.02,0.0015923,0.0015923,false,10.918,261.82,0.99599,0.99599
0.02,0.0018738,0.0018738,false,12.685,305.36,0.99558,0.99558
0.02,0.0022051,0.0022051,false,14.692,354.15,0.99513,0.99513
0.02,0.002595,0.002595,false,16.954,408.42,0.99464,0.99464
0.02,0.0030539,0.0030539,false,19.615,472.31,0.99406,0.99406
0.02,0.0035938,0.0035938,false,22.746,547.54,0.99339,0.99339
0.02,0.0042292,0.0042292,false,26.429,635.85,0.99259,0.99259
0.02,0.004977,0.004977,false,30.763,739.72,0.99166,0.99166
0.02,0.005857,0.005857,false,35.634,855.65,0.99061,0.99061
0.02,0.0068926,0.0068926,false,40.707,973.81,0.98951,0.98951
0.02,0.0081113,0.0081113,false,46.677,1113,0.98821,0.98821
0.02,0.0095455,0.0095455,false,53.701,1276.9,0.98669,0.98669
0.02,0.011233,0.011233,false,61.967,1469.2,0.98489,0.98489
0.02,0.013219,0.013219,false,71.694,1694.6,0.98278,0.98278
0.02,0.015557,0.015557,false,82.864,1952.9,0.98038,0.98038
0.02,0.018307,0.018307,false,92.31,2169.6,0.97869,0.97869
0.02,0.021544,0.021544,false,103.42,2424,0.97671,0.97671
0.02,0.025354,0.025354,false,116.5,2722.6,0.97437,0.97437
0.02,0.029836,0.029836,false,131.9,3072.6,0.97162,0.97162
0.02,0.035112,0.035112,false,150.01,3483.8,0.96838,0.96838
0.02,0.04132,0.04132,false,171.32,3964.3,0.96457,0.96457
0.02,0.048626,0.048626,false,187.77,4315.1,0.96305,0.96305
0.02,0.057224,0.057224,false,205.51,4685.5,0.96181,0.96181
0.02,0.067342,0.067342,false,226.39,5122.5,0.96035,0.96035
0.02,0.079248,0.079248,false,250.96,5634.1,0.95863,0.95863
0.02,0.09326,0.09326,false,279.87,6227.7,0.95661,0.95661
0.02,0.10975,0.10975,false,313.89,6917.6,0.95423,0.95423
0.02,0.12915,0.12915,false,346.61,7471.8,0.95406,0.95406
0.02,0.15199,0.15199,false,381.87,8011,0.95503,0.95503
0.02,0.17886,0.17886,false,423.36,8638.6,0.95617,0.95617
0.02,0.21049,0.21049,false,472.16,9365.6,0.95751,0.95751
0.02,0.24771,0.24771,false,529.56,10202,0.95909,0.95909
0.02,0.29151,0.29151,false,597.05,11157,0.96094,0.96094
0.02,0.34305,0.34305,false,675.87,11895,0.96304,0.96304
0.02,0.4037,0.4037,false,768.34,12614,0.96547,0.96547
0.02,0.47508,0.47508,false,877.01,13476,0.96834,0.96834
0.02,0.55908,0.55908,false,1004.6,14480,0.97172,0.97172
0.02,0.65793,0.65793,false,1154.4,15636,0.97569,0.97569
0.02,0.77426,0.77426,false,1328,16812,0.97977,0.97977
0.02,0.91116,0.91116,false,1521.6,17490,0.9819,0.9819
0.02,1.0723,1.0723,false,1748.2,18297,0.9844,0.9844
0.02,1.2619,1.2619,false,2013.1,19235,0.98735,0.98735
0.02,1.485,1.485,false,2322.3,20329,0.99081,0.99081
0.02,1.7475,1.7475,false,2676.8,21499,0.9946,0.9946
0.02,2.0565,2.0565,false,3019.3,21766,0.99546,0.99546
0.02,2.4201,2.4201,false,3415.4,22059,0.99648,0.99648
0.02,2.848,2.848,false,3871.9,22431,0.99767,0.99767
0.02,3.3516,3.3516,false,4396.2,22951,0.99908,0.99908
0.02,3.9442,3.9442,false,4872.7,22804,0.99965,0.99965
0.02,4.6416,4.6416,false,5348.9,22277,0.99975,0.99975
0.02,5.4623,5.4623,false,5882.7,21770,0.99987,0.99987
0.02,6.4281,6.4281,false,6452.5,21320,0.99999,0.99999
0.02,7.5646,7.5646,false,6848.9,20446,1,1
0.02,8.9022,8.9022,false,7270.9,19489,1,1
0.02,10.476,10.476,false,7632.2,18442,1,1
0.02,12.328,12.328,false,7747.1,17228,1,1
0.02,14.508,14.508,false,7847.8,16050,1,1
0.02,17.074,17.074,false,7930.7,14889,1,1
0.02,20.092,20.092,false,7962.2,13716,1,1
0.02,23.645,23.645,false,7657.6,12387,1,1
0.02,27.826,27.826,false,7333.4,11211,1,1
0.02,32.745,32.745,false,6993.7,10144,1,1
0.02,38.535,38.535,false,6641.7,9143.9,1,1
0.02,45.349,45.349,false,6122.2,8040.9,1,1
0.02,53.367,53.367,false,5617.5,7075.6,1,1
0.02,62.803,62.803,false,5152.3,6269.3,1,1
0.02,73.907,73.907,false,4714.5,5591.3,1,1
0.02,86.975,86.975,false,4265.7,4973.8,1,1
0.02,102.35,102.35,false,3825.7,4384.9,1,1
0.02,120.45,120.45,false,3388.3,3805.8,1,1
0.02,141.75,141.75,false,2992.6,3300.4,1,1
0.02,166.81,166.81,false,2650,2868.1,1,1
0.02,196.3,196.3,false,2382.3,2536,1,1
0.02,231.01,231.01,false,2150.8,2267.7,1,1
0.02,271.86,271.86,false,1928.5,2020,1,1
0.02,319.93,319.93,false,1661.6,1730.1,1,1
0.02,376.49,376.49,false,1426.5,1476.7,1,1
0.02,443.06,443.06,false,1232.3,1267.8,1,1
0.02,521.4,521.4,false,1080.7,1104.7,1,1
0.02,613.59,613.59,false,969.3,986.52,1,1
0.02,722.08,722.08,false,880.7,893.68,1,1
0.02,849.75,849.75,false,810.49,820.12,1,1
0.02,1000,1000,false,758.3,765.64,1,1
0.025,0.0001,0.0001,false,0.58593,7.6807,0.99947,0.99947
0.025,0.00011768,0.00011768,false,0.6408,9.0224,0.99941,0.99941
0.025,0.00013849,0.00013849,false,0.70363,10.606,0.99935,0.99935
0.025,0.00016298,0.00016298,false,0.77429,12.402,0.99928,0.99928
0.025,0.00019179,0.00019179,false,0.85524,14.503,0.99921,0.99921
0.025,0.0002257,0.0002257,false,0.9485,16.984,0.99913,0.99913
0.025,0.00026561,0.00026561,false,1.0561,19.895,0.99904,0.99904
0.025,0.00031257,0.00031257,false,1.1806,23.32,0.99892,0.99892
0.025,0.00036784,0.00036784,false,1.3247,27.351,0.99879,0.99879
0.025,0.00043288,0.00043288,false,1.4874,31.86,0.99868,0.99868
0.025,0.00050941,0.00050941,false,1.6742,37.052,0.99858,0.99858
0.025,0.00059948,0.00059948,false,1.8916,43.163,0.99847,0.99847
0.025,0.00070548,0.00070548,false,2.145,50.358,0.99833,0.99833
0.025,0.00083022,0.00083022,false,2.4405,58.825,0.99816,0.99816
0.025,0.00097701,0.00097701,false,2.7857,68.759,0.99797,0.99797
0.025,0.0011498,0.0011498,false,3.18,80.055,0.99779,0.99779
0.025,0.001353,0.001353,false,3.6327,92.918,0.99762,0.99762
0.025,0.0015923,0.0015923,false,4.163,108.06,0.99742,0.99742
0.025,0.0018738,0.0018738,false,4.7847,125.88,0.99718,0.99718
0.025,0.0022051,0.0022051,false,5.5138,146.86,0.99691,0.99691
0.025,0.002595,0.002595,false,6.3695,171.54,0.99658,0.99658
0.025,0.0030539,0.0030539,false,7.3441,199.34,0.99621,0.99621
0.025,0.0035938,0.0035938,false,8.4375,230.27,0.99578,0.99578
0.025,0.0042292,0.0042292,false,9.7224,266.55,0.99528,0.99528
0.025,0.004977,0.004977,false,11.233,309.13,0.99468,0.99468
0.025,0.005857,0.005857,false,13.008,359.39,0.99399,0.99399
0.025,0.0068926,0.0068926,false,15.096,418.31,0.99317,0.99317
0.025,0.0081113,0.0081113,false,17.452,484.39,0.99225,0.99225
0.025,0.0095455,0.0095455,false,19.853,550.42,0.99137,0.99137
0.025,0.011233,0.011233,false,22.678,627.9,0.99033,0.99033
0.025,0.013219,0.013219,false,26.001,719.12,0.9891,0.9891
0.025,0.015557,0.015557,false,29.911,826.07,0.98766,0.98766
0.025,0.018307,0.018307,false,34.511,951.76,0.98596,0.98596
0.025,0.021544,0.021544,false,39.849,1097.3,0.98401,0.98401
0.025,0.025354,0.025354,false,44.25,1214.8,0.98295,0.98295
0.025,0.029836,0.029836,false,49.43,1354,0.9817,0.9817
0.025,0.035112,0.035112,false,55.524,1516.4,0.98022,0.98022
0.025,0.04132,0.04132,false,62.696,1707.4,0.97849,0.97849
0.025,0.048626,0.048626,false,71.135,1930.6,0.97645,0.97645
0.025,0.057224,0.057224,false,81.066,2192,0.97405,0.97405
0.025,0.067342,0.067342,false,89.534,2394.1,0.97356,0.97356
0.025,0.079248,0.079248,false,98.925,2614.7,0.97339,0.97339
0.025,0.09326,0.09326,false,109.98,2871.1,0.9732,0.9732
0.025,0.10975,0.10975,false,122.98,3170.6,0.97297,0.97297
0.025,0.12915,0.12915,false,138.28,3518.8,0.97271,0.97271
0.025,0.15199,0.15199,false,156.29,3919.4,0.97239,0.97239
0.025,0.17886,0.17886,false,175.94,4271.3,0.97311,0.97311
0.025,0.21049,0.21049,false,198.58,4645.6,0.97431,0.97431
0.025,0.24771,0.24771,false,225.21,5084.1,0.97571,0.97571
0.025,0.29151,0.29151,false,256.54,5587,0.97736,0.97736
0.025,0.34305,0.34305,false,293.4,6163.4,0.9793,0.9793
0.025,0.4037,0.4037,false,336.73,6804.4,0.98158,0.98158
0.025,0.47508,0.47508,false,387.53,7317.1,0.98301,0.98301
0.025,0.55908,0.55908,false,447.21,7874.2,0.98448,0.98448
0.025,0.65793,0.65793,false,517.34,8523.1,0.98622,0.98622
0.025,0.77426,0.77426,false,599.74,9271.4,0.98826,0.98826
0.025,0.91116,0.91116,false,696.5,10137,0.99065,0.99065
0.025,1.0723,1.0723,false,807.45,11000,0.99298,0.99298
0.025,1.2619,1.2619,false,927.41,11503,0.99382,0.99382
0.025,1.485,1.485,false,1068,12094,0.99481,0.99481
0.025,1.7475,1.7475,false,1232.5,12765,0.99597,0.99597
0.025,2.0565,2.0565,false,1424.7,13552,0.99734,0.99734
0.025,2.4201,2.4201,false,1646.7,14423,0.99887,0.99887
0.025,2.848,2.848,false,1857.3,14641,0.99905,0.99905
0.025,3.3516,3.3516,false,2101.4,14876,0.99927,0.99927
0.025,3.9442,3.9442,false,2383.9,15162,0.99953,0.99953
0.025,4.6416,4.6416,false,2709.1,15511,0.99984,0.99984
0.025,5.4623,5.4623,false,3014.7,15512,0.99997,0.99997
0.025,6.4281,6.4281,false,3317.4,15205,0.99998,0.99998
0.025,7.5646,7.5646,false,3658.8,14892,0.99999,0.99999
0.025,8.9022,8.9022,false,4034.9,14596,1,1
0.025,10.476,10.476,false,4299.9,14032,1,1
0.025,12.328,12.328,false,4586.2,13436,1,1
0.025,14.508,14.508,false,4850.4,12750,1,1
0.025,17.074,17.074,false,4951.8,11925,1,1
0.025,20.092,20.092,false,5047.6,11143,1,1
0.025,23.645,23.645,false,5133.2,10368,1,1
0.025,27.826,27.826,false,5200.2,9593,1,1
0.025,32.745,32.745,false,5036.6,8668.4,1,1
0.025,38.535,38.535,false,4856.9,7846.7,1,1
0.025,45.349,45.349,false,4663.8,7106.2,1,1
0.025,53.367,53.367,false,4457.3,6417.7,1,1
0.025,62.803,62.803,false,4156,5675.7,1,1
0.025,73.907,73.907,false,3853,5021,1,1
0.025,86.975,86.975,false,3567.7,4470.5,1,1
0.025,102.35,102.35,false,3294.3,4005.8,1,1
0.025,120.45,120.45,false,3003.3,3578.9,1,1
0.025,141.75,141.75,false,2718,3180.8,1,1
0.025,166.81,166.81,false,2425.9,2778,1,1
0.025,196.3,196.3,false,2155.5,2413.8,1,1
0.025,231.01,231.01,false,1916,2100,1,1
0.025,271.86,271.86,false,1721.9,1851,1,1
0.025,319.93,319.93,false,1555.2,1651.6,1,1
0.025,376.49,376.49,false,1396.1,1470.5,1,1
0.025,443.06,443.06,false,1209.2,1264.3,1,1
0.025,521.4,521.4,false,1041.9,1082.3,1,1
0.025,613.59,613.59,false,901.77,930.84,1,1
0.025,722.08,722.08,false,790.4,810.52,1,1
0.025,849.75,849.75,false,707.49,721.51,1,1
0.025,1000,1000,false,641.51,651.94,1,1
0.03,0.0001,0.0001,false,0.39252,3.7412,0.99961,0.99961
0.03,0.00011768,0.00011768,false,0.42069,4.3841,0.99957,0.99957
0.03,0.00013849,0.00013849,false,0.45263,5.1434,0.99953,0.99953
0.03,0.00016298,0.00016298,false,0.48889,6.0338,0.99948,0.99948
0.03,0.00019179,0.00019179,false,0.52996,7.0775,0.99942,0.99942
0.03,0.0002257,0.0002257,false,0.57577,8.2546,0.99937,0.99937
0.03,0.00026561,0.00026561,false,0.62812,9.6452,0.99931,0.99931
0.03,0.00031257,0.00031257,false,0.68803,11.276,0.99924,0.99924
0.03,0.00036784,0.00036784,false,0.75673,13.196,0.99915,0.99915
0.03,0.00043288,0.00043288,false,0.83566,15.454,0.99906,0.99906
0.03,0.00050941,0.00050941,false,0.92648,18.12,0.99894,0.99894
0.03,0.00059948,0.00059948,false,1.0277,21.074,0.99887,0.99887
0.03,0.00070548,0.00070548,false,1.1447,24.55,0.99879,0.99879
0.03,0.00083022,0.00083022,false,1.2801,28.642,0.9987,0.9987
0.03,0.00097701,0.00097701,false,1.4371,33.441,0.99859,0.99859
0.03,0.0011498,0.0011498,false,1.6194,39.107,0.99846,0.99846
0.03,0.001353,0.001353,false,1.8314,45.774,0.99831,0.99831
0.03,0.0015923,0.0015923,false,2.0705,53.204,0.99817,0.99817
0.03,0.0018738,0.0018738,false,2.3479,61.882,0.99801,0.99801
0.03,0.0022051,0.0022051,false,2.6719,72.14,0.99782,0.99782
0.03,0.002595,0.002595,false,3.0505,84.171,0.9976,0.9976
0.03,0.0030539,0.0030539,false,3.4934,98.328,0.99734,0.99734
0.03,0.0035938,0.0035938,false,4.012,114.91,0.99703,0.99703
0.03,0.0042292,0.0042292,false,4.5853,133.09,0.99667,0.99667
0.03,0.004977,0.004977,false,5.2428,153.81,0.99627,0.99627
0.03,0.005857,0.005857,false,6.0142,178.2,0.99578,0.99578
0.03,0.0068926,0.0068926,false,6.9199,206.92,0.99522,0.99522
0.03,0.0081113,0.0081113,false,7.9835,240.7,0.99455,0.99455
0.03,0.0095455,0.0095455,false,9.233,280.26,0.99376,0.99376
0.03,0.011233,0.011233,false,10.547,321.39,0.993,0.993
0.03,0.013219,0.013219,false,11.957,365.12,0.99224,0.99224
0.03,0.015557,0.015557,false,13.615,416.39,0.99135,0.99135
0.03,0.018307,0.018307,false,15.565,476.74,0.99031,0.99031
0.03,0.021544,0.021544,false,17.858,547.72,0.98907,0.98907
0.03,0.025354,0.025354,false,20.555,630.74,0.98762,0.98762
0.03,0.029836,0.029836,false,23.35,715.39,0.98637,0.98637
0.03,0.035112,0.035112,false,25.96,793.04,0.98572,0.98572
0.03,0.04132,0.04132,false,29.031,884.02,0.98494,0.98494
0.03,0.048626,0.048626,false,32.644,991.11,0.98404,0.98404
0.03,0.057224,0.057224,false,36.896,1116.2,0.98297,0.98297
0.03,0.067342,0.067342,false,41.899,1262.9,0.98171,0.98171
0.03,0.079248,0.079248,false,47.487,1419.9,0.98063,0.98063
0.03,0.09326,0.09326,false,52.93,1556.3,0.98091,0.98091
0.03,0.10975,0.10975,false,59.334,1714.7,0.98124,0.98124
0.03,0.12915,0.12915,false,66.87,1899.8,0.98162,0.98162
0.03,0.15199,0.15199,false,75.738,2116.9,0.98207,0.98207
0.03,0.17886,0.17886,false,86.172,2366.9,0.9826,0.9826
0.03,0.21049,0.21049,false,98.405,2641.2,0.98325,0.98325
0.03,0.24771,0.24771,false,112.55,2894.5,0.98414,0.98414
0.03,0.29151,0.29151,false,129.19,3186.4,0.98518,0.98518
0.03,0.34305,0.34305,false,148.76,3525.1,0.9864,0.9864
0.03,0.4037,0.4037,false,171.79,3914.2,0.98784,0.98784
0.03,0.47508,0.47508,false,198.88,4358.6,0.98953,0.98953
0.03,0.55908,0.55908,false,230.54,4824.7,0.99118,0.99118
0.03,0.65793,0.65793,false,267.1,5203,0.99194,0.99194
0.03,0.77426,0.77426,false,310.09,5639.1,0.99284,0.99284
0.03,0.91116,0.91116,false,360.61,6148.7,0.9939,0.9939
0.03,1.0723,1.0723,false,419.97,6739.3,0.99514,0.99514
0.03,1.2619,1.2619,false,489.7,7414.7,0.99661,0.99661
0.03,1.485,1.485,false,565.96,7938,0.9975,0.9975
0.03,1.7475,1.7475,false,650.85,8340.8,0.99785,0.99785
0.03,2.0565,2.0565,false,750.3,8792,0.99827,0.99827
0.03,2.4201,2.4201,false,866.76,9315.6,0.99876,0.99876
0.03,2.848,2.848,false,1002.9,9924.7,0.99934,0.99934
0.03,3.3516,3.3516,false,1149.7,10414,0.99976,0.99976
0.03,3.9442,3.9442,false,1298.8,10598,0.99981,0.99981
0.03,4.6416,4.6416,false,1472.1,10808,0.99986,0.99986
0.03,5.4623,5.4623,false,1672.5,11035,0.99992,0.99992
0.03,6.4281,6.4281,false,1903.6,11312,0.99999,0.99999
0.03,7.5646,7.5646,false,2099.1,11182,1,1
0.03,8.9022,8.9022,false,2316.7,10996,1,1
0.03,10.476,10.476,false,2562.3,10790,1,1
0.03,12.328,12.328,false,2801,10515,1,1
0.03,14.508,14.508,false,2996.8,10129,1,1
0.03,17.074,17.074,false,3208.6,9710.8,1,1
0.03,20.092,20.092,false,3360.2,9164.9,1,1
0.03,23.645,23.645,false,3444.5,8575.3,1,1
0.03,27.826,27.826,false,3526.7,8021.6,1,1
0.03,32.745,32.745,false,3603.5,7474.7,1,1
0.03,38.535,38.535,false,3618.1,6873.1,1,1
0.03,45.349,45.349,false,3520,6219.9,1,1
0.03,53.367,53.367,false,3410.5,5639.7,1,1
0.03,62.803,62.803,false,3290.9,5117.8,1,1
0.03,73.907,73.907,false,3148,4613.5,1,1
0.03,86.975,86.975,false,2948,4085.8,1,1
0.03,102.35,102.35,false,2755.4,3639.5,1,1
0.03,120.45,120.45,false,2572.2,3265,1,1
0.03,141.75,141.75,false,2380.3,2934.1,1,1
0.03,166.81,166.81,false,2177.4,2625.1,1,1
0.03,196.3,196.3,false,1978.1,2339.2,1,1
0.03,231.01,231.01,false,1766.6,2035.5,1,1
0.03,271.86,271.86,false,1579.8,1777.9,1,1
0.03,319.93,319.93,false,1408.5,1547.1,1,1
0.03,376.49,376.49,false,1273.2,1371.7,1,1
0.03,443.06,443.06,false,1145.2,1219.6,1,1
0.03,521.4,521.4,false,1023.3,1080.1,1,1
0.03,613.59,613.59,false,881.9,923.36,1,1
0.03,722.08,722.08,false,762.87,793.14,1,1
0.03,849.75,849.75,false,663.88,685.56,1,1
0.03,1000,1000,false,585.29,600.3,1,1
0.04,0.0001,0.0001,false,0.25672,1.2112,0.99976,0.99976
0.04,0.00011768,0.00011768,false,0.26793,1.4191,0.99974,0.99974
0.04,0.00013849,0.00013849,false,0.28042,1.6604,0.99971,0.99971
0.04,0.00016298,0.00016298,false,0.29443,1.9457,0.99968,0.99968
0.04,0.00019179,0.00019179,false,0.31015,2.2798,0.99965,0.99965
0.04,0.0002257,0.0002257,false,0.32781,2.675,0.99961,0.99961
0.04,0.00026561,0.00026561,false,0.34768,3.14,0.99956,0.99956
0.04,0.00031257,0.00031257,false,0.36975,3.6726,0.99952,0.99952
0.04,0.00036784,0.00036784,false,0.39436,4.2895,0.99948,0.99948
0.04,0.00043288,0.00043288,false,0.42221,5.0123,0.99944,0.99944
0.04,0.00050941,0.00050941,false,0.45376,5.8627,0.99939,0.99939
0.04,0.00059948,0.00059948,false,0.48958,6.8683,0.99934,0.99934
0.04,0.00070548,0.00070548,false,0.5303,8.0464,0.99927,0.99927
0.04,0.00083022,0.00083022,false,0.57629,9.411,0.9992,0.9992
0.04,0.00097701,0.00097701,false,0.62801,10.977,0.99915,0.99915
0.04,0.0011498,0.0011498,false,0.68718,12.82,0.99909,0.99909
0.04,0.001353,0.001353,false,0.755,14.99,0.99902,0.99902
0.04,0.0015923,0.0015923,false,0.83288,17.544,0.99894,0.99894
0.04,0.0018738,0.0018738,false,0.92246,20.548,0.99884,0.99884
0.04,0.0022051,0.0022051,false,1.0249,24.023,0.99873,0.99873
0.04,0.002595,0.002595,false,1.1402,27.969,0.9986,0.9986
0.04,0.0030539,0.0030539,false,1.2735,32.592,0.99844,0.99844
0.04,0.0035938,0.0035938,false,1.4281,38.061,0.99826,0.99826
0.04,0.0042292,0.0042292,false,1.6074,44.468,0.99804,0.99804
0.04,0.004977,0.004977,false,1.8159,52.003,0.99779,0.99779
0.04,0.005857,0.005857,false,2.0569,60.793,0.99749,0.99749
0.04,0.0068926,0.0068926,false,2.314,70.041,0.99718,0.99718
0.04,0.0081113,0.0081113,false,2.6141,80.991,0.99682,0.99682
0.04,0.0095455,0.0095455,false,2.9648,93.818,0.9964,0.9964
0.04,0.011233,0.011233,false,3.375,108.91,0.9959,0.9959
0.04,0.013219,0.013219,false,3.855,126.66,0.99531,0.99531
0.04,0.015557,0.015557,false,4.4174,147.39,0.99461,0.99461
0.04,0.018307,0.018307,false,4.9556,166.98,0.99416,0.99416
0.04,0.021544,0.021544,false,5.5742,189.55,0.99366,0.99366
0.04,0.025354,0.025354,false,6.3003,216.13,0.99307,0.99307
0.04,0.029836,0.029836,false,7.1528,247.21,0.99237,0.99237
0.04,0.035112,0.035112,false,8.1543,283.51,0.99156,0.99156
0.04,0.04132,0.04132,false,9.3309,326.32,0.9906,0.9906
0.04,0.048626,0.048626,false,10.463,365.2,0.99026,0.99026
0.04,0.057224,0.057224,false,11.704,406.7,0.99014,0.99014
0.04,0.067342,0.067342,false,13.163,455.23,0.98999,0.98999
0.04,0.079248,0.079248,false,14.879,512.29,0.98983,0.98983
0.04,0.09326,0.09326,false,16.898,579.27,0.98963,0.98963
0.04,0.10975,0.10975,false,19.271,656.58,0.9894,0.9894
0.04,0.12915,0.12915,false,21.964,734.98,0.98955,0.98955
0.04,0.15199,0.15199,false,25.066,818.94,0.99,0.99
0.04,0.17886,0.17886,false,28.716,917.06,0.99053,0.99053
0.04,0.21049,0.21049,false,33.011,1031.5,0.99116,0.99116
0.04,0.24771,0.24771,false,38.064,1164.4,0.99189,0.99189
0.04,0.29151,0.29151,false,44.009,1317.1,0.99276,0.99276
0.04,0.34305,0.34305,false,50.996,1471.5,0.99342,0.99342
0.04,0.4037,0.4037,false,59.209,1631.7,0.99393,0.99393
0.04,0.47508,0.47508,false,68.872,1817.5,0.99452,0.99452
0.04,0.55908,0.55908,false,80.241,2034.8,0.99522,0.99522
0.04,0.65793,0.65793,false,93.615,2283.4,0.99604,0.99604
0.04,0.77426,0.77426,false,109.35,2570.9,0.99701,0.99701
0.04,0.91116,0.91116,false,127.25,2822.8,0.99756,0.99756
0.04,1.0723,1.0723,false,147.93,3065.2,0.99783,0.99783
0.04,1.2619,1.2619,false,172.25,3339.4,0.99816,0.99816
0.04,1.485,1.485,false,200.83,3660.8,0.99854,0.99854
0.04,1.7475,1.7475,false,234.42,4027.6,0.99899,0.99899
0.04,2.0565,2.0565,false,273.88,4451.2,0.99952,0.99952
0.04,2.4201,2.4201,false,314.81,4704.2,0.99961,0.99961
0.04,2.848,2.848,false,362.4,4964.9,0.99968,0.99968
0.04,3.3516,3.3516,false,418.19,5251.3,0.99976,0.99976
0.04,3.9442,3.9442,false,483.56,5583.3,0.99985,0.99985
0.04,4.6416,4.6416,false,560.03,5959.5,0.99995,0.99995
0.04,5.4623,5.4623,false,636.77,6174.9,0.99999,0.99999
0.04,6.4281,6.4281,false,721.05,6309,0.99999,0.99999
0.04,7.5646,7.5646,false,819.08,6454.6,0.99999,0.99999
0.04,8.9022,8.9022,false,932.74,6611,1,1
0.04,10.476,10.476,false,1053.3,6717.2,1,1
0.04,12.328,12.328,false,1163.5,6646.2,1,1
0.04,14.508,14.508,false,1289.2,6557.5,1,1
0.04,17.074,17.074,false,1431.8,6458.7,1,1
0.04,20.092,20.092,false,1553.4,6266.5,1,1
0.04,23.645,23.645,false,1671,6047.5,1,1
0.04,27.826,27.826,false,1799.9,5818.2,1,1
0.04,32.745,32.745,false,1869.7,5461.7,1,1
0.04,38.535,38.535,false,1930.5,5118.2,1,1
0.04,45.349,45.349,false,1991.4,4796.1,1,1
0.04,53.367,53.367,false,2050.9,4483.5,1,1
0.04,62.803,62.803,false,2046.4,4107.1,1,1
0.04,73.907,73.907,false,2009,3737.7,1,1
0.04,86.975,86.975,false,1964.7,3408.1,1,1
0.04,102.35,102.35,false,1913.8,3112.9,1,1
0.04,120.45,120.45,false,1835.7,2796,1,1
0.04,141.75,141.75,false,1741,2493.8,1,1
0.04,166.81,166.81,false,1648.6,2241.9,1,1
0.04,196.3,196.3,false,1559.9,2033.8,1,1
0.04,231.01,231.01,false,1446.4,1828.3,1,1
0.04,271.86,271.86,false,1331.6,1640.4,1,1
0.04,319.93,319.93,false,1213.3,1457.6,1,1
0.04,376.49,376.49,false,1091.2,1271.9,1,1
0.04,443.06,443.06,false,982.21,1114.4,1,1
0.04,521.4,521.4,false,881.59,974.9,1,1
0.04,613.59,613.59,false,799.47,866.99,1,1
0.04,722.08,722.08,false,718.43,769.74,1,1
0.04,849.75,849.75,false,634.18,672.54,1,1
0.04,1000,1000,false,549.23,577.16,1,1
0.05,0.0001,0.0001,false,0.21051,0.50398,0.99983,0.99983
0.05,0.00011768,0.00011768,false,0.21644,0.59206,0.99982,0.99982
0.05,0.00013849,0.00013849,false,0.22306,0.69634,0.9998,0.9998
0.05,0.00016298,0.00016298,false,0.23035,0.81727,0.99978,0.99978
0.05,0.00019179,0.00019179,false,0.23845,0.9573,0.99976,0.99976
0.05,0.0002257,0.0002257,false,0.24748,1.1232,0.99973,0.99973
0.05,0.00026561,0.00026561,false,0.25758,1.3184,0.99971,0.99971
0.05,0.00031257,0.00031257,false,0.26886,1.5468,0.99967,0.99967
0.05,0.00036784,0.00036784,false,0.28148,1.8171,0.99964,0.99964
0.05,0.00043288,0.00043288,false,0.29547,2.1277,0.9996,0.9996
0.05,0.00050941,0.00050941,false,0.31097,2.4885,0.99958,0.99958
0.05,0.00059948,0.00059948,false,0.32839,2.9104,0.99955,0.99955
0.05,0.00070548,0.00070548,false,0.34799,3.41,0.99952,0.99952
0.05,0.00083022,0.00083022,false,0.37008,3.9947,0.99948,0.99948
0.05,0.00097701,0.00097701,false,0.395,4.6822,0.99943,0.99943
0.05,0.0011498,0.0011498,false,0.42301,5.4876,0.99938,0.99938
0.05,0.001353,0.001353,false,0.45436,6.4096,0.99934,0.99934
0.05,0.0015923,0.0015923,false,0.48993,7.495,0.99928,0.99928
0.05,0.0018738,0.0018738,false,0.53036,8.7726,0.99922,0.99922
0.05,0.0022051,0.0022051,false,0.5764,10.276,0.99915,0.99915
0.05,0.002595,0.002595,false,0.62893,12.045,0.99906,0.99906
0.05,0.0030539,0.0030539,false,0.6886,14.093,0.99896,0.99896
0.05,0.0035938,0.0035938,false,0.75492,16.412,0.99884,0.99884
0.05,0.0042292,0.0042292,false,0.83107,19.142,0.99869,0.99869
0.05,0.004977,0.004977,false,0.91866,22.339,0.99852,0.99852
0.05,0.005857,0.005857,false,1.0196,26.099,0.99832,0.99832
0.05,0.0068926,0.0068926,false,1.136,30.52,0.99808,0.99808
0.05,0.0081113,0.0081113,false,1.2705,35.706,0.9978,0.9978
0.05,0.0095455,0.0095455,false,1.41,41.095,0.99755,0.99755
0.05,0.011233,0.011233,false,1.572,47.444,0.99726,0.99726
0.05,0.013219,0.013219,false,1.7603,54.873,0.99692,0.99692
0.05,0.015557,0.015557,false,1.9794,63.611,0.99651,0.99651
0.05,0.018307,0.018307,false,2.2348,73.879,0.99603,0.99603
0.05,0.021544,0.021544,false,2.5326,85.935,0.99547,0.99547
0.05,0.025354,0.025354,false,2.8219,97.451,0.99518,0.99518
0.05,0.029836,0.029836,false,3.15,110.56,0.99491,0.99491
0.05,0.035112,0.035112,false,3.5341,126,0.99458,0.99458
0.05,0.04132,0.04132,false,3.9839,144.02,0.9942,0.9942
0.05,0.048626,0.048626,false,4.511,165.18,0.99375,0.99375
0.05,0.057224,0.057224,false,5.1291,189.98,0.99322,0.99322
0.05,0.067342,0.067342,false,5.7753,213.93,0.99311,0.99311
0.05,0.079248,0.079248,false,6.4994,239.98,0.99322,0.99322
0.05,0.09326,0.09326,false,7.3498,270.43,0.99334,0.99334
0.05,0.10975,0.10975,false,8.3489,305.94,0.99348,0.99348
0.05,0.12915,0.12915,false,9.5229,347.59,0.99365,0.99365
0.05,0.15199,0.15199,false,10.903,395.95,0.99385,0.99385
0.05,0.17886,0.17886,false,12.532,446.62,0.99413,0.99413
0.05,0.21049,0.21049,false,14.454,501.07,0.99447,0.99447
0.05,0.24771,0.24771,false,16.714,565.23,0.99488,0.99488
0.05,0.29151,0.29151,false,19.373,639.46,0.99536,0.99536
0.05,0.34305,0.34305,false,22.5,726.33,0.99592,0.99592
0.05,0.4037,0.4037,false,26.179,827.02,0.99658,0.99658
0.05,0.47508,0.47508,false,30.475,928.49,0.99705,0.99705
0.05,0.55908,0.55908,false,35.499,1033.9,0.99731,0.99731
0.05,0.65793,0.65793,false,41.41,1155.8,0.99761,0.99761
0.05,0.77426,0.77426,false,48.364,1298.1,0.99797,0.99797
0.05,0.91116,0.91116,false,56.545,1462.3,0.9984,0.9984
0.05,1.0723,1.0723,false,66.17,1652.5,0.9989,0.9989
0.05,1.2619,1.2619,false,77.087,1821.2,0.99918,0.99918
0.05,1.485,1.485,false,89.618,1979.3,0.99928,0.99928
0.05,1.7475,1.7475,false,104.35,2161,0.9994,0.9994
0.05,2.0565,2.0565,false,121.68,2368.4,0.99954,0.99954
0.05,2.4201,2.4201,false,142.05,2608.6,0.9997,0.9997
0.05,2.848,2.848,false,165.98,2882.8,0.99989,0.99989
0.05,3.3516,3.3516,false,190.97,3064.8,0.99993,0.99993
0.05,3.9442,3.9442,false,219.82,3240.7,0.99994,0.99994
0.05,4.6416,4.6416,false,253.68,3436.7,0.99995,0.99995
0.05,5.4623,5.4623,false,293.37,3656.2,0.99997,0.99997
0.05,6.4281,6.4281,false,339.85,3904,0.99999,0.99999
0.05,7.5646,7.5646,false,387.22,4063.8,1,1
0.05,8.9022,8.9022,false,438.79,4168.3,1,1
0.05,10.476,10.476,false,498.85,4273.2,1,1
0.05,12.328,12.328,false,568.64,4384.2,1,1
0.05,14.508,14.508,false,644.24,4467,1,1
0.05,17.074,17.074,false,712.97,4431.5,1,1
0.05,20.092,20.092,false,791.69,4391.1,1,1
0.05,23.645,23.645,false,881.35,4336.3,1,1
0.05,27.826,27.826,false,960.99,4221.6,1,1
0.05,32.745,32.745,false,1037.8,4088.7,1,1
0.05,38.535,38.535,false,1122.5,3953,1,1
0.05,45.349,45.349,false,1174.8,3723.7,1,1
0.05,53.367,53.367,false,1219.9,3495.1,1,1
0.05,62.803,62.803,false,1266.7,3288.6,1,1
0.05,73.907,73.907,false,1313.6,3090.4,1,1
0.05,86.975,86.975,false,1323.9,2849.9,1,1
0.05,102.35,102.35,false,1310.8,2608.2,1,1
0.05,120.45,120.45,false,1292.7,2388.8,1,1
0.05,141.75,141.75,false,1270.5,2193.3,1,1
0.05,166.81,166.81,false,1231.8,1982.4,1,1
0.05,196.3,196.3,false,1179.5,1772,1,1
0.05,231.01,231.01,false,1128,1598.6,1,1
0.05,271.86,271.86,false,1077.6,1456,1,1
0.05,319.93,319.93,false,1007.5,1312.8,1,1
0.05,376.49,376.49,false,934.52,1181.1,1,1
0.05,443.06,443.06,false,859.04,1055.2,1,1
0.05,521.4,521.4,false,776.46,921.68,1,1
0.05,613.59,613.59,false,702.96,809.57,1,1
0.05,722.08,722.08,false,633.09,709.58,1,1
0.05,849.75,849.75,false,575.24,630.6,1,1
0.05,1000,1000,false,517.75,559.75,1,1
0.06,0.0001,0.0001,false,0.18981,0.25292,0.99988,0.99988
0.06,0.00011768,0.00011768,false,0.19339,0.29688,0.99986,0.99986
0.06,0.00013849,0.00013849,false,0.19738,0.34861,0.99985,0.99985
0.06,0.00016298,0.00016298,false,0.20182,0.40902,0.99983,0.99983
0.06,0.00019179,0.00019179,false,0.20677,0.48062,0.99981,0.99981
0.06,0.0002257,0.0002257,false,0.21219,0.56283,0.9998,0.9998
0.06,0.00026561,0.00026561,false,0.21822,0.65936,0.99978,0.99978
0.06,0.00031257,0.00031257,false,0.22494,0.77222,0.99976,0.99976
0.06,0.00036784,0.00036784,false,0.23243,0.9059,0.99974,0.99974
0.06,0.00043288,0.00043288,false,0.24078,1.0621,0.99971,0.99971
0.06,0.00050941,0.00050941,false,0.2501,1.2471,0.99968,0.99968
0.06,0.00059948,0.00059948,false,0.26037,1.4602,0.99966,0.99966
0.06,0.00070548,0.00070548,false,0.2718,1.7078,0.99964,0.99964
0.06,0.00083022,0.00083022,false,0.28459,2.0012,0.99962,0.99962
0.06,0.00097701,0.00097701,false,0.29892,2.3443,0.99959,0.99959
0.06,0.0011498,0.0011498,false,0.315,2.7478,0.99956,0.99956
0.06,0.001353,0.001353,false,0.33306,3.2256,0.99952,0.99952
0.06,0.0015923,0.0015923,false,0.35318,3.7741,0.99948,0.99948
0.06,0.0018738,0.0018738,false,0.37573,4.4131,0.99943,0.99943
0.06,0.0022051,0.0022051,false,0.40117,5.1653,0.99938,0.99938
0.06,0.002595,0.002595,false,0.42994,6.0506,0.99932,0.99932
0.06,0.0030539,0.0030539,false,0.4625,7.092,0.99924,0.99924
0.06,0.0035938,0.0035938,false,0.49944,8.3167,0.99915,0.99915
0.06,0.0042292,0.0042292,false,0.54057,9.7171,0.99905,0.99905
0.06,0.004977,0.004977,false,0.58646,11.308,0.99893,0.99893
0.06,0.005857,0.005857,false,0.63886,13.193,0.99878,0.99878
0.06,0.0068926,0.0068926,false,0.69879,15.398,0.99861,0.99861
0.06,0.0081113,0.0081113,false,0.76744,18.007,0.99841,0.99841
0.06,0.0095455,0.0095455,false,0.84623,21.057,0.99818,0.99818
0.06,0.011233,0.011233,false,0.93312,24.48,0.99794,0.99794
0.06,0.013219,0.013219,false,1.0254,28.165,0.99773,0.99773
0.06,0.015557,0.015557,false,1.132,32.474,0.99749,0.99749
0.06,0.018307,0.018307,false,1.2554,37.58,0.9972,0.9972
0.06,0.021544,0.021544,false,1.3984,43.544,0.99686,0.99686
0.06,0.025354,0.025354,false,1.5643,50.547,0.99647,0.99647
0.06,0.029836,0.029836,false,1.7507,58.458,0.99607,0.99607
0.06,0.035112,0.035112,false,1.9373,66.216,0.99596,0.99596
0.06,0.04132,0.04132,false,2.1548,75.355,0.99583,0.99583
0.06,0.048626,0.048626,false,2.4087,86.107,0.99567,0.99567
0.06,0.057224,0.057224,false,2.7052,98.743,0.99549,0.99549
0.06,0.067342,0.067342,false,3.0517,113.45,0.99527,0.99527
0.06,0.079248,0.079248,false,3.4555,130.39,0.99503,0.99503
0.06,0.09326,0.09326,false,3.8931,146.78,0.99518,0.99518
0.06,0.10975,0.10975,false,4.4059,166.11,0.99535,0.99535
0.06,0.12915,0.12915,false,5.0073,188.66,0.99556,0.99556
0.06,0.15199,0.15199,false,5.7127,215.15,0.9958,0.9958
0.06,0.17886,0.17886,false,6.5406,245.93,0.99608,0.99608
0.06,0.21049,0.21049,false,7.5126,281.63,0.99641,0.99641
0.06,0.24771,0.24771,false,8.6782,316.67,0.99664,0.99664
0.06,0.29151,0.29151,false,10.05,357.13,0.99689,0.99689
0.06,0.34305,0.34305,false,11.662,403.96,0.99718,0.99718
0.06,0.4037,0.4037,false,13.558,458.97,0.99753,0.99753
0.06,0.47508,0.47508,false,15.787,523.01,0.99794,0.99794
0.06,0.55908,0.55908,false,18.409,597.29,0.99842,0.99842
0.06,0.65793,0.65793,false,21.435,667.04,0.9986,0.9986
0.06,0.77426,0.77426,false,24.986,744.96,0.99875,0.99875
0.06,0.91116,0.91116,false,29.163,835.74,0.99892,0.99892
0.06,1.0723,1.0723,false,34.077,940.65,0.99912,0.99912
0.06,1.2619,1.2619,false,39.859,1062.7,0.99937,0.99937
0.06,1.485,1.485,false,46.659,1201.6,0.99965,0.99965
0.06,1.7475,1.7475,false,54.207,1309.2,0.99971,0.99971
0.06,2.0565,2.0565,false,63.037,1427,0.99975,0.99975
0.06,2.4201,2.4201,false,73.422,1562,0.9998,0.9998
0.06,2.848,2.848,false,85.63,1714,0.99985,0.99985
0.06,3.3516,3.3516,false,99.984,1891.4,0.99992,0.99992
0.06,3.9442,3.9442,false,116.4,2073.6,0.99998,0.99998
0.06,4.6416,4.6416,false,133.74,2196.4,0.99999,0.99999
0.06,5.4623,5.4623,false,154.1,2331.3,0.99999,0.99999
0.06,6.4281,6.4281,false,177.98,2476.1,0.99999,0.99999
0.06,7.5646,7.5646,false,205.99,2639.7,1,1
0.06,8.9022,8.9022,false,238.8,2825.8,1,1
0.06,10.476,10.476,false,270.15,2903.4,1,1
0.06,12.328,12.328,false,306.68,2984.5,1,1
0.06,14.508,14.508,false,349.27,3067.9,1,1
0.06,17.074,17.074,false,398.79,3154.9,1,1
0.06,20.092,20.092,false,447.71,3182.2,1,1
0.06,23.645,23.645,false,496.88,3164.1,1,1
0.06,27.826,27.826,false,553.25,3141.7,1,1
0.06,32.745,32.745,false,617.57,3108.6,1,1
0.06,38.535,38.535,false,668.31,3017.5,1,1
0.06,45.349,45.349,false,724.33,2928.2,1,1
0.06,53.367,53.367,false,782.2,2826.2,1,1
0.06,62.803,62.803,false,815.83,2659.2,1,1
0.06,73.907,73.907,false,851.34,2506.8,1,1
0.06,86.975,86.975,false,888.05,2365.9,1,1
0.06,102.35,102.35,false,925.67,2233.5,1,1
0.06,120.45,120.45,false,925.67,2052.7,1,1
0.06,141.75,141.75,false,921.45,1886.9,1,1
0.06,166.81,166.81,false,914,1736.6,1,1
0.06,196.3,196.3,false,903.41,1601.6,1,1
0.06,231.01,231.01,false,876.15,1438.1,1,1
0.06,271.86,271.86,false,845.03,1292.6,1,1
0.06,319.93,319.93,false,813.65,1172.4,1,1
0.06,376.49,376.49,false,779.84,1070.9,1,1
0.06,443.06,443.06,false,729.5,963.87,1,1
0.06,521.4,521.4,false,679.86,868.96,1,1
0.06,613.59,613.59,false,623.87,770.32,1,1
0.06,722.08,722.08,false,566.6,674.81,1,1
0.06,849.75,849.75,false,513.85,593.14,1,1
0.06,1000,1000,false,465.6,523.07,1,1
0.07,0.0001,0.0001,false,0.17899,0.13943,0.9999,0.9999
0.07,0.00011768,0.00011768,false,0.18134,0.16384,0.99989,0.99989
0.07,0.00013849,0.00013849,false,0.18396,0.19256,0.99988,0.99988
0.07,0.00016298,0.00016298,false,0.18688,0.22636,0.99987,0.99987
0.07,0.00019179,0.00019179,false,0.19013,0.26613,0.99986,0.99986
0.07,0.0002257,0.0002257,false,0.19375,0.31254,0.99984,0.99984
0.07,0.00026561,0.00026561,false,0.19775,0.36693,0.99983,0.99983
0.07,0.00031257,0.00031257,false,0.20216,0.43023,0.99981,0.99981
0.07,0.00036784,0.00036784,false,0.20707,0.50471,0.9998,0.9998
0.07,0.00043288,0.00043288,false,0.21254,0.59174,0.99978,0.99978
0.07,0.00050941,0.00050941,false,0.21864,0.69487,0.99976,0.99976
0.07,0.00059948,0.00059948,false,0.22542,0.81524,0.99974,0.99974
0.07,0.00070548,0.00070548,false,0.23294,0.95674,0.99971,0.99971
0.07,0.00083022,0.00083022,false,0.24125,1.1208,0.9997,0.9997
0.07,0.00097701,0.00097701,false,0.25053,1.3124,0.99968,0.99968
0.07,0.0011498,0.0011498,false,0.26088,1.5379,0.99966,0.99966
0.07,0.001353,0.001353,false,0.27246,1.8051,0.99963,0.99963
0.07,0.0015923,0.0015923,false,0.2854,2.1172,0.9996,0.9996
0.07,0.0018738,0.0018738,false,0.29985,2.4819,0.99957,0.99957
0.07,0.0022051,0.0022051,false,0.31587,2.9055,0.99953,0.99953
0.07,0.002595,0.002595,false,0.33386,3.4005,0.99948,0.99948
0.07,0.0030539,0.0030539,false,0.3541,3.983,0.99942,0.99942
0.07,0.0035938,0.0035938,false,0.37688,4.6684,0.99935,0.99935
0.07,0.0042292,0.0042292,false,0.40258,5.4744,0.99926,0.99926
0.07,0.004977,0.004977,false,0.43153,6.4183,0.99917,0.99917
0.07,0.005857,0.005857,false,0.46289,7.4675,0.99906,0.99906
0.07,0.0068926,0.0068926,false,0.49849,8.6938,0.99894,0.99894
0.07,0.0081113,0.0081113,false,0.53897,10.147,0.99879,0.99879
0.07,0.0095455,0.0095455,false,0.58507,11.845,0.99862,0.99862
0.07,0.011233,0.011233,false,0.63767,13.84,0.99842,0.99842
0.07,0.013219,0.013219,false,0.69778,16.202,0.99818,0.99818
0.07,0.015557,0.015557,false,0.75892,18.631,0.99802,0.99802
0.07,0.018307,0.018307,false,0.82844,21.435,0.99785,0.99785
0.07,0.021544,0.021544,false,0.90848,24.762,0.99765,0.99765
0.07,0.025354,0.025354,false,1.0007,28.643,0.99741,0.99741
0.07,0.029836,0.029836,false,1.1072,33.239,0.99712,0.99712
0.07,0.035112,0.035112,false,1.2303,38.593,0.99679,0.99679
0.07,0.04132,0.04132,false,1.358,44.014,0.99669,0.99669
0.07,0.048626,0.048626,false,1.5014,50.188,0.99665,0.99665
0.07,0.057224,0.057224,false,1.6681,57.393,0.99662,0.99662
0.07,0.067342,0.067342,false,1.8619,65.862,0.99657,0.99657
0.07,0.079248,0.079248,false,2.0877,75.716,0.99652,0.99652
0.07,0.09326,0.09326,false,2.3508,87.252,0.99646,0.99646
0.07,0.10975,0.10975,false,2.6514,99.483,0.99652,0.99652
0.07,0.12915,0.12915,false,2.9987,112.96,0.99668,0.99668
0.07,0.15199,0.15199,false,3.4049,128.68,0.99687,0.99687
0.07,0.17886,0.17886,false,3.8803,147.31,0.99709,0.99709
0.07,0.21049,0.21049,false,4.4373,168.8,0.99735,0.99735
0.07,0.24771,0.24771,false,5.09,193.93,0.99765,0.99765
0.07,0.29151,0.29151,false,5.8647,220.12,0.99789,0.99789
0.07,0.34305,0.34305,false,6.7831,248.07,0.99805,0.99805
0.07,0.4037,0.4037,false,7.8618,280.43,0.99824,0.99824
0.07,0.47508,0.47508,false,9.1291,318.56,0.99846,0.99846
0.07,0.55908,0.55908,false,10.618,363,0.99871,0.99871
0.07,0.65793,0.65793,false,12.369,414.69,0.99902,0.99902
0.07,0.77426,0.77426,false,14.403,468.07,0.99924,0.99924
0.07,0.91116,0.91116,false,16.763,522.79,0.99932,0.99932
0.07,1.0723,1.0723,false,19.539,585.85,0.99941,0.99941
0.07,1.2619,1.2619,false,22.805,659.22,0.99951,0.99951
0.07,1.485,1.485,false,26.647,743.94,0.99964,0.99964
0.07,1.7475,1.7475,false,31.166,841.53,0.99979,0.99979
0.07,2.0565,2.0565,false,36.314,933.99,0.99988,0.99988
0.07,2.4201,2.4201,false,42.181,1017.3,0.99989,0.99989
0.07,2.848,2.848,false,49.08,1111.3,0.99991,0.99991
0.07,3.3516,3.3516,false,57.194,1218.9,0.99993,0.99993
0.07,3.9442,3.9442,false,66.735,1342.7,0.99996,0.99996
0.07,4.6416,4.6416,false,77.95,1484.2,0.99999,0.99999
0.07,5.4623,5.4623,false,89.833,1588.5,1,1
0.07,6.4281,6.4281,false,103.39,1686.5,1,1
0.07,7.5646,7.5646,false,119.31,1795.4,1,1
0.07,8.9022,8.9022,false,137.98,1912.6,1,1
0.07,10.476,10.476,false,159.88,2043.4,1,1
0.07,12.328,12.328,false,182.77,2139.4,1,1
0.07,14.508,14.508,false,207.3,2203.5,1,1
0.07,17.074,17.074,false,235.93,2270.2,1,1
0.07,20.092,20.092,false,269.29,2336.9,1,1
0.07,23.645,23.645,false,306.67,2395.8,1,1
0.07,27.826,27.826,false,340.24,2386.4,1,1
0.07,32.745,32.745,false,378.9,2376.5,1,1
0.07,38.535,38.535,false,423.22,2362.1,1,1
0.07,45.349,45.349,false,465.08,2315.9,1,1
0.07,53.367,53.367,false,504.81,2252.6,1,1
0.07,62.803,62.803,false,549.19,2190.8,1,1
0.07,73.907,73.907,false,581.37,2084,1,1
0.07,86.975,86.975,false,608.82,1968.6,1,1
0.07,102.35,102.35,false,637.86,1863.6,1,1
0.07,120.45,120.45,false,668.27,1767.9,1,1
0.07,141.75,141.75,false,683.84,1648.9,1,1
0.07,166.81,166.81,false,685.23,1520,1,1
0.07,196.3,196.3,false,684.69,1403.4,1,1
0.07,231.01,231.01,false,681.78,1297.7,1,1
0.07,271.86,271.86,false,671.65,1185.1,1,1
0.07,319.93,319.93,false,652.36,1063.5,1,1
0.07,376.49,376.49,false,632.5,962.72,1,1
0.07,443.06,443.06,false,612.57,880.62,1,1
0.07,521.4,521.4,false,580.72,797.55,1,1
0.07,613.59,613.59,false,544.88,719.65,1,1
0.07,722.08,722.08,false,508.11,648.02,1,1
0.07,849.75,849.75,false,462.68,566.66,1,1
0.07,1000,1000,false,422.48,499.13,1,1
0.08,0.0001,0.0001,false,0.17276,0.085265,0.99992,0.99992
0.08,0.00011768,0.00011768,false,0.1744,0.10012,0.99991,0.99991
0.08,0.00013849,0.00013849,false,0.17621,0.11727,0.99991,0.99991
0.08,0.00016298,0.00016298,false,0.17824,0.13764,0.9999,0.9999
0.08,0.00019179,0.00019179,false,0.18051,0.16161,0.99989,0.99989
0.08,0.0002257,0.0002257,false,0.18303,0.18983,0.99987,0.99987
0.08,0.00026561,0.00026561,false,0.18585,0.22303,0.99986,0.99986
0.08,0.00031257,0.00031257,false,0.18897,0.26148,0.99984,0.99984
0.08,0.00036784,0.00036784,false,0.1924,0.30638,0.99983,0.99983
0.08,0.00043288,0.00043288,false,0.19623,0.35921,0.99982,0.99982
0.08,0.00050941,0.00050941,false,0.20048,0.42085,0.99981,0.99981
0.08,0.00059948,0.00059948,false,0.20522,0.49399,0.99979,0.99979
0.08,0.00070548,0.00070548,false,0.2105,0.58006,0.99978,0.99978
0.08,0.00083022,0.00083022,false,0.21636,0.6802,0.99976,0.99976
0.08,0.00097701,0.00097701,false,0.22282,0.79719,0.99974,0.99974
0.08,0.0011498,0.0011498,false,0.23003,0.93372,0.99973,0.99973
0.08,0.001353,0.001353,false,0.23805,1.0957,0.99971,0.99971
0.08,0.0015923,0.0015923,false,0.247,1.2848,0.99968,0.99968
0.08,0.0018738,0.0018738,false,0.25698,1.5091,0.99966,0.99966
0.08,0.0022051,0.0022051,false,0.26813,1.7708,0.99962,0.99962
0.08,0.002595,0.002595,false,0.2804,2.0705,0.99958,0.99958
0.08,0.0030539,0.0030539,false,0.29414,2.4231,0.99954,0.99954
0.08,0.0035938,0.0035938,false,0.30953,2.8414,0.99948,0.99948
0.08,0.0042292,0.0042292,false,0.32679,3.3301,0.99941,0.99941
0.08,0.004977,0.004977,false,0.34619,3.9048,0.99933,0.99933
0.08,0.005857,0.005857,false,0.36801,4.5805,0.99924,0.99924
0.08,0.0068926,0.0068926,false,0.39152,5.3262,0.99915,0.99915
0.08,0.0081113,0.0081113,false,0.41787,6.2022,0.99904,0.99904
0.08,0.0095455,0.0095455,false,0.4477,7.2335,0.99891,0.99891
0.08,0.011233,0.011233,false,0.48151,8.4374,0.99876,0.99876
0.08,0.013219,0.013219,false,0.51991,9.8635,0.99858,0.99858
0.08,0.015557,0.015557,false,0.56358,11.527,0.99837,0.99837
0.08,0.018307,0.018307,false,0.60914,13.304,0.99822,0.99822
0.08,0.021544,0.021544,false,0.65921,15.309,0.9981,0.9981
0.08,0.025354,0.025354,false,0.7166,17.67,0.99796,0.99796
0.08,0.029836,0.029836,false,0.78245,20.423,0.99779,0.99779
0.08,0.035112,0.035112,false,0.85812,23.655,0.9976,0.9976
0.08,0.04132,0.04132,false,0.94518,27.48,0.99736,0.99736
0.08,0.048626,0.048626,false,1.04,31.544,0.99725,0.99725
0.08,0.057224,0.057224,false,1.1447,36.051,0.99727,0.99727
0.08,0.067342,0.067342,false,1.2658,41.307,0.9973,0.9973
0.08,0.079248,0.079248,false,1.4061,47.483,0.99732,0.99732
0.08,0.09326,0.09326,false,1.5689,54.732,0.99735,0.99735
0.08,0.10975,0.10975,false,1.758,63.15,0.99739,0.99739
0.08,0.12915,0.12915,false,1.9772,72.477,0.99747,0.99747
0.08,0.15199,0.15199,false,2.2316,82.634,0.9976,0.9976
0.08,0.17886,0.17886,false,2.5283,94.487,0.99775,0.99775
0.08,0.21049,0.21049,false,2.8748,108.29,0.99794,0.99794
0.08,0.24771,0.24771,false,3.2797,124.48,0.99815,0.99815
0.08,0.29151,0.29151,false,3.7534,143.26,0.99841,0.99841
0.08,0.34305,0.34305,false,4.3111,163.83,0.99864,0.99864
0.08,0.4037,0.4037,false,4.9733,184.32,0.99874,0.99874
0.08,0.47508,0.47508,false,5.7501,208.29,0.99887,0.99887
0.08,0.55908,0.55908,false,6.6618,236.3,0.99901,0.99901
0.08,0.65793,0.65793,false,7.7323,269.26,0.99918,0.99918
0.08,0.77426,0.77426,false,8.9896,307.33,0.99938,0.99938
0.08,0.91116,0.91116,false,10.458,349.61,0.99957,0.99957
0.08,1.0723,1.0723,false,12.149,390.07,0.99961,0.99961
0.08,1.2619,1.2619,false,14.139,437.02,0.99967,0.99967
0.08,1.485,1.485,false,16.478,491.08,0.99972,0.99972
0.08,1.7475,1.7475,false,19.23,554.47,0.99979,0.99979
0.08,2.0565,2.0565,false,22.466,627.06,0.99988,0.99988
0.08,2.4201,2.4201,false,26.208,702.98,0.99995,0.99995
0.08,2.848,2.848,false,30.413,765.41,0.99995,0.99995
0.08,3.3516,3.3516,false,35.359,836.45,0.99996,0.99996
0.08,3.9442,3.9442,false,41.175,917.49,0.99997,0.99997
0.08,4.6416,4.6416,false,48.014,1009.3,0.99998,0.99998
0.08,5.4623,5.4623,false,56.055,1115.1,0.99999,0.99999
0.08,6.4281,6.4281,false,64.843,1204.9,1,1
0.08,7.5646,7.5646,false,74.58,1281.1,1,1
0.08,8.9022,8.9022,false,86.014,1365.1,1,1
0.08,10.476,10.476,false,99.434,1455.9,1,1
0.08,12.328,12.328,false,115.18,1555.8,1,1
0.08,14.508,14.508,false,132.43,1643.3,1,1
0.08,17.074,17.074,false,150.15,1695.7,1,1
0.08,20.092,20.092,false,170.85,1749.5,1,1
0.08,23.645,23.645,false,194.99,1803,1,1
0.08,27.826,27.826,false,223.11,1858.9,1,1
0.08,32.745,32.745,false,248.38,1861.6,1,1
0.08,38.535,38.535,false,276.69,1856.7,1,1
0.08,45.349,45.349,false,309.27,1850.4,1,1
0.08,53.367,53.367,false,342.87,1828.1,1,1
0.08,62.803,62.803,false,372.67,1782.5,1,1
0.08,73.907,73.907,false,406.17,1739.9,1,1
0.08,86.975,86.975,false,435.03,1671.8,1,1
0.08,102.35,102.35,false,456.91,1583.4,1,1
0.08,120.45,120.45,false,480.3,1502.1,1,1
0.08,141.75,141.75,false,505.12,1429.2,1,1
0.08,166.81,166.81,false,524.13,1346.7,1,1
0.08,196.3,196.3,false,527.73,1243.8,1,1
0.08,231.01,231.01,false,530.25,1151.6,1,1
0.08,271.86,271.86,false,531.17,1068,1,1
0.08,319.93,319.93,false,528.63,985.72,1,1
0.08,376.49,376.49,false,516.79,885.59,1,1
0.08,443.06,443.06,false,504.02,801.44,1,1
0.08,521.4,521.4,false,490.68,732.08,1,1
0.08,613.59,613.59,false,470.53,666.85,1,1
0.08,722.08,722.08,false,443.79,602.08,1,1
0.08,849.75,849.75,false,417.11,544.73,1,1
0.08,1000,1000,false,382.41,478.65,1,1
0.09,0.0001,0.0001,false,0.16891,0.054225,0.99993,0.99993
0.09,0.00011768,0.00011768,false,0.17009,0.063778,0.99993,0.99993
0.09,0.00013849,0.00013849,false,0.17141,0.074977,0.99992,0.99992
0.09,0.00016298,0.00016298,false,0.17288,0.087918,0.99991,0.99991
0.09,0.00019179,0.00019179,false,0.17452,0.10331,0.99991,0.99991
0.09,0.0002257,0.0002257,false,0.17636,0.12142,0.9999,0.9999
0.09,0.00026561,0.00026561,false,0.17841,0.14273,0.99989,0.99989
0.09,0.00031257,0.00031257,false,0.18069,0.16782,0.99987,0.99987
0.09,0.00036784,0.00036784,false,0.18323,0.19691,0.99986,0.99986
0.09,0.00043288,0.00043288,false,0.18603,0.23093,0.99985,0.99985
0.09,0.00050941,0.00050941,false,0.18915,0.27096,0.99984,0.99984
0.09,0.00059948,0.00059948,false,0.19262,0.31807,0.99983,0.99983
0.09,0.00070548,0.00070548,false,0.19648,0.37302,0.99982,0.99982
0.09,0.00083022,0.00083022,false,0.20078,0.43823,0.9998,0.9998
0.09,0.00097701,0.00097701,false,0.20556,0.51413,0.99979,0.99979
0.09,0.0011498,0.0011498,false,0.21083,0.60288,0.99977,0.99977
0.09,0.001353,0.001353,false,0.2167,0.70731,0.99976,0.99976
0.09,0.0015923,0.0015923,false,0.22324,0.8292,0.99974,0.99974
0.09,0.0018738,0.0018738,false,0.23051,0.97249,0.99972,0.99972
0.09,0.0022051,0.0022051,false,0.23861,1.1425,0.99969,0.99969
0.09,0.002595,0.002595,false,0.24764,1.3408,0.99966,0.99966
0.09,0.0030539,0.0030539,false,0.25756,1.5704,0.99962,0.99962
0.09,0.0035938,0.0035938,false,0.26862,1.8376,0.99957,0.99957
0.09,0.0042292,0.0042292,false,0.28099,2.1522,0.99952,0.99952
0.09,0.004977,0.004977,false,0.29483,2.5221,0.99945,0.99945
0.09,0.005857,0.005857,false,0.31032,2.9571,0.99938,0.99938
0.09,0.0068926,0.0068926,false,0.3277,3.4685,0.99929,0.99929
0.09,0.0081113,0.0081113,false,0.34637,4.0392,0.9992,0.9992
0.09,0.0095455,0.0095455,false,0.36709,4.7,0.9991,0.9991
0.09,0.011233,0.011233,false,0.39047,5.4712,0.99899,0.99899
0.09,0.013219,0.013219,false,0.41688,6.3857,0.99885,0.99885
0.09,0.015557,0.015557,false,0.44676,7.4519,0.9987,0.9987
0.09,0.018307,0.018307,false,0.48062,8.7151,0.99851,0.99851
0.09,0.021544,0.021544,false,0.51633,10.074,0.99838,0.99838
0.09,0.025354,0.025354,false,0.55511,11.593,0.9983,0.9983
0.09,0.029836,0.029836,false,0.59939,13.381,0.9982,0.9982
0.09,0.035112,0.035112,false,0.65,15.465,0.99809,0.99809
0.09,0.04132,0.04132,false,0.70792,17.933,0.99796,0.99796
0.09,0.048626,0.048626,false,0.7743,20.805,0.9978,0.9978
0.09,0.057224,0.057224,false,0.84809,23.985,0.99772,0.99772
0.09,0.067342,0.067342,false,0.92997,27.487,0.99777,0.99777
0.09,0.079248,0.079248,false,1.0244,31.57,0.99782,0.99782
0.09,0.09326,0.09326,false,1.1334,36.367,0.99788,0.99788
0.09,0.10975,0.10975,false,1.2593,41.996,0.99796,0.99796
0.09,0.12915,0.12915,false,1.4052,48.528,0.99804,0.99804
0.09,0.15199,0.15199,false,1.5745,55.874,0.99814,0.99814
0.09,0.17886,0.17886,false,1.7719,63.864,0.99825,0.99825
0.09,0.21049,0.21049,false,2.0016,73.183,0.99837,0.99837
0.09,0.24771,0.24771,false,2.2691,84.136,0.99852,0.99852
0.09,0.29151,0.29151,false,2.5809,96.868,0.9987,0.9987
0.09,0.34305,0.34305,false,2.9449,111.76,0.9989,0.9989
0.09,0.4037,0.4037,false,3.3719,128.21,0.9991,0.9991
0.09,0.47508,0.47508,false,3.878,144.23,0.99917,0.99917
0.09,0.55908,0.55908,false,4.4708,162.95,0.99926,0.99926
0.09,0.65793,0.65793,false,5.1659,185.04,0.99936,0.99936
0.09,0.77426,0.77426,false,5.9811,210.82,0.99947,0.99947
0.09,0.91116,0.91116,false,6.9378,240.84,0.99961,0.99961
0.09,1.0723,1.0723,false,8.0563,274.53,0.99975,0.99975
0.09,1.2619,1.2619,false,9.3406,306.2,0.99978,0.99978
0.09,1.485,1.485,false,10.85,342.58,0.99981,0.99981
0.09,1.7475,1.7475,false,12.625,384.8,0.99984,0.99984
0.09,2.0565,2.0565,false,14.712,433.88,0.99988,0.99988
0.09,2.4201,2.4201,false,17.167,490.98,0.99993,0.99993
0.09,2.848,2.848,false,20.02,552.04,0.99998,0.99998
0.09,3.3516,3.3516,false,23.214,601.41,0.99998,0.99998
0.09,3.9442,3.9442,false,26.97,657.46,0.99998,0.99998
0.09,4.6416,4.6416,false,31.388,721.26,0.99999,0.99999
0.09,5.4623,5.4623,false,36.582,793.36,0.99999,0.99999
0.09,6.4281,6.4281,false,42.69,876.14,1,1
0.09,7.5646,7.5646,false,49.445,951.18,1,1
0.09,8.9022,8.9022,false,56.85,1011.7,1,1
0.09,10.476,10.476,false,65.548,1078.8,1,1
0.09,12.328,12.328,false,75.76,1152.1,1,1
0.09,14.508,14.508,false,87.744,1232,1,1
0.09,17.074,17.074,false,101.11,1306.3,1,1
0.09,20.092,20.092,false,114.65,1348.1,1,1
0.09,23.645,23.645,false,130.48,1393.7,1,1
0.09,27.826,27.826,false,148.95,1439.5,1,1
0.09,32.745,32.745,false,170.48,1486.6,1,1
0.09,38.535,38.535,false,190.43,1493.9,1,1
0.09,45.349,45.349,false,212.31,1493.9,1,1
0.09,53.367,53.367,false,237.51,1491.6,1,1
0.09,62.803,62.803,false,264.36,1480,1,1
0.09,73.907,73.907,false,287.77,1445.8,1,1
0.09,86.975,86.975,false,314.16,1414.3,1,1
0.09,102.35,102.35,false,338.35,1366.6,1,1
0.09,120.45,120.45,false,356.27,1297.2,1,1
0.09,141.75,141.75,false,375.61,1234,1,1
0.09,166.81,166.81,false,396.21,1176.1,1,1
0.09,196.3,196.3,false,414.07,1114.8,1,1
0.09,231.01,231.01,false,418.56,1031.7,1,1
0.09,271.86,271.86,false,422.4,957.7,1,1
0.09,319.93,319.93,false,425.07,890.15,1,1
0.09,376.49,376.49,false,425.78,826.36,1,1
0.09,443.06,443.06,false,418.38,743.44,1,1
0.09,521.4,521.4,false,410.13,673.54,1,1
0.09,613.59,613.59,false,401.28,615.74,1,1
0.09,722.08,722.08,false,387.48,562.54,1,1
0.09,849.75,849.75,false,366.86,508.07,1,1
0.09,1000,1000,false,346.25,460.1,1,1
0.1,0.0001,0.0001,false,0.16642,0.036552,0.99994,0.99994
0.1,0.00011768,0.00011768,false,0.16729,0.042988,0.99994,0.99994
0.1,0.00013849,0.00013849,false,0.16828,0.050563,0.99993,0.99993
0.1,0.00016298,0.00016298,false,0.16938,0.059437,0.99993,0.99993
0.1,0.00019179,0.00019179,false,0.1706,0.06968,0.99992,0.99992
0.1,0.0002257,0.0002257,false,0.17198,0.081871,0.99991,0.99991
0.1,0.00026561,0.00026561,false,0.17352,0.096216,0.9999,0.9999
0.1,0.00031257,0.00031257,false,0.17524,0.1131,0.99989,0.99989
0.1,0.00036784,0.00036784,false,0.17716,0.13297,0.99988,0.99988
0.1,0.00043288,0.00043288,false,0.17929,0.15599,0.99987,0.99987
0.1,0.00050941,0.00050941,false,0.18165,0.18301,0.99986,0.99986
0.1,0.00059948,0.00059948,false,0.18428,0.2148,0.99986,0.99986
0.1,0.00070548,0.00070548,false,0.18721,0.25222,0.99985,0.99985
0.1,0.00083022,0.00083022,false,0.19047,0.29583,0.99984,0.99984
0.1,0.00097701,0.00097701,false,0.1941,0.34761,0.99982,0.99982
0.1,0.0011498,0.0011498,false,0.19814,0.40849,0.99981,0.99981
0.1,0.001353,0.001353,false,0.2026,0.4784,0.9998,0.9998
0.1,0.0015923,0.0015923,false,0.20756,0.56147,0.99978,0.99978
0.1,0.0018738,0.0018738,false,0.21307,0.65836,0.99976,0.99976
0.1,0.0022051,0.0022051,false,0.21921,0.77336,0.99974,0.99974
0.1,0.002595,0.002595,false,0.22604,0.90746,0.99971,0.99971
0.1,0.0030539,0.0030539,false,0.23363,1.0649,0.99968,0.99968
0.1,0.0035938,0.0035938,false,0.24196,1.2473,0.99964,0.99964
0.1,0.0042292,0.0042292,false,0.25123,1.4595,0.9996,0.9996
0.1,0.004977,0.004977,false,0.26158,1.7092,0.99954,0.99954
0.1,0.005857,0.005857,false,0.27313,2.0029,0.99948,0.99948
0.1,0.0068926,0.0068926,false,0.28604,2.3482,0.9994,0.9994
0.1,0.0081113,0.0081113,false,0.30048,2.754,0.99931,0.99931
0.1,0.0095455,0.0095455,false,0.31587,3.2049,0.99923,0.99923
0.1,0.011233,0.011233,false,0.33292,3.7275,0.99915,0.99915
0.1,0.013219,0.013219,false,0.35211,4.3428,0.99905,0.99905
0.1,0.015557,0.015557,false,0.37373,5.06,0.99893,0.99893
0.1,0.018307,0.018307,false,0.39812,5.9104,0.99879,0.99879
0.1,0.021544,0.021544,false,0.42566,6.9004,0.99862,0.99862
0.1,0.025354,0.025354,false,0.45473,7.9753,0.99852,0.99852
0.1,0.029836,0.029836,false,0.48644,9.1856,0.99847,0.99847
0.1,0.035112,0.035112,false,0.52253,10.61,0.99841,0.99841
0.1,0.04132,0.04132,false,0.56363,12.285,0.99834,0.99834
0.1,0.048626,0.048626,false,0.61051,14.233,0.99825,0.99825
0.1,0.057224,0.057224,false,0.66405,16.541,0.99815,0.99815
0.1,0.067342,0.067342,false,0.72402,19.09,0.99811,0.99811
0.1,0.079248,0.079248,false,0.79137,21.909,0.99817,0.99817
0.1,0.09326,0.09326,false,0.86875,25.26,0.99824,0.99824
0.1,0.10975,0.10975,false,0.95776,29.16,0.99832,0.99832
0.1,0.12915,0.12915,false,1.0603,33.734,0.99841,0.99841
0.1,0.15199,0.15199,false,1.1787,39.095,0.99852,0.99852
0.1,0.17886,0.17886,false,1.316,45.064,0.99863,0.99863
0.1,0.21049,0.21049,false,1.4762,51.614,0.99871,0.99871
0.1,0.24771,0.24771,false,1.662,59.252,0.99881,0.99881
0.1,0.29151,0.29151,false,1.878,68.225,0.99893,0.99893
0.1,0.34305,0.34305,false,2.1291,78.646,0.99907,0.99907
0.1,0.4037,0.4037,false,2.4217,90.839,0.99924,0.99924
0.1,0.47508,0.47508,false,2.7644,104.22,0.99939,0.99939
0.1,0.55908,0.55908,false,3.1696,117.53,0.99945,0.99945
0.1,0.65793,0.65793,false,3.6436,132.93,0.99951,0.99951
0.1,0.77426,0.77426,false,4.1986,151.11,0.99958,0.99958
0.1,0.91116,0.91116,false,4.8488,172.32,0.99966,0.99966
0.1,1.0723,1.0723,false,5.6111,197.21,0.99976,0.99976
0.1,1.2619,1.2619,false,6.5006,224.61,0.99985,0.99985
0.1,1.485,1.485,false,7.521,250.03,0.99987,0.99987
0.1,1.7475,1.7475,false,8.72,279.53,0.99989,0.99989
0.1,2.0565,2.0565,false,10.129,313.46,0.99991,0.99991
0.1,2.4201,2.4201,false,11.785,353.25,0.99993,0.99993
0.1,2.848,2.848,false,13.733,398.81,0.99996,0.99996
0.1,3.3516,3.3516,false,15.993,448.34,0.99999,0.99999
0.1,3.9442,3.9442,false,18.532,488.55,0.99999,0.99999
0.1,4.6416,4.6416,false,21.518,534.1,0.99999,0.99999
0.1,5.4623,5.4623,false,25.03,586.4,0.99999,0.99999
0.1,6.4281,6.4281,false,29.16,645.43,1,1
0.1,7.5646,7.5646,false,34.016,713.07,1,1
0.1,8.9022,8.9022,false,39.368,773.69,1,1
0.1,10.476,10.476,false,45.263,823.8,1,1
0.1,12.328,12.328,false,52.187,879.29,1,1
0.1,14.508,14.508,false,60.317,939.07,1,1
0.1,17.074,17.074,false,69.859,1004.9,1,1
0.1,20.092,20.092,false,80.458,1065.7,1,1
0.1,23.645,23.645,false,91.273,1101.9,1,1
0.1,27.826,27.826,false,103.92,1138.9,1,1
0.1,32.745,32.745,false,118.69,1178.5,1,1
0.1,38.535,38.535,false,135.92,1218.9,1,1
0.1,45.349,45.349,false,151.82,1225.6,1,1
0.1,53.367,53.367,false,169.42,1226.5,1,1
0.1,62.803,62.803,false,189.74,1228.1,1,1
0.1,73.907,73.907,false,211.25,1220.3,1,1
0.1,86.975,86.975,false,230.34,1195.3,1,1
0.1,102.35,102.35,false,251.91,1172.3,1,1
0.1,120.45,120.45,false,271.49,1133.4,1,1
0.1,141.75,141.75,false,286.59,1079,1,1
0.1,166.81,166.81,false,302.96,1029.2,1,1
0.1,196.3,196.3,false,320.49,983.44,1,1
0.1,231.01,231.01,false,335.54,933.55,1,1
0.1,271.86,271.86,false,340.33,866.08,1,1
0.1,319.93,319.93,false,344.6,805.27,1,1
0.1,376.49,376.49,false,348.16,750.58,1,1
0.1,443.06,443.06,false,349.99,697.81,1,1
0.1,521.4,521.4,false,345.34,628.83,1,1
0.1,613.59,613.59,false,339.89,570.45,1,1
0.1,722.08,722.08,false,334.02,522.52,1,1
0.1,849.75,849.75,false,323.47,477.6,1,1
0.1,1000,1000,false,307.19,431.59,1,1
0.125,0.0001,0.0001,false,0.16301,0.015928,0.99996,0.99996
0.125,0.00011768,0.00011768,false,0.16347,0.018731,0.99996,0.99996
0.125,0.00013849,0.00013849,false,0.16399,0.022029,0.99995,0.99995
0.125,0.00016298,0.00016298,false,0.16457,0.02591,0.99995,0.99995
0.125,0.00019179,0.00019179,false,0.16523,0.030477,0.99994,0.99994
0.125,0.0002257,0.0002257,false,0.16597,0.035832,0.99994,0.99994
0.125,0.00026561,0.00026561,false,0.1668,0.042078,0.99993,0.99993
0.125,0.00031257,0.00031257,false,0.16773,0.049337,0.99993,0.99993
0.125,0.00036784,0.00036784,false,0.16877,0.057981,0.99992,0.99992
0.125,0.00043288,0.00043288,false,0.16994,0.068154,0.99991,0.99991
0.125,0.00050941,0.00050941,false,0.17125,0.080125,0.9999,0.9999
0.125,0.00059948,0.00059948,false,0.17272,0.094183,0.9999,0.9999
0.125,0.00070548,0.00070548,false,0.17434,0.11035,0.99989,0.99989
0.125,0.00083022,0.00083022,false,0.17616,0.1296,0.99988,0.99988
0.125,0.00097701,0.00097701,false,0.17818,0.15225,0.99988,0.99988
0.125,0.0011498,0.0011498,false,0.18044,0.17891,0.99987,0.99987
0.125,0.001353,0.001353,false,0.18296,0.20993,0.99986,0.99986
0.125,0.0015923,0.0015923,false,0.18576,0.24681,0.99985,0.99985
0.125,0.0018738,0.0018738,false,0.18886,0.28912,0.99984,0.99984
0.125,0.0022051,0.0022051,false,0.1923,0.33949,0.99982,0.99982
0.125,0.002595,0.002595,false,0.19614,0.39876,0.9998,0.9998
0.125,0.0030539,0.0030539,false,0.20039,0.46782,0.99978,0.99978
0.125,0.0035938,0.0035938,false,0.20513,0.54984,0.99975,0.99975
0.125,0.0042292,0.0042292,false,0.21039,0.64534,0.99972,0.99972
0.125,0.004977,0.004977,false,0.21612,0.75457,0.99968,0.99968
0.125,0.005857,0.005857,false,0.22249,0.88402,0.99964,0.99964
0.125,0.0068926,0.0068926,false,0.22957,1.0349,0.99959,0.99959
0.125,0.0081113,0.0081113,false,0.23745,1.2123,0.99953,0.99953
0.125,0.0095455,0.0095455,false,0.24624,1.4209,0.99946,0.99946
0.125,0.011233,0.011233,false,0.25602,1.6659,0.99938,0.99938
0.125,0.013219,0.013219,false,0.26638,1.9381,0.99932,0.99932
0.125,0.015557,0.015557,false,0.27775,2.2521,0.99926,0.99926
0.125,0.018307,0.018307,false,0.29048,2.6215,0.99919,0.99919
0.125,0.021544,0.021544,false,0.30476,3.0516,0.99911,0.99911
0.125,0.025354,0.025354,false,0.32077,3.5619,0.99901,0.99901
0.125,0.029836,0.029836,false,0.33874,4.1551,0.9989,0.9989
0.125,0.035112,0.035112,false,0.35809,4.8211,0.99884,0.99884
0.125,0.04132,0.04132,false,0.37925,5.5668,0.99883,0.99883
0.125,0.048626,0.048626,false,0.40315,6.4443,0.99883,0.99883
0.125,0.057224,0.057224,false,0.43017,7.4759,0.99882,0.99882
0.125,0.067342,0.067342,false,0.46076,8.6744,0.99881,0.99881
0.125,0.079248,0.079248,false,0.49544,10.094,0.9988,0.9988
0.125,0.09326,0.09326,false,0.53475,11.692,0.99882,0.99882
0.125,0.10975,0.10975,false,0.5794,13.502,0.99887,0.99887
0.125,0.12915,0.12915,false,0.63028,15.632,0.99894,0.99894
0.125,0.15199,0.15199,false,0.68836,18.109,0.99901,0.99901
0.125,0.17886,0.17886,false,0.75478,21.013,0.9991,0.9991
0.125,0.21049,0.21049,false,0.83085,24.414,0.99921,0.99921
0.125,0.24771,0.24771,false,0.91855,28.231,0.99931,0.99931
0.125,0.29151,0.29151,false,1.0204,32.468,0.99936,0.99936
0.125,0.34305,0.34305,false,1.1378,37.354,0.99941,0.99941
0.125,0.4037,0.4037,false,1.2734,43.091,0.99948,0.99948
0.125,0.47508,0.47508,false,1.4302,49.815,0.99956,0.99956
0.125,0.55908,0.55908,false,1.6118,57.609,0.99966,0.99966
0.125,0.65793,0.65793,false,1.8233,66.362,0.99975,0.99975
0.125,0.77426,0.77426,false,2.0727,74.967,0.99977,0.99977
0.125,0.91116,0.91116,false,2.3633,85.022,0.9998,0.9998
0.125,1.0723,1.0723,false,2.7021,96.874,0.99983,0.99983
0.125,1.2619,1.2619,false,3.0978,110.57,0.99987,0.99987
0.125,1.485,1.485,false,3.5602,126.62,0.99991,0.99991
0.125,1.7475,1.7475,false,4.0992,144.6,0.99996,0.99996
0.125,2.0565,2.0565,false,4.7146,160.39,0.99996,0.99996
0.125,2.4201,2.4201,false,5.4366,178.73,0.99997,0.99997
0.125,2.848,2.848,false,6.2839,200.05,0.99997,0.99997
0.125,3.3516,3.3516,false,7.2787,224.6,0.99998,0.99998
0.125,3.9442,3.9442,false,8.447,253.19,0.99999,0.99999
0.125,4.6416,4.6416,false,9.8082,284.57,1,1
0.125,5.4623,5.4623,false,11.339,310.68,1,1
0.125,6.4281,6.4281,false,13.139,340.16,1,1
0.125,7.5646,7.5646,false,15.255,373.53,1,1
0.125,8.9022,8.9022,false,17.743,411.43,1,1
0.125,10.476,10.476,false,20.668,454.22,1,1
0.125,12.328,12.328,false,23.92,494.37,1,1
0.125,14.508,14.508,false,27.482,527.21,1,1
0.125,17.074,17.074,false,31.668,564.06,1,1
0.125,20.092,20.092,false,36.585,603.98,1,1
0.125,23.645,23.645,false,42.356,646.91,1,1
0.125,27.826,27.826,false,48.848,688.48,1,1
0.125,32.745,32.745,false,55.439,713.36,1,1
0.125,38.535,38.535,false,63.155,740.34,1,1
0.125,45.349,45.349,false,72.174,767.66,1,1
0.125,53.367,53.367,false,82.707,795.66,1,1
0.125,62.803,62.803,false,92.685,804.6,1,1
0.125,73.907,73.907,false,103.62,809.22,1,1
0.125,86.975,86.975,false,116.26,813.66,1,1
0.125,102.35,102.35,false,129.96,813.69,1,1
0.125,120.45,120.45,false,142.11,799.72,1,1
0.125,141.75,141.75,false,155.94,788.32,1,1
0.125,166.81,166.81,false,169.1,767.73,1,1
0.125,196.3,196.3,false,179.33,733.65,1,1
0.125,231.01,231.01,false,190.58,703.38,1,1
0.125,271.86,271.86,false,202.76,675.33,1,1
0.125,319.93,319.93,false,214.1,645.59,1,1
0.125,376.49,376.49,false,218.66,601.48,1,1
0.125,443.06,443.06,false,223.14,562.13,1,1
0.125,521.4,521.4,false,227.24,526.12,1,1
0.125,613.59,613.59,false,230.73,492.99,1,1
0.125,722.08,722.08,false,229.68,445.43,1,1
0.125,849.75,849.75,false,228.24,405.57,1,1
0.125,1000,1000,false,226.27,372.2,1,1
0.15,0.0001,0.0001,false,0.16122,0.0071276,1,1
0.15,0.00011768,0.00011768,false,0.16146,0.0083867,1,1
0.15,0.00013849,0.00013849,false,0.16172,0.0098682,1,1
0.15,0.00016298,0.00016298,false,0.16202,0.011612,1,1
0.15,0.00019179,0.00019179,false,0.16236,0.013663,1,1
0.15,0.0002257,0.0002257,false,0.16274,0.016078,1,1
0.15,0.00026561,0.00026561,false,0.16318,0.018919,1,1
0.15,0.00031257,0.00031257,false,0.16367,0.022256,1,1
0.15,0.00036784,0.00036784,false,0.16423,0.026178,1,1
0.15,0.00043288,0.00043288,false,0.16486,0.030723,1,1
0.15,0.00050941,0.00050941,false,0.16557,0.036149,1,1
0.15,0.00059948,0.00059948,false,0.16636,0.042534,1,1
0.15,0.00070548,0.00070548,false,0.16726,0.050049,1,1
0.15,0.00083022,0.00083022,false,0.16826,0.058869,1,1
0.15,0.00097701,0.00097701,false,0.16938,0.06907,1,1
0.15,0.0011498,0.0011498,false,0.17064,0.081246,1,1
0.15,0.001353,0.001353,false,0.17205,0.095574,1,1
0.15,0.0015923,0.0015923,false,0.17362,0.11244,1,1
0.15,0.0018738,0.0018738,false,0.17538,0.132,1,1
0.15,0.0022051,0.0022051,false,0.17733,0.15525,1,1
0.15,0.002595,0.002595,false,0.17952,0.18248,1,1
0.15,0.0030539,0.0030539,false,0.18195,0.21413,1,1
0.15,0.0035938,0.0035938,false,0.18465,0.25182,1,1
0.15,0.0042292,0.0042292,false,0.18765,0.29561,1,1
0.15,0.004977,0.004977,false,0.19099,0.34774,1,1
0.15,0.005857,0.005857,false,0.1947,0.40811,1,1
0.15,0.0068926,0.0068926,false,0.19883,0.47841,1,1
0.15,0.0081113,0.0081113,false,0.20342,0.56219,1,1
0.15,0.0095455,0.0095455,false,0.2085,0.65964,1,1
0.15,0.011233,0.011233,false,0.21416,0.77416,1,1
0.15,0.013219,0.013219,false,0.22043,0.9087,1,1
0.15,0.015557,0.015557,false,0.2274,1.0666,1,1
0.15,0.018307,0.018307,false,0.23519,1.2489,1,1
0.15,0.021544,0.021544,false,0.24385,1.4636,1,1
0.15,0.025354,0.025354,false,0.25348,1.7162,1,1
0.15,0.029836,0.029836,false,0.2642,2.0132,1,1
0.15,0.035112,0.035112,false,0.27616,2.358,1,1
0.15,0.04132,0.04132,false,0.28949,2.7674,1,1
0.15,0.048626,0.048626,false,0.3045,3.2295,1,1
0.15,0.057224,0.057224,false,0.32131,3.772,1,1
0.15,0.067342,0.067342,false,0.34013,4.4098,1,1
0.15,0.079248,0.079248,false,0.36124,5.1591,1,1
0.15,0.09326,0.09326,false,0.38496,6.0387,1,1
0.15,0.10975,0.10975,false,0.41165,7.0585,1,1
0.15,0.12915,0.12915,false,0.44199,8.2194,1,1
0.15,0.15199,0.15199,false,0.47636,9.555,1,1
0.15,0.17886,0.17886,false,0.51526,11.108,1,1
0.15,0.21049,0.21049,false,0.55938,12.949,1,1
0.15,0.24771,0.24771,false,0.60952,15.086,1,1
0.15,0.29151,0.29151,false,0.66661,17.587,1,1
0.15,0.34305,0.34305,false,0.73205,20.337,1,1
0.15,0.4037,0.4037,false,0.80713,23.426,1,1
0.15,0.47508,0.47508,false,0.89322,27.058,1,1
0.15,0.55908,0.55908,false,0.99213,31.278,1,1
0.15,0.65793,0.65793,false,1.106,36.22,1,1
0.15,0.77426,0.77426,false,1.2372,41.939,1,1
0.15,0.91116,0.91116,false,1.3904,47.979,1,1
0.15,1.0723,1.0723,false,1.5693,54.368,1,1
0.15,1.2619,1.2619,false,1.7769,61.831,1,1
0.15,1.485,1.485,false,2.0181,70.615,1,1
0.15,1.7475,1.7475,false,2.2988,80.833,1,1
0.15,2.0565,2.0565,false,2.6258,92.69,1,1
0.15,2.4201,2.4201,false,3.0023,104.58,1,1
0.15,2.848,2.848,false,3.4358,115.84,1,1
0.15,3.3516,3.3516,false,3.9433,129.06,1,1
0.15,3.9442,3.9442,false,4.5379,144.12,1,1
0.15,4.6416,4.6416,false,5.235,161.82,1,1
0.15,5.4623,5.4623,false,6.0526,182.27,1,1
0.15,6.4281,6.4281,false,6.9907,202.59,1,1
0.15,7.5646,7.5646,false,8.0668,221.56,1,1
0.15,8.9022,8.9022,false,9.3313,243.19,1,1
0.15,10.476,10.476,false,10.817,267.36,1,1
0.15,12.328,12.328,false,12.564,294.76,1,1
0.15,14.508,14.508,false,14.617,325.97,1,1
0.15,17.074,17.074,false,16.814,351.08,1,1
0.15,20.092,20.092,false,19.32,375.42,1,1
0.15,23.645,23.645,false,22.266,402.24,1,1
0.15,27.826,27.826,false,25.726,431.67,1,1
0.15,32.745,32.745,false,29.788,463.3,1,1
0.15,38.535,38.535,false,34.107,488.34,1,1
0.15,45.349,45.349,false,38.773,507.32,1,1
0.15,53.367,53.367,false,44.235,527.26,1,1
0.15,62.803,62.803,false,50.625,548.53,1,1
0.15,73.907,73.907,false,57.886,568.34,1,1
0.15,86.975,86.975,false,64.62,572.76,1,1
0.15,102.35,102.35,false,72.434,577.86,1,1
0.15,120.45,120.45,false,81.484,583.36,1,1
0.15,141.75,141.75,false,90.425,581.07,1,1
0.15,166.81,166.81,false,99.251,574.12,1,1
0.15,196.3,196.3,false,109.3,568.3,1,1
0.15,231.01,231.01,false,117.53,549.82,1,1
0.15,271.86,271.86,false,125.21,528.06,1,1
0.15,319.93,319.93,false,133.68,508.41,1,1
0.15,376.49,376.49,false,142.94,490.94,1,1
0.15,443.06,443.06,false,149.69,466.2,1,1
0.15,521.4,521.4,false,153.64,436.02,1,1
0.15,613.59,613.59,false,157.62,409.09,1,1
0.15,722.08,722.08,false,161.47,384.92,1,1
0.15,849.75,849.75,false,163.94,357.25,1,1
0.15,1000,1000,false,164.28,324.59,1,1
0.175,0.0001,0.0001,false,0.16053,0.0041196,1,1
0.175,0.00011768,0.00011768,false,0.16068,0.0048479,1,1
0.175,0.00013849,0.00013849,false,0.16085,0.0057047,1,1
0.175,0.00016298,0.00016298,false,0.16104,0.0067125,1,1
0.175,0.00019179,0.00019179,false,0.16126,0.0078985,1,1
0.175,0.0002257,0.0002257,false,0.16151,0.0092942,1,1
0.175,0.00026561,0.00026561,false,0.16179,0.010937,1,1
0.175,0.00031257,0.00031257,false,0.16211,0.01287,1,1
0.175,0.00036784,0.00036784,false,0.16247,0.015143,1,1
0.175,0.00043288,0.00043288,false,0.16288,0.017812,1,1
0.175,0.00050941,0.00050941,false,0.16335,0.020954,1,1
0.175,0.00059948,0.00059948,false,0.16388,0.024592,1,1
0.175,0.00070548,0.00070548,false,0.16447,0.028936,1,1
0.175,0.00083022,0.00083022,false,0.16514,0.034049,1,1
0.175,0.00097701,0.00097701,false,0.16589,0.040064,1,1
0.175,0.0011498,0.0011498,false,0.16674,0.047112,1,1
0.175,0.001353,0.001353,false,0.16769,0.055283,1,1
0.175,0.0015923,0.0015923,false,0.16875,0.065035,1,1
0.175,0.0018738,0.0018738,false,0.16994,0.076511,1,1
0.175,0.0022051,0.0022051,false,0.17127,0.090017,1,1
0.175,0.002595,0.002595,false,0.17276,0.10567,1,1
0.175,0.0030539,0.0030539,false,0.17442,0.12423,1,1
0.175,0.0035938,0.0035938,false,0.17628,0.14605,1,1
0.175,0.0042292,0.0042292,false,0.17835,0.17141,1,1
0.175,0.004977,0.004977,false,0.18065,0.20161,1,1
0.175,0.005857,0.005857,false,0.1832,0.23667,1,1
0.175,0.0068926,0.0068926,false,0.18605,0.27843,1,1
0.175,0.0081113,0.0081113,false,0.18922,0.32647,1,1
0.175,0.0095455,0.0095455,false,0.19274,0.38285,1,1
0.175,0.011233,0.011233,false,0.19664,0.45004,1,1
0.175,0.013219,0.013219,false,0.20098,0.52813,1,1
0.175,0.015557,0.015557,false,0.20579,0.61987,1,1
0.175,0.018307,0.018307,false,0.21113,0.72762,1,1
0.175,0.021544,0.021544,false,0.21708,0.8528,1,1
0.175,0.025354,0.025354,false,0.2237,0.99922,1,1
0.175,0.029836,0.029836,false,0.23104,1.1715,1,1
0.175,0.035112,0.035112,false,0.23921,1.3741,1,1
0.175,0.04132,0.04132,false,0.24828,1.6122,1,1
0.175,0.048626,0.048626,false,0.25838,1.8884,1,1
0.175,0.057224,0.057224,false,0.26967,2.2118,1,1
0.175,0.067342,0.067342,false,0.2823,2.5824,1,1
0.175,0.079248,0.079248,false,0.2964,3.0183,1,1
0.175,0.09326,0.09326,false,0.31216,3.5305,1,1
0.175,0.10975,0.10975,false,0.32978,4.1317,1,1
0.175,0.12915,0.12915,false,0.34953,4.8372,1,1
0.175,0.15199,0.15199,false,0.37177,5.64,1,1
0.175,0.17886,0.17886,false,0.39695,6.5538,1,1
0.175,0.21049,0.21049,false,0.4253,7.6283,1,1
0.175,0.24771,0.24771,false,0.45729,8.8902,1,1
0.175,0.29151,0.29151,false,0.49345,10.371,1,1
0.175,0.34305,0.34305,false,0.53439,12.087,1,1
0.175,0.4037,0.4037,false,0.58092,14.054,1,1
0.175,0.47508,0.47508,false,0.6342,16.177,1,1
0.175,0.55908,0.55908,false,0.69495,18.674,1,1
0.175,0.65793,0.65793,false,0.76436,21.605,1,1
0.175,0.77426,0.77426,false,0.8438,25.006,1,1
0.175,0.91116,0.91116,false,0.93491,28.984,1,1
0.175,1.0723,1.0723,false,1.0397,33.497,1,1
0.175,1.2619,1.2619,false,1.1618,37.916,1,1
0.175,1.485,1.485,false,1.3027,43.078,1,1
0.175,1.7475,1.7475,false,1.4657,49.101,1,1
0.175,2.0565,2.0565,false,1.6546,56.178,1,1
0.175,2.4201,2.4201,false,1.8737,64.39,1,1
0.175,2.848,2.848,false,2.1282,73.844,1,1
0.175,3.3516,3.3516,false,2.4209,81.727,1,1
0.175,3.9442,3.9442,false,2.7627,90.878,1,1
0.175,4.6416,4.6416,false,3.1622,101.52,1,1
0.175,5.4623,5.4623,false,3.6294,113.9,1,1
0.175,6.4281,6.4281,false,4.1763,128.19,1,1
0.175,7.5646,7.5646,false,4.8152,144.57,1,1
0.175,8.9022,8.9022,false,5.5312,157.77,1,1
0.175,10.476,10.476,false,6.3718,172.69,1,1
0.175,12.328,12.328,false,7.359,189.47,1,1
0.175,14.508,14.508,false,8.5185,208.42,1,1
0.175,17.074,17.074,false,9.8807,229.94,1,1
0.175,20.092,20.092,false,11.417,251.35,1,1
0.175,23.645,23.645,false,13.086,268.75,1,1
0.175,27.826,27.826,false,15.048,288.24,1,1
0.175,32.745,32.745,false,17.352,309.65,1,1
0.175,38.535,38.535,false,20.059,332.72,1,1
0.175,45.349,45.349,false,23.166,356.61,1,1
0.175,53.367,53.367,false,26.294,370.64,1,1
0.175,62.803,62.803,false,29.959,385.82,1,1
0.175,73.907,73.907,false,34.25,402.16,1,1
0.175,86.975,86.975,false,39.272,419.54,1,1
0.175,102.35,102.35,false,44.218,427.83,1,1
0.175,120.45,120.45,false,49.535,432.54,1,1
0.175,141.75,141.75,false,55.709,438.1,1,1
0.175,166.81,166.81,false,62.641,442.29,1,1
0.175,196.3,196.3,false,68.774,437.53,1,1
0.175,231.01,231.01,false,75.788,434.03,1,1
0.175,271.86,271.86,false,82.932,427.39,1,1
0.175,319.93,319.93,false,88.5,410.94,1,1
0.175,376.49,376.49,false,94.708,396.58,1,1
0.175,443.06,443.06,false,101.56,383.74,1,1
0.175,521.4,521.4,false,108.6,370.8,1,1
0.175,613.59,613.59,false,111.95,347.63,1,1
0.175,722.08,722.08,false,115.4,326.66,1,1
0.175,849.75,849.75,false,118.87,307.82,1,1
0.175,1000,1000,false,122.28,290.96,1,1
0.2,0.0001,0.0001,false,0.16011,0.0025618,1,1
0.2,0.00011768,0.00011768,false,0.16021,0.0030147,1,1
0.2,0.00013849,0.00013849,false,0.16033,0.0035477,1,1
0.2,0.00016298,0.00016298,false,0.16045,0.0041748,1,1
0.2,0.00019179,0.00019179,false,0.1606,0.0049124,1,1
0.2,0.0002257,0.0002257,false,0.16077,0.0057805,1,1
0.2,0.00026561,0.00026561,false,0.16096,0.006802,1,1
0.2,0.00031257,0.00031257,false,0.16118,0.0080041,1,1
0.2,0.00036784,0.00036784,false,0.16143,0.0094188,1,1
0.2,0.00043288,0.00043288,false,0.16171,0.011084,1,1
0.2,0.00050941,0.00050941,false,0.16203,0.013038,1,1
0.2,0.00059948,0.00059948,false,0.16239,0.015338,1,1
0.2,0.00070548,0.00070548,false,0.16281,0.018045,1,1
0.2,0.00083022,0.00083022,false,0.16327,0.021178,1,1
0.2,0.00097701,0.00097701,false,0.1638,0.02492,1,1
0.2,0.0011498,0.0011498,false,0.16439,0.029324,1,1
0.2,0.001353,0.001353,false,0.16506,0.034489,1,1
0.2,0.0015923,0.0015923,false,0.16581,0.040564,1,1
0.2,0.0018738,0.0018738,false,0.16665,0.047605,1,1
0.2,0.0022051,0.0022051,false,0.1676,0.056008,1,1
0.2,0.002595,0.002595,false,0.16866,0.065896,1,1
0.2,0.0030539,0.0030539,false,0.16985,0.077344,1,1
0.2,0.0035938,0.0035938,false,0.17118,0.090954,1,1
0.2,0.0042292,0.0042292,false,0.17266,0.10694,1,1
0.2,0.004977,0.004977,false,0.17432,0.12549,1,1
0.2,0.005857,0.005857,false,0.17617,0.14761,1,1
0.2,0.0068926,0.0068926,false,0.17822,0.17326,1,1
0.2,0.0081113,0.0081113,false,0.18051,0.20384,1,1
0.2,0.0095455,0.0095455,false,0.18306,0.23909,1,1
0.2,0.011233,0.011233,false,0.1859,0.28096,1,1
0.2,0.013219,0.013219,false,0.18905,0.3296,1,1
0.2,0.015557,0.015557,false,0.19255,0.38676,1,1
0.2,0.018307,0.018307,false,0.19643,0.45485,1,1
0.2,0.021544,0.021544,false,0.20074,0.53391,1,1
0.2,0.025354,0.025354,false,0.20553,0.62611,1,1
0.2,0.029836,0.029836,false,0.21086,0.73354,1,1
0.2,0.035112,0.035112,false,0.21677,0.85995,1,1
0.2,0.04132,0.04132,false,0.22334,1.0086,1,1
0.2,0.048626,0.048626,false,0.23062,1.181,1,1
0.2,0.057224,0.057224,false,0.23871,1.3859,1,1
0.2,0.067342,0.067342,false,0.24772,1.6249,1,1
0.2,0.079248,0.079248,false,0.25781,1.8969,1,1
0.2,0.09326,0.09326,false,0.26903,2.2169,1,1
0.2,0.10975,0.10975,false,0.28153,2.5928,1,1
0.2,0.12915,0.12915,false,0.29548,3.0341,1,1
0.2,0.15199,0.15199,false,0.31106,3.5519,1,1
0.2,0.17886,0.17886,false,0.3285,4.1556,1,1
0.2,0.21049,0.21049,false,0.34822,4.8279,1,1
0.2,0.24771,0.24771,false,0.37034,5.6186,1,1
0.2,0.29151,0.29151,false,0.3952,6.5472,1,1
0.2,0.34305,0.34305,false,0.42318,7.6367,1,1
0.2,0.4037,0.4037,false,0.45473,8.8988,1,1
0.2,0.47508,0.47508,false,0.49036,10.375,1,1
0.2,0.55908,0.55908,false,0.53107,11.962,1,1
0.2,0.65793,0.65793,false,0.57728,13.805,1,1
0.2,0.77426,0.77426,false,0.62983,15.969,1,1
0.2,0.91116,0.91116,false,0.68971,18.506,1,1
0.2,1.0723,1.0723,false,0.75805,21.445,1,1
0.2,1.2619,1.2619,false,0.83621,24.878,1,1
0.2,1.485,1.485,false,0.927,28.255,1,1
0.2,1.7475,1.7475,false,1.0316,32.093,1,1
0.2,2.0565,2.0565,false,1.152,36.617,1,1
0.2,2.4201,2.4201,false,1.291,41.881,1,1
0.2,2.848,2.848,false,1.4515,47.99,1,1
0.2,3.3516,3.3516,false,1.6373,55.127,1,1
0.2,3.9442,3.9442,false,1.8513,61.57,1,1
0.2,4.6416,4.6416,false,2.1,68.443,1,1
0.2,5.4623,5.4623,false,2.3898,76.526,1,1
0.2,6.4281,6.4281,false,2.728,85.938,1,1
0.2,7.5646,7.5646,false,3.1228,96.801,1,1
0.2,8.9022,8.9022,false,3.5843,109.46,1,1
0.2,10.476,10.476,false,4.1034,119.89,1,1
0.2,12.328,12.328,false,4.7071,130.73,1,1
0.2,14.508,14.508,false,5.4153,142.93,1,1
0.2,17.074,17.074,false,6.2463,156.7,1,1
0.2,20.092,20.092,false,7.222,172.51,1,1
0.2,23.645,23.645,false,8.3532,189.66,1,1
0.2,27.826,27.826,false,9.5531,202.98,1,1
0.2,32.745,32.745,false,10.963,217.68,1,1
0.2,38.535,38.535,false,12.619,234.08,1,1
0.2,45.349,45.349,false,14.565,252.03,1,1
0.2,53.367,53.367,false,16.849,271.34,1,1
0.2,62.803,62.803,false,19.148,283.53,1,1
0.2,73.907,73.907,false,21.798,295.74,1,1
0.2,86.975,86.975,false,24.902,308.89,1,1
0.2,102.35,102.35,false,28.536,322.59,1,1
0.2,120.45,120.45,false,32.343,331.92,1,1
0.2,141.75,141.75,false,36.228,336.76,1,1
0.2,166.81,166.81,false,40.742,341.61,1,1
0.2,196.3,196.3,false,45.978,346.67,1,1
0.2,231.01,231.01,false,50.699,345.06,1,1
0.2,271.86,271.86,false,55.916,343.05,1,1
0.2,319.93,319.93,false,61.792,341.2,1,1
0.2,376.49,376.49,false,66.047,328.72,1,1
0.2,443.06,443.06,false,70.814,317.73,1,1
0.2,521.4,521.4,false,76.115,308.12,1,1
0.2,613.59,613.59,false,81.957,299.63,1,1
0.2,722.08,722.08,false,85.217,282.76,1,1
0.2,849.75,849.75,false,88.167,266.2,1,1
0.2,1000,1000,false,91.189,251.17,1,1
0.225,0.0001,0.0001,false,0.15975,0.0016847,1,1
0.225,0.00011768,0.00011768,false,0.15982,0.0019825,1,1
0.225,0.00013849,0.00013849,false,0.1599,0.002333,1,1
0.225,0.00016298,0.00016298,false,0.15999,0.0027454,1,1
0.225,0.00019179,0.00019179,false,0.16009,0.0032308,1,1
0.225,0.0002257,0.0002257,false,0.16021,0.0038017,1,1
0.225,0.00026561,0.00026561,false,0.16034,0.0044735,1,1
0.225,0.00031257,0.00031257,false,0.1605,0.0052641,1,1
0.225,0.00036784,0.00036784,false,0.16067,0.0061945,1,1
0.225,0.00043288,0.00043288,false,0.16087,0.0072894,1,1
0.225,0.00050941,0.00050941,false,0.1611,0.0085779,1,1
0.225,0.00059948,0.00059948,false,0.16136,0.010091,1,1
0.225,0.00070548,0.00070548,false,0.16166,0.011872,1,1
0.225,0.00083022,0.00083022,false,0.16199,0.013967,1,1
0.225,0.00097701,0.00097701,false,0.16237,0.016391,1,1
0.225,0.0011498,0.0011498,false,0.1628,0.019287,1,1
0.225,0.001353,0.001353,false,0.16329,0.022695,1,1
0.225,0.0015923,0.0015923,false,0.16383,0.026696,1,1
0.225,0.0018738,0.0018738,false,0.16445,0.0314,1,1
0.225,0.0022051,0.0022051,false,0.16515,0.036847,1,1
0.225,0.002595,0.002595,false,0.16593,0.043352,1,1
0.225,0.0030539,0.0030539,false,0.1668,0.051007,1,1
0.225,0.0035938,0.0035938,false,0.16779,0.060015,1,1
0.225,0.0042292,0.0042292,false,0.16889,0.070406,1,1
0.225,0.004977,0.004977,false,0.17012,0.08279,1,1
0.225,0.005857,0.005857,false,0.1715,0.097364,1,1
0.225,0.0068926,0.0068926,false,0.17304,0.11427,1,1
0.225,0.0081113,0.0081113,false,0.17475,0.13443,1,1
0.225,0.0095455,0.0095455,false,0.17666,0.15779,1,1
0.225,0.011233,0.011233,false,0.17879,0.18553,1,1
0.225,0.013219,0.013219,false,0.18116,0.21754,1,1
0.225,0.015557,0.015557,false,0.1838,0.25519,1,1
0.225,0.018307,0.018307,false,0.18673,0.30008,1,1
0.225,0.021544,0.021544,false,0.18998,0.35218,1,1
0.225,0.025354,0.025354,false,0.19358,0.41336,1,1
0.225,0.029836,0.029836,false,0.19759,0.48484,1,1
0.225,0.035112,0.035112,false,0.20205,0.56808,1,1
0.225,0.04132,0.04132,false,0.207,0.66601,1,1
0.225,0.048626,0.048626,false,0.21249,0.78115,1,1
0.225,0.057224,0.057224,false,0.21858,0.91647,1,1
0.225,0.067342,0.067342,false,0.22533,1.0754,1,1
0.225,0.079248,0.079248,false,0.23284,1.2587,1,1
0.225,0.09326,0.09326,false,0.24123,1.4725,1,1
0.225,0.10975,0.10975,false,0.25056,1.7209,1,1
0.225,0.12915,0.12915,false,0.26093,2.0127,1,1
0.225,0.15199,0.15199,false,0.27247,2.3552,1,1
0.225,0.17886,0.17886,false,0.28533,2.7569,1,1
0.225,0.21049,0.21049,false,0.29969,3.2274,1,1
0.225,0.24771,0.24771,false,0.31589,3.7499,1,1
0.225,0.29151,0.29151,false,0.33402,4.3719,1,1
0.225,0.34305,0.34305,false,0.35432,5.0944,1,1
0.225,0.4037,0.4037,false,0.3771,5.9317,1,1
0.225,0.47508,0.47508,false,0.40269,6.9236,1,1
0.225,0.55908,0.55908,false,0.4315,8.0714,1,1
0.225,0.65793,0.65793,false,0.46429,9.3177,1,1
0.225,0.77426,0.77426,false,0.5014,10.754,1,1
0.225,0.91116,0.91116,false,0.54344,12.46,1,1
0.225,1.0723,1.0723,false,0.59116,14.417,1,1
0.225,1.2619,1.2619,false,0.64541,16.732,1,1
0.225,1.485,1.485,false,0.70722,19.409,1,1
0.225,1.7475,1.7475,false,0.77878,22.098,1,1
0.225,2.0565,2.0565,false,0.86102,25.145,1,1
0.225,2.4201,2.4201,false,0.95537,28.695,1,1
0.225,2.848,2.848,false,1.0638,32.825,1,1
0.225,3.3516,3.3516,false,1.1886,37.664,1,1
0.225,3.9442,3.9442,false,1.3325,43.265,1,1
0.225,4.6416,4.6416,false,1.4983,48.493,1,1
0.225,5.4623,5.4623,false,1.6904,53.998,1,1
0.225,6.4281,6.4281,false,1.9136,60.401,1,1
0.225,7.5646,7.5646,false,2.1734,67.86,1,1
0.225,8.9022,8.9022,false,2.476,76.556,1,1
0.225,10.476,10.476,false,2.8289,86.698,1,1
0.225,12.328,12.328,false,3.2267,95.06,1,1
0.225,14.508,14.508,false,3.6868,103.37,1,1
0.225,17.074,17.074,false,4.2261,112.75,1,1
0.225,20.092,20.092,false,4.8582,123.34,1,1
0.225,23.645,23.645,false,5.5994,135.36,1,1
0.225,27.826,27.826,false,6.467,149.14,1,1
0.225,32.745,32.745,false,7.3816,159.73,1,1
0.225,38.535,38.535,false,8.4558,171.41,1,1
0.225,45.349,45.349,false,9.7177,184.45,1,1
0.225,53.367,53.367,false,11.2,198.72,1,1
0.225,62.803,62.803,false,12.94,214.29,1,1
0.225,73.907,73.907,false,14.723,224.71,1,1
0.225,86.975,86.975,false,16.751,234.79,1,1
0.225,102.35,102.35,false,19.128,245.67,1,1
0.225,120.45,120.45,false,21.912,257.02,1,1
0.225,141.75,141.75,false,24.896,265.89,1,1
0.225,166.81,166.81,false,27.893,270.18,1,1
0.225,196.3,196.3,false,31.38,274.76,1,1
0.225,231.01,231.01,false,35.429,279.55,1,1
0.225,271.86,271.86,false,39.196,279.09,1,1
0.225,319.93,319.93,false,43.275,278.23,1,1
0.225,376.49,376.49,false,47.94,277.54,1,1
0.225,443.06,443.06,false,51.426,268.65,1,1
0.225,521.4,521.4,false,55.238,260.13,1,1
0.225,613.59,613.59,false,59.501,252.87,1,1
0.225,722.08,722.08,false,64.212,246.27,1,1
0.225,849.75,849.75,false,67.185,233.71,1,1
0.225,1000,1000,false,69.719,220.44,1,1
0.25,0.0001,0.0001,false,0.15948,0.0011578,1,1
0.25,0.00011768,0.00011768,false,0.15953,0.0013625,1,1
0.25,0.00013849,0.00013849,false,0.15958,0.0016034,1,1
0.25,0.00016298,0.00016298,false,0.15965,0.0018868,1,1
0.25,0.00019179,0.00019179,false,0.15972,0.0022204,1,1
0.25,0.0002257,0.0002257,false,0.15981,0.002613,1,1
0.25,0.00026561,0.00026561,false,0.15991,0.0030747,1,1
0.25,0.00031257,0.00031257,false,0.16002,0.0036181,1,1
0.25,0.00036784,0.00036784,false,0.16015,0.0042576,1,1
0.25,0.00043288,0.00043288,false,0.1603,0.0050101,1,1
0.25,0.00050941,0.00050941,false,0.16046,0.0058957,1,1
0.25,0.00059948,0.00059948,false,0.16065,0.0069379,1,1
0.25,0.00070548,0.00070548,false,0.16087,0.0081622,1,1
0.25,0.00083022,0.00083022,false,0.16112,0.0096027,1,1
0.25,0.00097701,0.00097701,false,0.1614,0.011298,1,1
0.25,0.0011498,0.0011498,false,0.16172,0.013293,1,1
0.25,0.001353,0.001353,false,0.16208,0.0156,1,1
0.25,0.0015923,0.0015923,false,0.16249,0.018357,1,1
0.25,0.0018738,0.0018738,false,0.16296,0.021593,1,1
0.25,0.0022051,0.0022051,false,0.16348,0.025399,1,1
0.25,0.002595,0.002595,false,0.16407,0.029878,1,1
0.25,0.0030539,0.0030539,false,0.16473,0.035066,1,1
0.25,0.0035938,0.0035938,false,0.16548,0.041259,1,1
0.25,0.0042292,0.0042292,false,0.16632,0.048547,1,1
0.25,0.004977,0.004977,false,0.16726,0.056948,1,1
0.25,0.005857,0.005857,false,0.16831,0.066971,1,1
0.25,0.0068926,0.0068926,false,0.16949,0.078766,1,1
0.25,0.0081113,0.0081113,false,0.17081,0.092439,1,1
0.25,0.0095455,0.0095455,false,0.17228,0.10875,1,1
0.25,0.011233,0.011233,false,0.17392,0.12764,1,1
0.25,0.013219,0.013219,false,0.17575,0.15008,1,1
0.25,0.015557,0.015557,false,0.17779,0.17599,1,1
0.25,0.018307,0.018307,false,0.18006,0.20691,1,1
0.25,0.021544,0.021544,false,0.18258,0.24278,1,1
0.25,0.025354,0.025354,false,0.18539,0.28492,1,1
0.25,0.029836,0.029836,false,0.1885,0.3344,1,1
0.25,0.035112,0.035112,false,0.19196,0.3931,1,1
0.25,0.04132,0.04132,false,0.1958,0.46059,1,1
0.25,0.048626,0.048626,false,0.20007,0.54,1,1
0.25,0.057224,0.057224,false,0.2048,0.63337,1,1
0.25,0.067342,0.067342,false,0.21005,0.74158,1,1
0.25,0.079248,0.079248,false,0.21587,0.87021,1,1
0.25,0.09326,0.09326,false,0.22233,1.0205,1,1
0.25,0.10975,0.10975,false,0.22955,1.1916,1,1
0.25,0.12915,0.12915,false,0.23756,1.3954,1,1
0.25,0.15199,0.15199,false,0.24645,1.6321,1,1
0.25,0.17886,0.17886,false,0.25634,1.9099,1,1
0.25,0.21049,0.21049,false,0.26734,2.2357,1,1
0.25,0.24771,0.24771,false,0.27959,2.6116,1,1
0.25,0.29151,0.29151,false,0.29339,3.041,1,1
0.25,0.34305,0.34305,false,0.30879,3.5397,1,1
0.25,0.4037,0.4037,false,0.32601,4.1253,1,1
0.25,0.47508,0.47508,false,0.34527,4.8119,1,1
0.25,0.55908,0.55908,false,0.36686,5.6166,1,1
0.25,0.65793,0.65793,false,0.39109,6.5476,1,1
0.25,0.77426,0.77426,false,0.41862,7.559,1,1
0.25,0.91116,0.91116,false,0.44967,8.7417,1,1
0.25,1.0723,1.0723,false,0.48474,10.115,1,1
0.25,1.2619,1.2619,false,0.52441,11.723,1,1
0.25,1.485,1.485,false,0.56937,13.585,1,1
0.25,1.7475,1.7475,false,0.62043,15.759,1,1
0.25,2.0565,2.0565,false,0.67947,17.971,1,1
0.25,2.4201,2.4201,false,0.74707,20.465,1,1
0.25,2.848,2.848,false,0.82436,23.369,1,1
0.25,3.3516,3.3516,false,0.91288,26.78,1,1
0.25,3.9442,3.9442,false,1.0145,30.738,1,1
0.25,4.6416,4.6416,false,1.1312,35.317,1,1
0.25,5.4623,5.4623,false,1.2655,39.568,1,1
0.25,6.4281,6.4281,false,1.4209,44.155,1,1
0.25,7.5646,7.5646,false,1.6011,49.433,1,1
0.25,8.9022,8.9022,false,1.8102,55.648,1,1
0.25,10.476,10.476,false,2.0531,62.827,1,1
0.25,12.328,12.328,false,2.3359,71.206,1,1
0.25,14.508,14.508,false,2.6536,77.842,1,1
0.25,17.074,17.074,false,3.0213,84.529,1,1
0.25,20.092,20.092,false,3.4515,91.966,1,1
0.25,23.645,23.645,false,3.9553,100.49,1,1
0.25,27.826,27.826,false,4.5454,110.17,1,1
0.25,32.745,32.745,false,5.2332,121.05,1,1
0.25,38.535,38.535,false,5.9633,129.81,1,1
0.25,45.349,45.349,false,6.8206,139.49,1,1
0.25,53.367,53.367,false,7.8272,150.12,1,1
0.25,62.803,62.803,false,9.0091,161.93,1,1
0.25,73.907,73.907,false,10.397,174.83,1,1
0.25,86.975,86.975,false,11.817,183.6,1,1
0.25,102.35,102.35,false,13.441,192.1,1,1
0.25,120.45,120.45,false,15.344,201.05,1,1
0.25,141.75,141.75,false,17.574,210.84,1,1
0.25,166.81,166.81,false,19.954,218.2,1,1
0.25,196.3,196.3,false,22.368,222,1,1
0.25,231.01,231.01,false,25.179,226.3,1,1
0.25,271.86,271.86,false,28.446,230.77,1,1
0.25,319.93,319.93,false,31.477,230.71,1,1
0.25,376.49,376.49,false,34.794,230.46,1,1
0.25,443.06,443.06,false,38.597,230.55,1,1
0.25,521.4,521.4,false,41.427,223.28,1,1
0.25,613.59,613.59,false,44.582,216.72,1,1
0.25,722.08,722.08,false,48.113,210.96,1,1
0.25,849.75,849.75,false,52.05,206.24,1,1
0.25,1000,1000,false,54.508,195.66,1,1
0.275,0.0001,0.0001,false,0.15927,0.00082465,1,1
0.275,0.00011768,0.00011768,false,0.1593,0.00097043,1,1
0.275,0.00013849,0.00013849,false,0.15934,0.001142,1,1
0.275,0.00016298,0.00016298,false,0.15939,0.0013439,1,1
0.275,0.00019179,0.00019179,false,0.15945,0.0015815,1,1
0.275,0.0002257,0.0002257,false,0.15951,0.0018611,1,1
0.275,0.00026561,0.00026561,false,0.15958,0.0021901,1,1
0.275,0.00031257,0.00031257,false,0.15967,0.0025771,1,1
0.275,0.00036784,0.00036784,false,0.15976,0.0030326,1,1
0.275,0.00043288,0.00043288,false,0.15987,0.0035686,1,1
0.275,0.00050941,0.00050941,false,0.16,0.0041994,1,1
0.275,0.00059948,0.00059948,false,0.16014,0.0049417,1,1
0.275,0.00070548,0.00070548,false,0.16031,0.0058153,1,1
0.275,0.00083022,0.00083022,false,0.1605,0.0068415,1,1
0.275,0.00097701,0.00097701,false,0.16071,0.0080492,1,1
0.275,0.0011498,0.0011498,false,0.16095,0.0094705,1,1
0.275,0.001353,0.001353,false,0.16123,0.011143,1,1
0.275,0.0015923,0.0015923,false,0.16154,0.013076,1,1
0.275,0.0018738,0.0018738,false,0.1619,0.015387,1,1
0.275,0.0022051,0.0022051,false,0.1623,0.018099,1,1
0.275,0.002595,0.002595,false,0.16275,0.021291,1,1
0.275,0.0030539,0.0030539,false,0.16327,0.025047,1,1
0.275,0.0035938,0.0035938,false,0.16385,0.029393,1,1
0.275,0.0042292,0.0042292,false,0.1645,0.034585,1,1
0.275,0.004977,0.004977,false,0.16523,0.040695,1,1
0.275,0.005857,0.005857,false,0.16605,0.047733,1,1
0.275,0.0068926,0.0068926,false,0.16697,0.056139,1,1
0.275,0.0081113,0.0081113,false,0.16801,0.066031,1,1
0.275,0.0095455,0.0095455,false,0.16917,0.07749,1,1
0.275,0.011233,0.011233,false,0.17046,0.091165,1,1
0.275,0.013219,0.013219,false,0.1719,0.10699,1,1
0.275,0.015557,0.015557,false,0.17351,0.1258,1,1
0.275,0.018307,0.018307,false,0.17531,0.14753,1,1
0.275,0.021544,0.021544,false,0.17731,0.17346,1,1
0.275,0.025354,0.025354,false,0.17954,0.20354,1,1
0.275,0.029836,0.029836,false,0.18201,0.23886,1,1
0.275,0.035112,0.035112,false,0.18476,0.28099,1,1
0.275,0.04132,0.04132,false,0.18782,0.32949,1,1
0.275,0.048626,0.048626,false,0.19122,0.38613,1,1
0.275,0.057224,0.057224,false,0.19499,0.45275,1,1
0.275,0.067342,0.067342,false,0.19917,0.53106,1,1
0.275,0.079248,0.079248,false,0.2038,0.62308,1,1
0.275,0.09326,0.09326,false,0.20894,0.7296,1,1
0.275,0.10975,0.10975,false,0.21465,0.85531,1,1
0.275,0.12915,0.12915,false,0.22101,0.99895,1,1
0.275,0.15199,0.15199,false,0.22807,1.1701,1,1
0.275,0.17886,0.17886,false,0.23591,1.3686,1,1
0.275,0.21049,0.21049,false,0.2446,1.6016,1,1
0.275,0.24771,0.24771,false,0.25426,1.8748,1,1
0.275,0.29151,0.29151,false,0.26503,2.1927,1,1
0.275,0.34305,0.34305,false,0.27711,2.5493,1,1
0.275,0.4037,0.4037,false,0.29058,2.9737,1,1
0.275,0.47508,0.47508,false,0.30561,3.4662,1,1
0.275,0.55908,0.55908,false,0.32239,4.0436,1,1
0.275,0.65793,0.65793,false,0.34116,4.7117,1,1
0.275,0.77426,0.77426,false,0.36219,5.4995,1,1
0.275,0.91116,0.91116,false,0.38603,6.3473,1,1
0.275,1.0723,1.0723,false,0.41285,7.3442,1,1
0.275,1.2619,1.2619,false,0.44306,8.5008,1,1
0.275,1.485,1.485,false,0.47715,9.8555,1,1
0.275,1.7475,1.7475,false,0.51568,11.422,1,1
0.275,2.0565,2.0565,false,0.55932,13.252,1,1
0.275,2.4201,2.4201,false,0.60981,15.085,1,1
0.275,2.848,2.848,false,0.66733,17.197,1,1
0.275,3.3516,3.3516,false,0.73291,19.656,1,1
0.275,3.9442,3.9442,false,0.80779,22.542,1,1
0.275,4.6416,4.6416,false,0.89345,25.886,1,1
0.275,5.4623,5.4623,false,0.99162,29.793,1,1
0.275,6.4281,6.4281,false,1.1046,33.268,1,1
0.275,7.5646,7.5646,false,1.235,37.173,1,1
0.275,8.9022,8.9022,false,1.3858,41.668,1,1
0.275,10.476,10.476,false,1.5605,46.963,1,1
0.275,12.328,12.328,false,1.763,53.083,1,1
0.275,14.508,14.508,false,1.9981,60.292,1,1
0.275,17.074,17.074,false,2.2606,65.44,1,1
0.275,20.092,20.092,false,2.5656,70.954,1,1
0.275,23.645,23.645,false,2.9221,77.162,1,1
0.275,27.826,27.826,false,3.3389,84.189,1,1
0.275,32.745,32.745,false,3.8266,92.184,1,1
0.275,38.535,38.535,false,4.3875,100.85,1,1
0.275,45.349,45.349,false,4.9926,108.35,1,1
0.275,53.367,53.367,false,5.7026,116.5,1,1
0.275,62.803,62.803,false,6.536,125.58,1,1
0.275,73.907,73.907,false,7.5142,135.69,1,1
0.275,86.975,86.975,false,8.6622,146.56,1,1
0.275,102.35,102.35,false,9.8183,153.4,1,1
0.275,120.45,120.45,false,11.167,160.82,1,1
0.275,141.75,141.75,false,12.749,168.62,1,1
0.275,166.81,166.81,false,14.602,177.14,1,1
0.275,196.3,196.3,false,16.528,182.96,1,1
0.275,231.01,231.01,false,18.543,186.52,1,1
0.275,271.86,271.86,false,20.889,190.3,1,1
0.275,319.93,319.93,false,23.619,194.42,1,1
0.275,376.49,376.49,false,26.078,194.37,1,1
0.275,443.06,443.06,false,28.866,194.53,1,1
0.275,521.4,521.4,false,31.945,194.26,1,1
0.275,613.59,613.59,false,34.323,188.31,1,1
0.275,722.08,722.08,false,37.009,183.26,1,1
0.275,849.75,849.75,false,40.023,178.85,1,1
0.275,1000,1000,false,43.382,175.14,1,1
0.3,0.0001,0.0001,false,0.15909,0.00060492,1,1
0.3,0.00011768,0.00011768,false,0.15912,0.00071186,1,1
0.3,0.00013849,0.00013849,false,0.15915,0.00083771,1,1
0.3,0.00016298,0.00016298,false,0.15918,0.00098581,1,1
0.3,0.00019179,0.00019179,false,0.15923,0.0011601,1,1
0.3,0.0002257,0.0002257,false,0.15927,0.0013652,1,1
0.3,0.00026561,0.00026561,false,0.15933,0.0016066,1,1
0.3,0.00031257,0.00031257,false,0.15939,0.0018906,1,1
0.3,0.00036784,0.00036784,false,0.15947,0.0022247,1,1
0.3,0.00043288,0.00043288,false,0.15955,0.0026179,1,1
0.3,0.00050941,0.00050941,false,0.15965,0.0030806,1,1
0.3,0.00059948,0.00059948,false,0.15976,0.0036252,1,1
0.3,0.00070548,0.00070548,false,0.15989,0.004266,1,1
0.3,0.00083022,0.00083022,false,0.16003,0.0050199,1,1
0.3,0.00097701,0.00097701,false,0.1602,0.005906,1,1
0.3,0.0011498,0.0011498,false,0.16039,0.0069487,1,1
0.3,0.001353,0.001353,false,0.1606,0.0081759,1,1
0.3,0.0015923,0.0015923,false,0.16084,0.00962,1,1
0.3,0.0018738,0.0018738,false,0.16112,0.011288,1,1
0.3,0.0022051,0.0022051,false,0.16144,0.013282,1,1
0.3,0.002595,0.002595,false,0.16179,0.015624,1,1
0.3,0.0030539,0.0030539,false,0.1622,0.01838,1,1
0.3,0.0035938,0.0035938,false,0.16265,0.021623,1,1
0.3,0.0042292,0.0042292,false,0.16317,0.025375,1,1
0.3,0.004977,0.004977,false,0.16375,0.029858,1,1
0.3,0.005857,0.005857,false,0.1644,0.035133,1,1
0.3,0.0068926,0.0068926,false,0.16514,0.041204,1,1
0.3,0.0081113,0.0081113,false,0.16596,0.048463,1,1
0.3,0.0095455,0.0095455,false,0.16689,0.057006,1,1
0.3,0.011233,0.011233,false,0.16792,0.066898,1,1
0.3,0.013219,0.013219,false,0.16908,0.078707,1,1
0.3,0.015557,0.015557,false,0.17038,0.092368,1,1
0.3,0.018307,0.018307,false,0.17183,0.10859,1,1
0.3,0.021544,0.021544,false,0.17344,0.12735,1,1
0.3,0.025354,0.025354,false,0.17524,0.14976,1,1
0.3,0.029836,0.029836,false,0.17724,0.17573,1,1
0.3,0.035112,0.035112,false,0.17947,0.20622,1,1
0.3,0.04132,0.04132,false,0.18194,0.2426,1,1
0.3,0.048626,0.048626,false,0.1847,0.28438,1,1
0.3,0.057224,0.057224,false,0.18776,0.33332,1,1
0.3,0.067342,0.067342,false,0.19116,0.39088,1,1
0.3,0.079248,0.079248,false,0.19493,0.45852,1,1
0.3,0.09326,0.09326,false,0.19911,0.53798,1,1
0.3,0.10975,0.10975,false,0.20373,0.62994,1,1
0.3,0.12915,0.12915,false,0.20889,0.73807,1,1
0.3,0.15199,0.15199,false,0.21462,0.86401,1,1
0.3,0.17886,0.17886,false,0.22097,1.0102,1,1
0.3,0.21049,0.21049,false,0.22801,1.1817,1,1
0.3,0.24771,0.24771,false,0.23582,1.3829,1,1
0.3,0.29151,0.29151,false,0.24449,1.6189,1,1
0.3,0.34305,0.34305,false,0.25417,1.8913,1,1
0.3,0.4037,0.4037,false,0.265,2.2041,1,1
0.3,0.47508,0.47508,false,0.27704,2.5671,1,1
0.3,0.55908,0.55908,false,0.29046,2.9929,1,1
0.3,0.65793,0.65793,false,0.30543,3.492,1,1
0.3,0.77426,0.77426,false,0.32214,4.0767,1,1
0.3,0.91116,0.91116,false,0.34087,4.7396,1,1
0.3,1.0723,1.0723,false,0.36204,5.4747,1,1
0.3,1.2619,1.2619,false,0.3858,6.3386,1,1
0.3,1.485,1.485,false,0.4125,7.3402,1,1
0.3,1.7475,1.7475,false,0.44256,8.5128,1,1
0.3,2.0565,2.0565,false,0.47647,9.8845,1,1
0.3,2.4201,2.4201,false,0.51489,11.436,1,1
0.3,2.848,2.848,false,0.55923,12.997,1,1
0.3,3.3516,3.3516,false,0.60955,14.858,1,1
0.3,3.9442,3.9442,false,0.66676,17,1,1
0.3,4.6416,4.6416,false,0.73192,19.511,1,1
0.3,5.4623,5.4623,false,0.80626,22.42,1,1
0.3,6.4281,6.4281,false,0.89125,25.732,1,1
0.3,7.5646,7.5646,false,0.98915,28.673,1,1
0.3,8.9022,8.9022,false,1.1019,32.095,1,1
0.3,10.476,10.476,false,1.232,36.037,1,1
0.3,12.328,12.328,false,1.3824,40.681,1,1
0.3,14.508,14.508,false,1.5563,46.046,1,1
0.3,17.074,17.074,false,1.757,52.122,1,1
0.3,20.092,20.092,false,1.9815,56.327,1,1
0.3,23.645,23.645,false,2.2432,61.04,1,1
0.3,27.826,27.826,false,2.5486,66.422,1,1
0.3,32.745,32.745,false,2.9052,72.528,1,1
0.3,38.535,38.535,false,3.3221,79.582,1,1
0.3,45.349,45.349,false,3.7912,86.633,1,1
0.3,53.367,53.367,false,4.3075,92.931,1,1
0.3,62.803,62.803,false,4.9131,99.976,1,1
0.3,73.907,73.907,false,5.6236,107.83,1,1
0.3,86.975,86.975,false,6.457,116.28,1,1
0.3,102.35,102.35,false,7.4104,124.97,1,1
0.3,120.45,120.45,false,8.395,130.83,1,1
0.3,141.75,141.75,false,9.5498,137.32,1,1
0.3,166.81,166.81,false,10.904,144.31,1,1
0.3,196.3,196.3,false,12.49,151.77,1,1
0.3,231.01,231.01,false,14.07,155.98,1,1
0.3,271.86,271.86,false,15.801,159.25,1,1
0.3,319.93,319.93,false,17.819,162.88,1,1
0.3,376.49,376.49,false,20.083,166.22,1,1
0.3,443.06,443.06,false,22.173,166.23,1,1
0.3,521.4,521.4,false,24.581,166.65,1,1
0.3,613.59,613.59,false,27.049,165.66,1,1
0.3,722.08,722.08,false,29.121,161.01,1,1
0.3,849.75,849.75,false,31.461,156.96,1,1
0.3,1000,1000,false,34.092,153.59,1,1
0.35,0.0001,0.0001,false,0.15881,0.00034931,1,1
0.35,0.00011768,0.00011768,false,0.15883,0.00041107,1,1
0.35,0.00013849,0.00013849,false,0.15885,0.00048375,1,1
0.35,0.00016298,0.00016298,false,0.15887,0.00056927,1,1
0.35,0.00019179,0.00019179,false,0.15889,0.00066991,1,1
0.35,0.0002257,0.0002257,false,0.15892,0.00078835,1,1
0.35,0.00026561,0.00026561,false,0.15896,0.00092773,1,1
0.35,0.00031257,0.00031257,false,0.159,0.0010917,1,1
0.35,0.00036784,0.00036784,false,0.15904,0.0012848,1,1
0.35,0.00043288,0.00043288,false,0.15909,0.0015119,1,1
0.35,0.00050941,0.00050941,false,0.15915,0.0017791,1,1
0.35,0.00059948,0.00059948,false,0.15922,0.0020936,1,1
0.35,0.00070548,0.00070548,false,0.1593,0.0024636,1,1
0.35,0.00083022,0.00083022,false,0.15939,0.0028991,1,1
0.35,0.00097701,0.00097701,false,0.1595,0.0034117,1,1
0.35,0.0011498,0.0011498,false,0.15962,0.0040142,1,1
0.35,0.001353,0.001353,false,0.15975,0.004723,1,1
0.35,0.0015923,0.0015923,false,0.15991,0.0055572,1,1
0.35,0.0018738,0.0018738,false,0.16008,0.0065389,1,1
0.35,0.0022051,0.0022051,false,0.16029,0.0076942,1,1
0.35,0.002595,0.002595,false,0.16052,0.0090271,1,1
0.35,0.0030539,0.0030539,false,0.16078,0.01062,1,1
0.35,0.0035938,0.0035938,false,0.16107,0.012494,1,1
0.35,0.0042292,0.0042292,false,0.16141,0.014699,1,1
0.35,0.004977,0.004977,false,0.16179,0.017294,1,1
0.35,0.005857,0.005857,false,0.16222,0.020294,1,1
0.35,0.0068926,0.0068926,false,0.1627,0.023879,1,1
0.35,0.0081113,0.0081113,false,0.16325,0.028089,1,1
0.35,0.0095455,0.0095455,false,0.16387,0.032947,1,1
0.35,0.011233,0.011233,false,0.16456,0.038756,1,1
0.35,0.013219,0.013219,false,0.16534,0.045593,1,1
0.35,0.015557,0.015557,false,0.16621,0.053502,1,1
0.35,0.018307,0.018307,false,0.16719,0.06295,1,1
0.35,0.021544,0.021544,false,0.16828,0.073844,1,1
0.35,0.025354,0.025354,false,0.16951,0.086814,1,1
0.35,0.029836,0.029836,false,0.17088,0.10184,1,1
0.35,0.035112,0.035112,false,0.1724,0.11977,1,1
0.35,0.04132,0.04132,false,0.1741,0.14055,1,1
0.35,0.048626,0.048626,false,0.17599,0.16494,1,1
0.35,0.057224,0.057224,false,0.1781,0.19395,1,1
0.35,0.067342,0.067342,false,0.18045,0.22729,1,1
0.35,0.079248,0.079248,false,0.18305,0.2665,1,1
0.35,0.09326,0.09326,false,0.18595,0.31258,1,1
0.35,0.10975,0.10975,false,0.18915,0.36672,1,1
0.35,0.12915,0.12915,false,0.19271,0.43032,1,1
0.35,0.15199,0.15199,false,0.19665,0.50369,1,1
0.35,0.17886,0.17886,false,0.20105,0.58955,1,1
0.35,0.21049,0.21049,false,0.20593,0.68911,1,1
0.35,0.24771,0.24771,false,0.21133,0.80765,1,1
0.35,0.29151,0.29151,false,0.21731,0.94503,1,1
0.35,0.34305,0.34305,false,0.22394,1.1061,1,1
0.35,0.4037,0.4037,false,0.23128,1.2949,1,1
0.35,0.47508,0.47508,false,0.23952,1.5089,1,1
0.35,0.55908,0.55908,false,0.24867,1.7568,1,1
0.35,0.65793,0.65793,false,0.25883,2.0515,1,1
0.35,0.77426,0.77426,false,0.27012,2.393,1,1
0.35,0.91116,0.91116,false,0.28269,2.793,1,1
0.35,1.0723,1.0723,false,0.29668,3.2551,1,1
0.35,1.2619,1.2619,false,0.31244,3.7717,1,1
0.35,1.485,1.485,false,0.33009,4.3642,1,1
0.35,1.7475,1.7475,false,0.34984,5.0511,1,1
0.35,2.0565,2.0565,false,0.37197,5.8653,1,1
0.35,2.4201,2.4201,false,0.3968,6.8075,1,1
0.35,2.848,2.848,false,0.4247,7.8957,1,1
0.35,3.3516,3.3516,false,0.45666,9.0362,1,1
0.35,3.9442,3.9442,false,0.49294,10.321,1,1
0.35,4.6416,4.6416,false,0.53395,11.816,1,1
0.35,5.4623,5.4623,false,0.58037,13.551,1,1
0.35,6.4281,6.4281,false,0.63301,15.582,1,1
0.35,7.5646,7.5646,false,0.69281,17.931,1,1
0.35,8.9022,8.9022,false,0.76031,20.179,1,1
0.35,10.476,10.476,false,0.83726,22.53,1,1
0.35,12.328,12.328,false,0.92557,25.239,1,1
0.35,14.508,14.508,false,1.0271,28.434,1,1
0.35,17.074,17.074,false,1.1438,32.122,1,1
0.35,20.092,20.092,false,1.2785,36.453,1,1
0.35,23.645,23.645,false,1.434,40.132,1,1
0.35,27.826,27.826,false,1.6146,43.645,1,1
0.35,32.745,32.745,false,1.8246,47.611,1,1
0.35,38.535,38.535,false,2.0688,52.169,1,1
0.35,45.349,45.349,false,2.3533,57.368,1,1
0.35,53.367,53.367,false,2.6849,63.327,1,1
0.35,62.803,62.803,false,3.0315,67.736,1,1
0.35,73.907,73.907,false,3.4353,72.54,1,1
0.35,86.975,86.975,false,3.9083,77.892,1,1
0.35,102.35,102.35,false,4.4626,83.731,1,1
0.35,120.45,120.45,false,5.1121,90.078,1,1
0.35,141.75,141.75,false,5.7977,95.179,1,1
0.35,166.81,166.81,false,6.5735,100.02,1,1
0.35,196.3,196.3,false,7.4831,105.23,1,1
0.35,231.01,231.01,false,8.5491,110.82,1,1
0.35,271.86,271.86,false,9.7192,115.77,1,1
0.35,319.93,319.93,false,10.895,118.35,1,1
0.35,376.49,376.49,false,12.267,121.36,1,1
0.35,443.06,443.06,false,13.866,124.63,1,1
0.35,521.4,521.4,false,15.415,125.63,1,1
0.35,613.59,613.59,false,17.08,126.3,1,1
0.35,722.08,722.08,false,18.998,127.14,1,1
0.35,849.75,849.75,false,20.547,124.26,1,1
0.35,1000,1000,false,22.214,121.35,1,1
0.4,0.0001,0.0001,false,0.15859,0.00021705,1,1
0.4,0.00011768,0.00011768,false,0.1586,0.00025542,1,1
0.4,0.00013849,0.00013849,false,0.15861,0.00030058,1,1
0.4,0.00016298,0.00016298,false,0.15863,0.00035373,1,1
0.4,0.00019179,0.00019179,false,0.15864,0.00041626,1,1
0.4,0.0002257,0.0002257,false,0.15866,0.00048986,1,1
0.4,0.00026561,0.00026561,false,0.15869,0.00057646,1,1
0.4,0.00031257,0.00031257,false,0.15871,0.00067838,1,1
0.4,0.00036784,0.00036784,false,0.15874,0.00079832,1,1
0.4,0.00043288,0.00043288,false,0.15877,0.00093946,1,1
0.4,0.00050941,0.00050941,false,0.15881,0.0011055,1,1
0.4,0.00059948,0.00059948,false,0.15886,0.0013009,1,1
0.4,0.00070548,0.00070548,false,0.15891,0.0015309,1,1
0.4,0.00083022,0.00083022,false,0.15897,0.0018015,1,1
0.4,0.00097701,0.00097701,false,0.15904,0.00212,1,1
0.4,0.0011498,0.0011498,false,0.15912,0.0024948,1,1
0.4,0.001353,0.001353,false,0.15921,0.0029356,1,1
0.4,0.0015923,0.0015923,false,0.15931,0.003454,1,1
0.4,0.0018738,0.0018738,false,0.15943,0.0040642,1,1
0.4,0.0022051,0.0022051,false,0.15957,0.0047822,1,1
0.4,0.002595,0.002595,false,0.15972,0.0056272,1,1
0.4,0.0030539,0.0030539,false,0.1599,0.0066012,1,1
0.4,0.0035938,0.0035938,false,0.1601,0.0077671,1,1
0.4,0.0042292,0.0042292,false,0.16033,0.0091378,1,1
0.4,0.004977,0.004977,false,0.16059,0.010751,1,1
0.4,0.005857,0.005857,false,0.16089,0.012649,1,1
0.4,0.0068926,0.0068926,false,0.16122,0.014841,1,1
0.4,0.0081113,0.0081113,false,0.1616,0.017463,1,1
0.4,0.0095455,0.0095455,false,0.16203,0.020545,1,1
0.4,0.011233,0.011233,false,0.16251,0.024163,1,1
0.4,0.013219,0.013219,false,0.16306,0.028347,1,1
0.4,0.015557,0.015557,false,0.16367,0.033348,1,1
0.4,0.018307,0.018307,false,0.16436,0.039234,1,1
0.4,0.021544,0.021544,false,0.16514,0.04604,1,1
0.4,0.025354,0.025354,false,0.16601,0.054163,1,1
0.4,0.029836,0.029836,false,0.16698,0.063509,1,1
0.4,0.035112,0.035112,false,0.16807,0.07468,1,1
0.4,0.04132,0.04132,false,0.16929,0.087616,1,1
0.4,0.048626,0.048626,false,0.17065,0.10281,1,1
0.4,0.057224,0.057224,false,0.17216,0.12094,1,1
0.4,0.067342,0.067342,false,0.17385,0.14193,1,1
0.4,0.079248,0.079248,false,0.17574,0.16632,1,1
0.4,0.09326,0.09326,false,0.17783,0.195,1,1
0.4,0.10975,0.10975,false,0.18016,0.22872,1,1
0.4,0.12915,0.12915,false,0.18275,0.26831,1,1
0.4,0.15199,0.15199,false,0.18562,0.31482,1,1
0.4,0.17886,0.17886,false,0.1888,0.36943,1,1
0.4,0.21049,0.21049,false,0.19234,0.43255,1,1
0.4,0.24771,0.24771,false,0.19628,0.50554,1,1
0.4,0.29151,0.29151,false,0.20063,0.59248,1,1
0.4,0.34305,0.34305,false,0.20545,0.69318,1,1
0.4,0.4037,0.4037,false,0.21079,0.81125,1,1
0.4,0.47508,0.47508,false,0.21671,0.94965,1,1
0.4,0.55908,0.55908,false,0.22331,1.1079,1,1
0.4,0.65793,0.65793,false,0.23065,1.2923,1,1
0.4,0.77426,0.77426,false,0.23879,1.506,1,1
0.4,0.91116,0.91116,false,0.24782,1.7598,1,1
0.4,1.0723,1.0723,false,0.25785,2.0537,1,1
0.4,1.2619,1.2619,false,0.26898,2.3978,1,1
0.4,1.485,1.485,false,0.28146,2.7792,1,1
0.4,1.7475,1.7475,false,0.29542,3.2152,1,1
0.4,2.0565,2.0565,false,0.31099,3.7269,1,1
0.4,2.4201,2.4201,false,0.32837,4.3269,1,1
0.4,2.848,2.848,false,0.34781,5.0209,1,1
0.4,3.3516,3.3516,false,0.36957,5.832,1,1
0.4,3.9442,3.9442,false,0.39426,6.705,1,1
0.4,4.6416,4.6416,false,0.42232,7.6567,1,1
0.4,5.4623,5.4623,false,0.45389,8.7633,1,1
0.4,6.4281,6.4281,false,0.48944,10.062,1,1
0.4,7.5646,7.5646,false,0.52956,11.567,1,1
0.4,8.9022,8.9022,false,0.57491,13.326,1,1
0.4,10.476,10.476,false,0.6261,15.141,1,1
0.4,12.328,12.328,false,0.68419,16.902,1,1
0.4,14.508,14.508,false,0.75053,18.955,1,1
0.4,17.074,17.074,false,0.8264,21.351,1,1
0.4,20.092,20.092,false,0.9133,24.147,1,1
0.4,23.645,23.645,false,1.013,27.402,1,1
0.4,27.826,27.826,false,1.1279,30.52,1,1
0.4,32.745,32.745,false,1.2612,33.194,1,1
0.4,38.535,38.535,false,1.4155,36.22,1,1
0.4,45.349,45.349,false,1.5944,39.703,1,1
0.4,53.367,53.367,false,1.802,43.68,1,1
0.4,62.803,62.803,false,2.0431,48.299,1,1
0.4,73.907,73.907,false,2.3006,51.98,1,1
0.4,86.975,86.975,false,2.5917,55.534,1,1
0.4,102.35,102.35,false,2.9322,59.421,1,1
0.4,120.45,120.45,false,3.3305,63.654,1,1
0.4,141.75,141.75,false,3.7967,68.395,1,1
0.4,166.81,166.81,false,4.3069,72.592,1,1
0.4,196.3,196.3,false,4.8688,76.364,1,1
0.4,231.01,231.01,false,5.5276,80.53,1,1
0.4,271.86,271.86,false,6.2995,85.003,1,1
0.4,319.93,319.93,false,7.1894,89.552,1,1
0.4,376.49,376.49,false,8.0471,91.707,1,1
0.4,443.06,443.06,false,9.0488,94.198,1,1
0.4,521.4,521.4,false,10.217,96.914,1,1
0.4,613.59,613.59,false,11.425,98.599,1,1
0.4,722.08,722.08,false,12.655,99.186,1,1
0.4,849.75,849.75,false,14.076,100.11,1,1
0.4,1000,1000,false,15.356,98.873,1,1
0.45,0.0001,0.0001,false,0.15841,0.00014269,1,1
0.45,0.00011768,0.00011768,false,0.15842,0.00016792,1,1
0.45,0.00013849,0.00013849,false,0.15842,0.00019761,1,1
0.45,0.00016298,0.00016298,false,0.15843,0.00023255,1,1
0.45,0.00019179,0.00019179,false,0.15844,0.00027367,1,1
0.45,0.0002257,0.0002257,false,0.15846,0.00032205,1,1
0.45,0.00026561,0.00026561,false,0.15847,0.00037899,1,1
0.45,0.00031257,0.00031257,false,0.15849,0.00044599,1,1
0.45,0.00036784,0.00036784,false,0.15851,0.00052484,1,1
0.45,0.00043288,0.00043288,false,0.15853,0.00061764,1,1
0.45,0.00050941,0.00050941,false,0.15856,0.00072684,1,1
0.45,0.00059948,0.00059948,false,0.15859,0.00085533,1,1
0.45,0.00070548,0.00070548,false,0.15863,0.0010065,1,1
0.45,0.00083022,0.00083022,false,0.15867,0.0011844,1,1
0.45,0.00097701,0.00097701,false,0.15872,0.0013938,1,1
0.45,0.0011498,0.0011498,false,0.15877,0.0016402,1,1
0.45,0.001353,0.001353,false,0.15883,0.0019302,1,1
0.45,0.0015923,0.0015923,false,0.15891,0.0022713,1,1
0.45,0.0018738,0.0018738,false,0.15899,0.0026725,1,1
0.45,0.0022051,0.0022051,false,0.15908,0.0031446,1,1
0.45,0.002595,0.002595,false,0.15919,0.0037002,1,1
0.45,0.0030539,0.0030539,false,0.15932,0.0043541,1,1
0.45,0.0035938,0.0035938,false,0.15946,0.0051236,1,1
0.45,0.0042292,0.0042292,false,0.15962,0.0060096,1,1
0.45,0.004977,0.004977,false,0.15981,0.0070703,1,1
0.45,0.005857,0.005857,false,0.16002,0.0083187,1,1
0.45,0.0068926,0.0068926,false,0.16026,0.0097877,1,1
0.45,0.0081113,0.0081113,false,0.16053,0.011517,1,1
0.45,0.0095455,0.0095455,false,0.16084,0.013512,1,1
0.45,0.011233,0.011233,false,0.16119,0.015898,1,1
0.45,0.013219,0.013219,false,0.16158,0.018698,1,1
0.45,0.015557,0.015557,false,0.16203,0.021934,1,1
0.45,0.018307,0.018307,false,0.16253,0.025805,1,1
0.45,0.021544,0.021544,false,0.1631,0.03036,1,1
0.45,0.025354,0.025354,false,0.16374,0.035624,1,1
0.45,0.029836,0.029836,false,0.16445,0.041914,1,1
0.45,0.035112,0.035112,false,0.16526,0.049146,1,1
0.45,0.04132,0.04132,false,0.16616,0.057795,1,1
0.45,0.048626,0.048626,false,0.16717,0.067803,1,1
0.45,0.057224,0.057224,false,0.1683,0.079758,1,1
0.45,0.067342,0.067342,false,0.16956,0.09359,1,1
0.45,0.079248,0.079248,false,0.17096,0.10982,1,1
0.45,0.09326,0.09326,false,0.17253,0.12904,1,1
0.45,0.10975,0.10975,false,0.17428,0.15129,1,1
0.45,0.12915,0.12915,false,0.17623,0.17744,1,1
0.45,0.15199,0.15199,false,0.17839,0.20816,1,1
0.45,0.17886,0.17886,false,0.18079,0.24423,1,1
0.45,0.21049,0.21049,false,0.18345,0.28659,1,1
0.45,0.24771,0.24771,false,0.18642,0.33487,1,1
0.45,0.29151,0.29151,false,0.18971,0.39225,1,1
0.45,0.34305,0.34305,false,0.19336,0.45971,1,1
0.45,0.4037,0.4037,false,0.19741,0.53782,1,1
0.45,0.47508,0.47508,false,0.20188,0.62939,1,1
0.45,0.55908,0.55908,false,0.20683,0.73672,1,1
0.45,0.65793,0.65793,false,0.21235,0.85991,1,1
0.45,0.77426,0.77426,false,0.21849,1.0031,1,1
0.45,0.91116,0.91116,false,0.22529,1.1712,1,1
0.45,1.0723,1.0723,false,0.23281,1.3659,1,1
0.45,1.2619,1.2619,false,0.24116,1.5939,1,1
0.45,1.485,1.485,false,0.25042,1.8608,1,1
0.45,1.7475,1.7475,false,0.26075,2.1629,1,1
0.45,2.0565,2.0565,false,0.27231,2.5024,1,1
0.45,2.4201,2.4201,false,0.28517,2.9007,1,1
0.45,2.848,2.848,false,0.29949,3.3676,1,1
0.45,3.3516,3.3516,false,0.31546,3.9075,1,1
0.45,3.9442,3.9442,false,0.33328,4.5384,1,1
0.45,4.6416,4.6416,false,0.35339,5.2362,1,1
0.45,5.4623,5.4623,false,0.37622,5.9808,1,1
0.45,6.4281,6.4281,false,0.4018,6.8463,1,1
0.45,7.5646,7.5646,false,0.4305,7.862,1,1
0.45,8.9022,8.9022,false,0.46275,9.0518,1,1
0.45,10.476,10.476,false,0.49904,10.428,1,1
0.45,12.328,12.328,false,0.53994,11.885,1,1
0.45,14.508,14.508,false,0.58629,13.274,1,1
0.45,17.074,17.074,false,0.639,14.913,1,1
0.45,20.092,20.092,false,0.69903,16.803,1,1
0.45,23.645,23.645,false,0.76749,19.035,1,1
0.45,27.826,27.826,false,0.84568,21.636,1,1
0.45,32.745,32.745,false,0.93556,24.205,1,1
0.45,38.535,38.535,false,1.0398,26.319,1,1
0.45,45.349,45.349,false,1.1601,28.746,1,1
0.45,53.367,53.367,false,1.2991,31.547,1,1
0.45,62.803,62.803,false,1.4598,34.748,1,1
0.45,73.907,73.907,false,1.6458,38.426,1,1
0.45,86.975,86.975,false,1.8454,41.463,1,1
0.45,102.35,102.35,false,2.0681,44.201,1,1
0.45,120.45,120.45,false,2.3282,47.19,1,1
0.45,141.75,141.75,false,2.6319,50.495,1,1
0.45,166.81,166.81,false,2.9867,54.073,1,1
0.45,196.3,196.3,false,3.3804,57.518,1,1
0.45,231.01,231.01,false,3.8114,60.554,1,1
0.45,271.86,271.86,false,4.3164,63.91,1,1
0.45,319.93,319.93,false,4.9079,67.595,1,1
0.45,376.49,376.49,false,5.6006,71.527,1,1
0.45,443.06,443.06,false,6.263,73.474,1,1
0.45,521.4,521.4,false,7.0355,75.596,1,1
0.45,613.59,613.59,false,7.9372,77.907,1,1
0.45,722.08,722.08,false,8.8915,79.553,1,1
0.45,849.75,849.75,false,9.8482,80.196,1,1
0.45,1000,1000,false,10.955,81.107,1,1
0.5,0.0001,0.0001,false,0.15825,0.00009812,1,1
0.5,0.00011768,0.00011768,false,0.15826,0.00011547,1,1
0.5,0.00013849,0.00013849,false,0.15826,0.00013588,1,1
0.5,0.00016298,0.00016298,false,0.15827,0.00015991,1,1
0.5,0.00019179,0.00019179,false,0.15828,0.00018818,1,1
0.5,0.0002257,0.0002257,false,0.15829,0.00022145,1,1
0.5,0.00026561,0.00026561,false,0.1583,0.0002606,1,1
0.5,0.00031257,0.00031257,false,0.15831,0.00030668,1,1
0.5,0.00036784,0.00036784,false,0.15832,0.0003609,1,1
0.5,0.00043288,0.00043288,false,0.15834,0.0004247,1,1
0.5,0.00050941,0.00050941,false,0.15836,0.00049979,1,1
0.5,0.00059948,0.00059948,false,0.15838,0.00058816,1,1
0.5,0.00070548,0.00070548,false,0.15841,0.00069213,1,1
0.5,0.00083022,0.00083022,false,0.15844,0.00081448,1,1
0.5,0.00097701,0.00097701,false,0.15847,0.00095846,1,1
0.5,0.0011498,0.0011498,false,0.15851,0.0011279,1,1
0.5,0.001353,0.001353,false,0.15855,0.0013273,1,1
0.5,0.0015923,0.0015923,false,0.15861,0.001562,1,1
0.5,0.0018738,0.0018738,false,0.15867,0.001838,1,1
0.5,0.0022051,0.0022051,false,0.15873,0.0021627,1,1
0.5,0.002595,0.002595,false,0.15881,0.0025448,1,1
0.5,0.0030539,0.0030539,false,0.1589,0.0029945,1,1
0.5,0.0035938,0.0035938,false,0.15901,0.0035236,1,1
0.5,0.0042292,0.0042292,false,0.15913,0.0041464,1,1
0.5,0.004977,0.004977,false,0.15926,0.0048631,1,1
0.5,0.005857,0.005857,false,0.15942,0.0057216,1,1
0.5,0.0068926,0.0068926,false,0.15959,0.006732,1,1
0.5,0.0081113,0.0081113,false,0.15979,0.007921,1,1
0.5,0.0095455,0.0095455,false,0.16002,0.0093203,1,1
0.5,0.011233,0.011233,false,0.16028,0.010934,1,1
0.5,0.013219,0.013219,false,0.16058,0.012865,1,1
0.5,0.015557,0.015557,false,0.16091,0.015132,1,1
0.5,0.018307,0.018307,false,0.16129,0.0178,1,1
0.5,0.021544,0.021544,false,0.16171,0.020884,1,1
0.5,0.025354,0.025354,false,0.16219,0.024571,1,1
0.5,0.029836,0.029836,false,0.16273,0.028829,1,1
0.5,0.035112,0.035112,false,0.16334,0.03392,1,1
0.5,0.04132,0.04132,false,0.16403,0.03988,1,1
0.5,0.048626,0.048626,false,0.1648,0.046776,1,1
0.5,0.057224,0.057224,false,0.16566,0.055017,1,1
0.5,0.067342,0.067342,false,0.16662,0.064553,1,1
0.5,0.079248,0.079248,false,0.1677,0.075744,1,1
0.5,0.09326,0.09326,false,0.16891,0.089116,1,1
0.5,0.10975,0.10975,false,0.17026,0.10444,1,1
0.5,0.12915,0.12915,false,0.17176,0.12246,1,1
0.5,0.15199,0.15199,false,0.17344,0.14362,1,1
0.5,0.17886,0.17886,false,0.1753,0.16849,1,1
0.5,0.21049,0.21049,false,0.17736,0.19768,1,1
0.5,0.24771,0.24771,false,0.17966,0.23196,1,1
0.5,0.29151,0.29151,false,0.18222,0.27168,1,1
0.5,0.34305,0.34305,false,0.18507,0.31753,1,1
0.5,0.4037,0.4037,false,0.18822,0.37217,1,1
0.5,0.47508,0.47508,false,0.19171,0.4354,1,1
0.5,0.55908,0.55908,false,0.19557,0.51066,1,1
0.5,0.65793,0.65793,false,0.19985,0.59772,1,1
0.5,0.77426,0.77426,false,0.20461,0.69762,1,1
0.5,0.91116,0.91116,false,0.20991,0.81387,1,1
0.5,1.0723,1.0723,false,0.21576,0.94847,1,1
0.5,1.2619,1.2619,false,0.22225,1.1084,1,1
0.5,1.485,1.485,false,0.22943,1.2934,1,1
0.5,1.7475,1.7475,false,0.23738,1.51,1,1
0.5,2.0565,2.0565,false,0.24626,1.755,1,1
0.5,2.4201,2.4201,false,0.25616,2.031,1,1
0.5,2.848,2.848,false,0.26716,2.3547,1,1
0.5,3.3516,3.3516,false,0.27938,2.7342,1,1
0.5,3.9442,3.9442,false,0.29298,3.1784,1,1
0.5,4.6416,4.6416,false,0.30812,3.6917,1,1
0.5,5.4623,5.4623,false,0.32518,4.2506,1,1
0.5,6.4281,6.4281,false,0.34447,4.8666,1,1
0.5,7.5646,7.5646,false,0.36601,5.5736,1,1
0.5,8.9022,8.9022,false,0.3901,6.4127,1,1
0.5,10.476,10.476,false,0.41708,7.3739,1,1
0.5,12.328,12.328,false,0.44733,8.4964,1,1
0.5,14.508,14.508,false,0.48137,9.6792,1,1
0.5,17.074,17.074,false,0.51993,10.84,1,1
0.5,20.092,20.092,false,0.56364,12.193,1,1
0.5,23.645,23.645,false,0.61322,13.77,1,1
0.5,27.826,27.826,false,0.66955,15.609,1,1
0.5,32.745,32.745,false,0.73364,17.751,1,1
0.5,38.535,38.535,false,0.80722,19.864,1,1
0.5,45.349,45.349,false,0.89253,21.619,1,1
0.5,53.367,53.367,false,0.99062,23.636,1,1
0.5,62.803,62.803,false,1.1035,25.969,1,1
0.5,73.907,73.907,false,1.2337,28.674,1,1
0.5,86.975,86.975,false,1.3838,31.785,1,1
0.5,102.35,102.35,false,1.5449,34.301,1,1
0.5,120.45,120.45,false,1.7255,36.517,1,1
0.5,141.75,141.75,false,1.936,39.016,1,1
0.5,166.81,166.81,false,2.1812,41.781,1,1
0.5,196.3,196.3,false,2.4671,44.789,1,1
0.5,231.01,231.01,false,2.7815,47.561,1,1
0.5,271.86,271.86,false,3.1249,50.05,1,1
0.5,319.93,319.93,false,3.5269,52.729,1,1
0.5,376.49,376.49,false,3.9975,55.658,1,1
0.5,443.06,443.06,false,4.5459,58.735,1,1
0.5,521.4,521.4,false,5.0782,60.403,1,1
0.5,613.59,613.59,false,5.7002,62.233,1,1
0.5,722.08,722.08,false,6.4265,64.293,1,1
0.5,849.75,849.75,false,7.1916,65.755,1,1
0.5,1000,1000,false,7.9666,66.358,1,1
0.55,0.0001,0.0001,false,0.15796,0.000069929,1,1
0.55,0.00011768,0.00011768,false,0.15796,0.000082293,1,1
0.55,0.00013849,0.00013849,false,0.15797,0.000096842,1,1
0.55,0.00016298,0.00016298,false,0.15797,0.00011396,1,1
0.55,0.00019179,0.00019179,false,0.15798,0.00013411,1,1
0.55,0.0002257,0.0002257,false,0.15798,0.00015783,1,1
0.55,0.00026561,0.00026561,false,0.15799,0.00018573,1,1
0.55,0.00031257,0.00031257,false,0.158,0.00021857,1,1
0.55,0.00036784,0.00036784,false,0.15801,0.00025721,1,1
0.55,0.00043288,0.00043288,false,0.15802,0.00030269,1,1
0.55,0.00050941,0.00050941,false,0.15804,0.0003562,1,1
0.55,0.00059948,0.00059948,false,0.15805,0.00041918,1,1
0.55,0.00070548,0.00070548,false,0.15807,0.00049329,1,1
0.55,0.00083022,0.00083022,false,0.15809,0.00058049,1,1
0.55,0.00097701,0.00097701,false,0.15812,0.00068311,1,1
0.55,0.0011498,0.0011498,false,0.15815,0.00080387,1,1
0.55,0.001353,0.001353,false,0.15818,0.00094598,1,1
0.55,0.0015923,0.0015923,false,0.15822,0.0011132,1,1
0.55,0.0018738,0.0018738,false,0.15826,0.00131,1,1
0.55,0.0022051,0.0022051,false,0.15831,0.0015415,1,1
0.55,0.002595,0.002595,false,0.15837,0.0018139,1,1
0.55,0.0030539,0.0030539,false,0.15844,0.0021344,1,1
0.55,0.0035938,0.0035938,false,0.15852,0.0025116,1,1
0.55,0.0042292,0.0042292,false,0.15861,0.0029555,1,1
0.55,0.004977,0.004977,false,0.15871,0.0034778,1,1
0.55,0.005857,0.005857,false,0.15883,0.0040786,1,1
0.55,0.0068926,0.0068926,false,0.15896,0.0047989,1,1
0.55,0.0081113,0.0081113,false,0.15911,0.0056464,1,1
0.55,0.0095455,0.0095455,false,0.15928,0.0066438,1,1
0.55,0.011233,0.011233,false,0.15948,0.0078176,1,1
0.55,0.013219,0.013219,false,0.1597,0.0091707,1,1
0.55,0.015557,0.015557,false,0.15996,0.01079,1,1
0.55,0.018307,0.018307,false,0.16025,0.012692,1,1
0.55,0.021544,0.021544,false,0.16057,0.014931,1,1
0.55,0.025354,0.025354,false,0.16094,0.017516,1,1
0.55,0.029836,0.029836,false,0.16136,0.02061,1,1
0.55,0.035112,0.035112,false,0.16183,0.02425,1,1
0.55,0.04132,0.04132,false,0.16236,0.028447,1,1
0.55,0.048626,0.048626,false,0.16296,0.03345,1,1
0.55,0.057224,0.057224,false,0.16363,0.039235,1,1
0.55,0.067342,0.067342,false,0.16438,0.04615,1,1
0.55,0.079248,0.079248,false,0.16523,0.054147,1,1
0.55,0.09326,0.09326,false,0.16617,0.063533,1,1
0.55,0.10975,0.10975,false,0.16723,0.074741,1,1
0.55,0.12915,0.12915,false,0.16842,0.0876,1,1
0.55,0.15199,0.15199,false,0.16974,0.10272,1,1
0.55,0.17886,0.17886,false,0.17121,0.12048,1,1
0.55,0.21049,0.21049,false,0.17285,0.14133,1,1
0.55,0.24771,0.24771,false,0.17467,0.16582,1,1
0.55,0.29151,0.29151,false,0.1767,0.19458,1,1
0.55,0.34305,0.34305,false,0.17896,0.22786,1,1
0.55,0.4037,0.4037,false,0.18147,0.26696,1,1
0.55,0.47508,0.47508,false,0.18425,0.31221,1,1
0.55,0.55908,0.55908,false,0.18734,0.36609,1,1
0.55,0.65793,0.65793,false,0.19075,0.42841,1,1
0.55,0.77426,0.77426,false,0.19453,0.50144,1,1
0.55,0.91116,0.91116,false,0.19874,0.58506,1,1
0.55,1.0723,1.0723,false,0.20342,0.68273,1,1
0.55,1.2619,1.2619,false,0.20859,0.7974,1,1
0.55,1.485,1.485,false,0.21431,0.93005,1,1
0.55,1.7475,1.7475,false,0.22064,1.0854,1,1
0.55,2.0565,2.0565,false,0.22765,1.2671,1,1
0.55,2.4201,2.4201,false,0.23547,1.4715,1,1
0.55,2.848,2.848,false,0.24418,1.707,1,1
0.55,3.3516,3.3516,false,0.25383,1.9797,1,1
0.55,3.9442,3.9442,false,0.26455,2.2993,1,1
0.55,4.6416,4.6416,false,0.27645,2.6684,1,1
0.55,5.4623,5.4623,false,0.28968,3.1053,1,1
0.55,6.4281,6.4281,false,0.30459,3.5692,1,1
0.55,7.5646,7.5646,false,0.32135,4.0902,1,1
0.55,8.9022,8.9022,false,0.34003,4.6879,1,1
0.55,10.476,10.476,false,0.36086,5.3969,1,1
0.55,12.328,12.328,false,0.38413,6.2085,1,1
0.55,14.508,14.508,false,0.41013,7.1668,1,1
0.55,17.074,17.074,false,0.43939,8.1379,1,1
0.55,20.092,20.092,false,0.47252,9.1287,1,1
0.55,23.645,23.645,false,0.50994,10.284,1,1
0.55,27.826,27.826,false,0.55227,11.631,1,1
0.55,32.745,32.745,false,0.60019,13.199,1,1
0.55,38.535,38.535,false,0.65454,15.021,1,1
0.55,45.349,45.349,false,0.71703,16.723,1,1
0.55,53.367,53.367,false,0.7893,18.245,1,1
0.55,62.803,62.803,false,0.87213,19.974,1,1
0.55,73.907,73.907,false,0.96719,22.004,1,1
0.55,86.975,86.975,false,1.0764,24.305,1,1
0.55,102.35,102.35,false,1.202,26.987,1,1
0.55,120.45,120.45,false,1.3356,29.014,1,1
0.55,141.75,141.75,false,1.4874,30.937,1,1
0.55,166.81,166.81,false,1.6638,33.069,1,1
0.55,196.3,196.3,false,1.869,35.424,1,1
0.55,231.01,231.01,false,2.1078,38.037,1,1
0.55,271.86,271.86,false,2.3647,40.247,1,1
0.55,319.93,319.93,false,2.6486,42.272,1,1
0.55,376.49,376.49,false,2.9807,44.493,1,1
0.55,443.06,443.06,false,3.3691,46.913,1,1
0.55,521.4,521.4,false,3.8118,49.238,1,1
0.55,613.59,613.59,false,4.2558,50.744,1,1
0.55,722.08,722.08,false,4.7746,52.39,1,1
0.55,849.75,849.75,false,5.3804,54.232,1,1
0.55,1000,1000,false,6.0016,55.336,1,1
0.6,0.0001,0.0001,false,0.1577,0.000051333,1,1
0.6,0.00011768,0.00011768,false,0.1577,0.000060409,1,1
0.6,0.00013849,0.00013849,false,0.1577,0.000071089,1,1
0.6,0.00016298,0.00016298,false,0.1577,0.000083658,1,1
0.6,0.00019179,0.00019179,false,0.15771,0.00009845,1,1
0.6,0.0002257,0.0002257,false,0.15771,0.00011586,1,1
0.6,0.00026561,0.00026561,false,0.15772,0.00013634,1,1
0.6,0.00031257,0.00031257,false,0.15773,0.00016045,1,1
0.6,0.00036784,0.00036784,false,0.15773,0.00018881,1,1
0.6,0.00043288,0.00043288,false,0.15774,0.00022219,1,1
0.6,0.00050941,0.00050941,false,0.15775,0.00026148,1,1
0.6,0.00059948,0.00059948,false,0.15777,0.00030771,1,1
0.6,0.00070548,0.00070548,false,0.15778,0.00036211,1,1
0.6,0.00083022,0.00083022,false,0.1578,0.00042614,1,1
0.6,0.00097701,0.00097701,false,0.15781,0.00050147,1,1
0.6,0.0011498,0.0011498,false,0.15784,0.00059011,1,1
0.6,0.001353,0.001353,false,0.15786,0.00069444,1,1
0.6,0.0015923,0.0015923,false,0.15789,0.0008172,1,1
0.6,0.0018738,0.0018738,false,0.15792,0.00096168,1,1
0.6,0.0022051,0.0022051,false,0.15796,0.0011317,1,1
0.6,0.002595,0.002595,false,0.15801,0.0013317,1,1
0.6,0.0030539,0.0030539,false,0.15806,0.001567,1,1
0.6,0.0035938,0.0035938,false,0.15812,0.0018439,1,1
0.6,0.0042292,0.0042292,false,0.15819,0.0021698,1,1
0.6,0.004977,0.004977,false,0.15826,0.0025532,1,1
0.6,0.005857,0.005857,false,0.15835,0.0030045,1,1
0.6,0.0068926,0.0068926,false,0.15845,0.0035233,1,1
0.6,0.0081113,0.0081113,false,0.15857,0.0041456,1,1
0.6,0.0095455,0.0095455,false,0.15871,0.0048779,1,1
0.6,0.011233,0.011233,false,0.15886,0.0057396,1,1
0.6,0.013219,0.013219,false,0.15903,0.0067537,1,1
0.6,0.015557,0.015557,false,0.15923,0.0079224,1,1
0.6,0.018307,0.018307,false,0.15945,0.0093207,1,1
0.6,0.021544,0.021544,false,0.15971,0.010964,1,1
0.6,0.025354,0.025354,false,0.16,0.012899,1,1
0.6,0.029836,0.029836,false,0.16033,0.015132,1,1
0.6,0.035112,0.035112,false,0.1607,0.017805,1,1
0.6,0.04132,0.04132,false,0.16111,0.02095,1,1
0.6,0.048626,0.048626,false,0.16159,0.024572,1,1
0.6,0.057224,0.057224,false,0.16212,0.028896,1,1
0.6,0.067342,0.067342,false,0.16272,0.033894,1,1
0.6,0.079248,0.079248,false,0.16339,0.03987,1,1
0.6,0.09326,0.09326,false,0.16415,0.046779,1,1
0.6,0.10975,0.10975,false,0.16499,0.054886,1,1
0.6,0.12915,0.12915,false,0.16594,0.064554,1,1
0.6,0.15199,0.15199,false,0.167,0.07567,1,1
0.6,0.17886,0.17886,false,0.16819,0.088734,1,1
0.6,0.21049,0.21049,false,0.16951,0.10408,1,1
0.6,0.24771,0.24771,false,0.17098,0.1221,1,1
0.6,0.29151,0.29151,false,0.17262,0.14326,1,1
0.6,0.34305,0.34305,false,0.17444,0.16805,1,1
0.6,0.4037,0.4037,false,0.17648,0.1968,1,1
0.6,0.47508,0.47508,false,0.17874,0.23061,1,1
0.6,0.55908,0.55908,false,0.18124,0.26972,1,1
0.6,0.65793,0.65793,false,0.18402,0.31629,1,1
0.6,0.77426,0.77426,false,0.1871,0.37014,1,1
0.6,0.91116,0.91116,false,0.1905,0.43324,1,1
0.6,1.0723,1.0723,false,0.19431,0.50519,1,1
0.6,1.2619,1.2619,false,0.19852,0.58969,1,1
0.6,1.485,1.485,false,0.20318,0.68888,1,1
0.6,1.7475,1.7475,false,0.20833,0.80357,1,1
0.6,2.0565,2.0565,false,0.21402,0.93978,1,1
0.6,2.4201,2.4201,false,0.22033,1.0972,1,1
0.6,2.848,2.848,false,0.22737,1.27,1,1
0.6,3.3516,3.3516,false,0.23519,1.474,1,1
0.6,3.9442,3.9442,false,0.24385,1.7102,1,1
0.6,4.6416,4.6416,false,0.25346,1.9868,1,1
0.6,5.4623,5.4623,false,0.26411,2.3105,1,1
0.6,6.4281,6.4281,false,0.27593,2.6843,1,1
0.6,7.5646,7.5646,false,0.28929,3.0824,1,1
0.6,8.9022,8.9022,false,0.3042,3.5302,1,1
0.6,10.476,10.476,false,0.32077,4.0563,1,1
0.6,12.328,12.328,false,0.33922,4.6656,1,1
0.6,14.508,14.508,false,0.35976,5.3785,1,1
0.6,17.074,17.074,false,0.38267,6.2017,1,1
0.6,20.092,20.092,false,0.40852,7.0162,1,1
0.6,23.645,23.645,false,0.43772,7.8742,1,1
0.6,27.826,27.826,false,0.47061,8.8874,1,1
0.6,32.745,32.745,false,0.50771,10.068,1,1
0.6,38.535,38.535,false,0.54959,11.455,1,1
0.6,45.349,45.349,false,0.59693,13.049,1,1
0.6,53.367,53.367,false,0.6493,14.336,1,1
0.6,62.803,62.803,false,0.70853,15.562,1,1
0.6,73.907,73.907,false,0.77626,16.98,1,1
0.6,86.975,86.975,false,0.85378,18.605,1,1
0.6,102.35,102.35,false,0.94258,20.501,1,1
0.6,120.45,120.45,false,1.0444,22.692,1,1
0.6,141.75,141.75,false,1.1616,24.354,1,1
0.6,166.81,166.81,false,1.2973,26.223,1,1
0.6,196.3,196.3,false,1.4546,28.265,1,1
0.6,231.01,231.01,false,1.6371,30.522,1,1
0.6,271.86,271.86,false,1.8488,33.032,1,1
0.6,319.93,319.93,false,2.064,34.823,1,1
0.6,376.49,376.49,false,2.3059,36.499,1,1
0.6,443.06,443.06,false,2.5887,38.33,1,1
0.6,521.4,521.4,false,2.919,40.311,1,1
0.6,613.59,613.59,false,3.2835,42.092,1,1
0.6,722.08,722.08,false,3.6648,43.446,1,1
0.6,849.75,849.75,false,4.1102,44.921,1,1
0.6,1000,1000,false,4.6302,46.566,1,1
0.65,0.0001,0.0001,false,0.15745,0.000038629,1,1
0.65,0.00011768,0.00011768,false,0.15746,0.000045459,1,1
0.65,0.00013849,0.00013849,false,0.15746,0.000053496,1,1
0.65,0.00016298,0.00016298,false,0.15746,0.000062955,1,1
0.65,0.00019179,0.00019179,false,0.15746,0.000074085,1,1
0.65,0.0002257,0.0002257,false,0.15747,0.000087184,1,1
0.65,0.00026561,0.00026561,false,0.15747,0.0001026,1,1
0.65,0.00031257,0.00031257,false,0.15748,0.00012074,1,1
0.65,0.00036784,0.00036784,false,0.15748,0.00014209,1,1
0.65,0.00043288,0.00043288,false,0.15749,0.00016721,1,1
0.65,0.00050941,0.00050941,false,0.1575,0.00019677,1,1
0.65,0.00059948,0.00059948,false,0.15751,0.00023156,1,1
0.65,0.00070548,0.00070548,false,0.15752,0.0002725,1,1
0.65,0.00083022,0.00083022,false,0.15753,0.00032068,1,1
0.65,0.00097701,0.00097701,false,0.15754,0.00037737,1,1
0.65,0.0011498,0.0011498,false,0.15756,0.00044408,1,1
0.65,0.001353,0.001353,false,0.15758,0.00052259,1,1
0.65,0.0015923,0.0015923,false,0.1576,0.00061498,1,1
0.65,0.0018738,0.0018738,false,0.15763,0.0007237,1,1
0.65,0.0022051,0.0022051,false,0.15766,0.00085164,1,1
0.65,0.002595,0.002595,false,0.15769,0.0010022,1,1
0.65,0.0030539,0.0030539,false,0.15773,0.0011793,1,1
0.65,0.0035938,0.0035938,false,0.15778,0.0013877,1,1
0.65,0.0042292,0.0042292,false,0.15783,0.0016329,1,1
0.65,0.004977,0.004977,false,0.15789,0.0019215,1,1
0.65,0.005857,0.005857,false,0.15796,0.0022612,1,1
0.65,0.0068926,0.0068926,false,0.15804,0.0026608,1,1
0.65,0.0081113,0.0081113,false,0.15813,0.0031201,1,1
0.65,0.0095455,0.0095455,false,0.15824,0.0036712,1,1
0.65,0.011233,0.011233,false,0.15836,0.0043198,1,1
0.65,0.013219,0.013219,false,0.1585,0.005083,1,1
0.65,0.015557,0.015557,false,0.15865,0.0059812,1,1
0.65,0.018307,0.018307,false,0.15883,0.0070159,1,1
0.65,0.021544,0.021544,false,0.15903,0.0082537,1,1
0.65,0.025354,0.025354,false,0.15926,0.0097097,1,1
0.65,0.029836,0.029836,false,0.15952,0.011423,1,1
0.65,0.035112,0.035112,false,0.15982,0.013401,1,1
0.65,0.04132,0.04132,false,0.16016,0.015768,1,1
0.65,0.048626,0.048626,false,0.16053,0.018554,1,1
0.65,0.057224,0.057224,false,0.16096,0.021758,1,1
0.65,0.067342,0.067342,false,0.16145,0.025589,1,1
0.65,0.079248,0.079248,false,0.16199,0.030016,1,1
0.65,0.09326,0.09326,false,0.1626,0.035309,1,1
0.65,0.10975,0.10975,false,0.16329,0.041427,1,1
0.65,0.12915,0.12915,false,0.16406,0.048606,1,1
0.65,0.15199,0.15199,false,0.16492,0.057152,1,1
0.65,0.17886,0.17886,false,0.16589,0.067003,1,1
0.65,0.21049,0.21049,false,0.16697,0.078577,1,1
0.65,0.24771,0.24771,false,0.16817,0.09217,1,1
0.65,0.29151,0.29151,false,0.16952,0.10813,1,1
0.65,0.34305,0.34305,false,0.17102,0.12687,1,1
0.65,0.4037,0.4037,false,0.17269,0.14874,1,1
0.65,0.47508,0.47508,false,0.17455,0.17423,1,1
0.65,0.55908,0.55908,false,0.17662,0.2042,1,1
0.65,0.65793,0.65793,false,0.17891,0.23885,1,1
0.65,0.77426,0.77426,false,0.18145,0.28011,1,1
0.65,0.91116,0.91116,false,0.18427,0.32781,1,1
0.65,1.0723,1.0723,false,0.1874,0.38328,1,1
0.65,1.2619,1.2619,false,0.19089,0.4471,1,1
0.65,1.485,1.485,false,0.19474,0.52203,1,1
0.65,1.7475,1.7475,false,0.19901,0.60997,1,1
0.65,2.0565,2.0565,false,0.20373,0.71162,1,1
0.65,2.4201,2.4201,false,0.20894,0.83234,1,1
0.65,2.848,2.848,false,0.21471,0.97081,1,1
0.65,3.3516,3.3516,false,0.22117,1.1231,1,1
0.65,3.9442,3.9442,false,0.22832,1.3042,1,1
0.65,4.6416,4.6416,false,0.23623,1.5139,1,1
0.65,5.4623,5.4623,false,0.24499,1.7593,1,1
0.65,6.4281,6.4281,false,0.2547,2.0465,1,1
0.65,7.5646,7.5646,false,0.26546,2.3778,1,1
0.65,8.9022,8.9022,false,0.27765,2.7215,1,1
0.65,10.476,10.476,false,0.29115,3.1207,1,1
0.65,12.328,12.328,false,0.30615,3.5892,1,1
0.65,14.508,14.508,false,0.32279,4.1317,1,1
0.65,17.074,17.074,false,0.3413,4.7659,1,1
0.65,20.092,20.092,false,0.36189,5.4979,1,1
0.65,23.645,23.645,false,0.38526,6.1703,1,1
0.65,27.826,27.826,false,0.41153,6.9501,1,1
0.65,32.745,32.745,false,0.44105,7.86,1,1
0.65,38.535,38.535,false,0.47426,8.9202,1,1
0.65,45.349,45.349,false,0.51165,10.151,1,1
0.65,53.367,53.367,false,0.5538,11.591,1,1
0.65,62.803,62.803,false,0.60032,12.575,1,1
0.65,73.907,73.907,false,0.65329,13.684,1,1
0.65,86.975,86.975,false,0.7137,14.95,1,1
0.65,102.35,102.35,false,0.78264,16.444,1,1
0.65,120.45,120.45,false,0.86139,18.146,1,1
0.65,141.75,141.75,false,0.95147,19.96,1,1
0.65,166.81,166.81,false,1.0553,21.466,1,1
0.65,196.3,196.3,false,1.1754,23.121,1,1
0.65,231.01,231.01,false,1.3142,24.984,1,1
0.65,271.86,271.86,false,1.4748,27.017,1,1
0.65,319.93,319.93,false,1.6595,29.207,1,1
0.65,376.49,376.49,false,1.843,30.555,1,1
0.65,443.06,443.06,false,2.0572,32.032,1,1
0.65,521.4,521.4,false,2.3073,33.64,1,1
0.65,613.59,613.59,false,2.5991,35.375,1,1
0.65,722.08,722.08,false,2.9046,36.734,1,1
0.65,849.75,849.75,false,3.2368,37.924,1,1
0.65,1000,1000,false,3.6246,39.21,1,1
0.7,0.0001,0.0001,false,0.15723,0.00002969,1,1
0.7,0.00011768,0.00011768,false,0.15723,0.000034939,1,1
0.7,0.00013849,0.00013849,false,0.15723,0.000041117,1,1
0.7,0.00016298,0.00016298,false,0.15724,0.000048387,1,1
0.7,0.00019179,0.00019179,false,0.15724,0.000056942,1,1
0.7,0.0002257,0.0002257,false,0.15724,0.000067009,1,1
0.7,0.00026561,0.00026561,false,0.15725,0.000078857,1,1
0.7,0.00031257,0.00031257,false,0.15725,0.000092799,1,1
0.7,0.00036784,0.00036784,false,0.15725,0.00010921,1,1
0.7,0.00043288,0.00043288,false,0.15726,0.00012851,1,1
0.7,0.00050941,0.00050941,false,0.15727,0.00015124,1,1
0.7,0.00059948,0.00059948,false,0.15727,0.00017797,1,1
0.7,0.00070548,0.00070548,false,0.15728,0.00020944,1,1
0.7,0.00083022,0.00083022,false,0.15729,0.00024647,1,1
0.7,0.00097701,0.00097701,false,0.1573,0.00029005,1,1
0.7,0.0011498,0.0011498,false,0.15732,0.00034133,1,1
0.7,0.001353,0.001353,false,0.15733,0.00040167,1,1
0.7,0.0015923,0.0015923,false,0.15735,0.00047267,1,1
0.7,0.0018738,0.0018738,false,0.15737,0.00055624,1,1
0.7,0.0022051,0.0022051,false,0.15739,0.00065458,1,1
0.7,0.002595,0.002595,false,0.15742,0.0007703,1,1
0.7,0.0030539,0.0030539,false,0.15745,0.00090646,1,1
0.7,0.0035938,0.0035938,false,0.15749,0.0010666,1,1
0.7,0.0042292,0.0042292,false,0.15753,0.0012551,1,1
0.7,0.004977,0.004977,false,0.15758,0.001477,1,1
0.7,0.005857,0.005857,false,0.15763,0.001738,1,1
0.7,0.0068926,0.0068926,false,0.1577,0.0020452,1,1
0.7,0.0081113,0.0081113,false,0.15777,0.0024066,1,1
0.7,0.0095455,0.0095455,false,0.15785,0.002822,1,1
0.7,0.011233,0.011233,false,0.15795,0.0033205,1,1
0.7,0.013219,0.013219,false,0.15806,0.0039072,1,1
0.7,0.015557,0.015557,false,0.15818,0.0045976,1,1
0.7,0.018307,0.018307,false,0.15833,0.0054101,1,1
0.7,0.021544,0.021544,false,0.15849,0.0063455,1,1
0.7,0.025354,0.025354,false,0.15867,0.0074649,1,1
0.7,0.029836,0.029836,false,0.15889,0.0087821,1,1
0.7,0.035112,0.035112,false,0.15913,0.010332,1,1
0.7,0.04132,0.04132,false,0.1594,0.012121,1,1
0.7,0.048626,0.048626,false,0.15971,0.014262,1,1
0.7,0.057224,0.057224,false,0.16005,0.016782,1,1
0.7,0.067342,0.067342,false,0.16045,0.019677,1,1
0.7,0.079248,0.079248,false,0.16089,0.023143,1,1
0.7,0.09326,0.09326,false,0.16139,0.027148,1,1
0.7,0.10975,0.10975,false,0.16196,0.031937,1,1
0.7,0.12915,0.12915,false,0.16259,0.037471,1,1
0.7,0.15199,0.15199,false,0.1633,0.043964,1,1
0.7,0.17886,0.17886,false,0.1641,0.051679,1,1
0.7,0.21049,0.21049,false,0.165,0.060593,1,1
0.7,0.24771,0.24771,false,0.166,0.071066,1,1
0.7,0.29151,0.29151,false,0.16711,0.083364,1,1
0.7,0.34305,0.34305,false,0.16836,0.097802,1,1
0.7,0.4037,0.4037,false,0.16975,0.11475,1,1
0.7,0.47508,0.47508,false,0.1713,0.13446,1,1
0.7,0.55908,0.55908,false,0.17303,0.15754,1,1
0.7,0.65793,0.65793,false,0.17495,0.18466,1,1
0.7,0.77426,0.77426,false,0.17708,0.21601,1,1
0.7,0.91116,0.91116,false,0.17944,0.25335,1,1
0.7,1.0723,1.0723,false,0.18205,0.2965,1,1
0.7,1.2619,1.2619,false,0.18497,0.34627,1,1
0.7,1.485,1.485,false,0.18821,0.40408,1,1
0.7,1.7475,1.7475,false,0.19179,0.47195,1,1
0.7,2.0565,2.0565,false,0.19575,0.55157,1,1
0.7,2.4201,2.4201,false,0.20013,0.64357,1,1
0.7,2.848,2.848,false,0.20498,0.75124,1,1
0.7,3.3516,3.3516,false,0.21036,0.87413,1,1
0.7,3.9442,3.9442,false,0.21635,1.0141,1,1
0.7,4.6416,4.6416,false,0.22297,1.1784,1,1
0.7,5.4623,5.4623,false,0.2303,1.3684,1,1
0.7,6.4281,6.4281,false,0.23842,1.5908,1,1
0.7,7.5646,7.5646,false,0.2474,1.8475,1,1
0.7,8.9022,8.9022,false,0.25742,2.1358,1,1
0.7,10.476,10.476,false,0.26864,2.4485,1,1
0.7,12.328,12.328,false,0.28107,2.8113,1,1
0.7,14.508,14.508,false,0.29484,3.2368,1,1
0.7,17.074,17.074,false,0.3101,3.7291,1,1
0.7,20.092,20.092,false,0.32704,4.3043,1,1
0.7,23.645,23.645,false,0.34595,4.9306,1,1
0.7,27.826,27.826,false,0.36741,5.5433,1,1
0.7,32.745,32.745,false,0.39145,6.249,1,1
0.7,38.535,38.535,false,0.4184,7.0825,1,1
0.7,45.349,45.349,false,0.44864,8.0527,1,1
0.7,53.367,53.367,false,0.48262,9.1777,1,1
0.7,62.803,62.803,false,0.52061,10.32,1,1
0.7,73.907,73.907,false,0.56305,11.201,1,1
0.7,86.975,86.975,false,0.61129,12.222,1,1
0.7,102.35,102.35,false,0.66615,13.407,1,1
0.7,120.45,120.45,false,0.7286,14.771,1,1
0.7,141.75,141.75,false,0.79974,16.366,1,1
0.7,166.81,166.81,false,0.88117,17.839,1,1
0.7,196.3,196.3,false,0.97507,19.197,1,1
0.7,231.01,231.01,false,1.0833,20.711,1,1
0.7,271.86,271.86,false,1.2083,22.389,1,1
0.7,319.93,319.93,false,1.3525,24.251,1,1
0.7,376.49,376.49,false,1.5104,25.948,1,1
0.7,443.06,443.06,false,1.6769,27.177,1,1
0.7,521.4,521.4,false,1.8711,28.52,1,1
0.7,613.59,613.59,false,2.0974,29.979,1,1
0.7,722.08,722.08,false,2.3613,31.51,1,1
0.7,849.75,849.75,false,2.6176,32.473,1,1
0.7,1000,1000,false,2.9124,33.534,1,1
0.8,0.0001,0.0001,false,0.15683,0.00001848,1,1
0.8,0.00011768,0.00011768,false,0.15683,0.000021747,1,1
0.8,0.00013849,0.00013849,false,0.15683,0.000025593,1,1
0.8,0.00016298,0.00016298,false,0.15684,0.000030118,1,1
0.8,0.00019179,0.00019179,false,0.15684,0.000035443,1,1
0.8,0.0002257,0.0002257,false,0.15684,0.000041709,1,1
0.8,0.00026561,0.00026561,false,0.15684,0.000049084,1,1
0.8,0.00031257,0.00031257,false,0.15684,0.000057762,1,1
0.8,0.00036784,0.00036784,false,0.15685,0.000067975,1,1
0.8,0.00043288,0.00043288,false,0.15685,0.000079993,1,1
0.8,0.00050941,0.00050941,false,0.15685,0.000094136,1,1
0.8,0.00059948,0.00059948,false,0.15686,0.00011078,1,1
0.8,0.00070548,0.00070548,false,0.15686,0.00013037,1,1
0.8,0.00083022,0.00083022,false,0.15687,0.00015341,1,1
0.8,0.00097701,0.00097701,false,0.15688,0.00018054,1,1
0.8,0.0011498,0.0011498,false,0.15689,0.00021246,1,1
0.8,0.001353,0.001353,false,0.1569,0.00025002,1,1
0.8,0.0015923,0.0015923,false,0.15691,0.00029422,1,1
0.8,0.0018738,0.0018738,false,0.15692,0.00034623,1,1
0.8,0.0022051,0.0022051,false,0.15694,0.00040745,1,1
0.8,0.002595,0.002595,false,0.15695,0.00047948,1,1
0.8,0.0030539,0.0030539,false,0.15697,0.00056425,1,1
0.8,0.0035938,0.0035938,false,0.157,0.000664,1,1
0.8,0.0042292,0.0042292,false,0.15702,0.00078134,1,1
0.8,0.004977,0.004977,false,0.15706,0.00091944,1,1
0.8,0.005857,0.005857,false,0.15709,0.0010819,1,1
0.8,0.0068926,0.0068926,false,0.15713,0.0012732,1,1
0.8,0.0081113,0.0081113,false,0.15718,0.0014982,1,1
0.8,0.0095455,0.0095455,false,0.15724,0.0017631,1,1
0.8,0.011233,0.011233,false,0.1573,0.0020742,1,1
0.8,0.013219,0.013219,false,0.15737,0.0024324,1,1
0.8,0.015557,0.015557,false,0.15746,0.0028622,1,1
0.8,0.018307,0.018307,false,0.15755,0.003368,1,1
0.8,0.021544,0.021544,false,0.15766,0.0039633,1,1
0.8,0.025354,0.025354,false,0.15779,0.0046637,1,1
0.8,0.029836,0.029836,false,0.15793,0.0054687,1,1
0.8,0.035112,0.035112,false,0.15809,0.0064339,1,1
0.8,0.04132,0.04132,false,0.15828,0.0075698,1,1
0.8,0.048626,0.048626,false,0.15849,0.0088795,1,1
0.8,0.057224,0.057224,false,0.15873,0.010448,1,1
0.8,0.067342,0.067342,false,0.159,0.012294,1,1
0.8,0.079248,0.079248,false,0.1593,0.014417,1,1
0.8,0.09326,0.09326,false,0.15965,0.016957,1,1
0.8,0.10975,0.10975,false,0.16004,0.01989,1,1
0.8,0.12915,0.12915,false,0.16049,0.0234,1,1
0.8,0.15199,0.15199,false,0.16099,0.027452,1,1
0.8,0.17886,0.17886,false,0.16155,0.032299,1,1
0.8,0.21049,0.21049,false,0.16218,0.037872,1,1
0.8,0.24771,0.24771,false,0.16289,0.044403,1,1
0.8,0.29151,0.29151,false,0.16368,0.052213,1,1
0.8,0.34305,0.34305,false,0.16457,0.061246,1,1
0.8,0.4037,0.4037,false,0.16556,0.07185,1,1
0.8,0.47508,0.47508,false,0.16667,0.084299,1,1
0.8,0.55908,0.55908,false,0.16791,0.098818,1,1
0.8,0.65793,0.65793,false,0.1693,0.11577,1,1
0.8,0.77426,0.77426,false,0.17084,0.13536,1,1
0.8,0.91116,0.91116,false,0.17255,0.15872,1,1
0.8,1.0723,1.0723,false,0.17445,0.18614,1,1
0.8,1.2619,1.2619,false,0.17656,0.21783,1,1
0.8,1.485,1.485,false,0.17891,0.25461,1,1
0.8,1.7475,1.7475,false,0.18152,0.29709,1,1
0.8,2.0565,2.0565,false,0.18441,0.34696,1,1
0.8,2.4201,2.4201,false,0.18761,0.40546,1,1
0.8,2.848,2.848,false,0.19115,0.47407,1,1
0.8,3.3516,3.3516,false,0.19506,0.55331,1,1
0.8,3.9442,3.9442,false,0.1994,0.64495,1,1
0.8,4.6416,4.6416,false,0.20423,0.74809,1,1
0.8,5.4623,5.4623,false,0.20957,0.86916,1,1
0.8,6.4281,6.4281,false,0.21548,1.0092,1,1
0.8,7.5646,7.5646,false,0.222,1.173,1,1
0.8,8.9022,8.9022,false,0.22922,1.3646,1,1
0.8,10.476,10.476,false,0.23721,1.5863,1,1
0.8,12.328,12.328,false,0.24616,1.818,1,1
0.8,14.508,14.508,false,0.25603,2.0867,1,1
0.8,17.074,17.074,false,0.26694,2.402,1,1
0.8,20.092,20.092,false,0.27899,2.7712,1,1
0.8,23.645,23.645,false,0.29231,3.1978,1,1
0.8,27.826,27.826,false,0.30704,3.688,1,1
0.8,32.745,32.745,false,0.32387,4.146,1,1
0.8,38.535,38.535,false,0.34264,4.68,1,1
0.8,45.349,45.349,false,0.36358,5.3098,1,1
0.8,53.367,53.367,false,0.38697,6.0354,1,1
0.8,62.803,62.803,false,0.41312,6.8857,1,1
0.8,73.907,73.907,false,0.44235,7.8485,1,1
0.8,86.975,86.975,false,0.47497,8.5316,1,1
0.8,102.35,102.35,false,0.51187,9.3111,1,1
0.8,120.45,120.45,false,0.55361,10.217,1,1
0.8,141.75,141.75,false,0.60085,11.288,1,1
0.8,166.81,166.81,false,0.65435,12.511,1,1
0.8,196.3,196.3,false,0.71522,13.762,1,1
0.8,231.01,231.01,false,0.78531,14.811,1,1
0.8,271.86,271.86,false,0.86572,15.964,1,1
0.8,319.93,319.93,false,0.95804,17.269,1,1
0.8,376.49,376.49,false,1.0641,18.704,1,1
0.8,443.06,443.06,false,1.1839,20.215,1,1
0.8,521.4,521.4,false,1.3077,21.158,1,1
0.8,613.59,613.59,false,1.4516,22.216,1,1
0.8,722.08,722.08,false,1.6188,23.368,1,1
0.8,849.75,849.75,false,1.8132,24.584,1,1
0.8,1000,1000,false,2.0098,25.464,1,1
0.9,0.0001,0.0001,false,0.15648,0.000012166,1,1
0.9,0.00011768,0.00011768,false,0.15648,0.000014317,1,1
0.9,0.00013849,0.00013849,false,0.15648,0.000016848,1,1
0.9,0.00016298,0.00016298,false,0.15648,0.000019827,1,1
0.9,0.00019179,0.00019179,false,0.15649,0.000023333,1,1
0.9,0.0002257,0.0002257,false,0.15649,0.000027458,1,1
0.9,0.00026561,0.00026561,false,0.15649,0.000032313,1,1
0.9,0.00031257,0.00031257,false,0.15649,0.000038026,1,1
0.9,0.00036784,0.00036784,false,0.15649,0.00004475,1,1
0.9,0.00043288,0.00043288,false,0.15649,0.000052662,1,1
0.9,0.00050941,0.00050941,false,0.1565,0.000061973,1,1
0.9,0.00059948,0.00059948,false,0.1565,0.00007293,1,1
0.9,0.00070548,0.00070548,false,0.1565,0.000085824,1,1
0.9,0.00083022,0.00083022,false,0.15651,0.000101,1,1
0.9,0.00097701,0.00097701,false,0.15651,0.00011885,1,1
0.9,0.0011498,0.0011498,false,0.15652,0.00013987,1,1
0.9,0.001353,0.001353,false,0.15652,0.0001646,1,1
0.9,0.0015923,0.0015923,false,0.15653,0.0001937,1,1
0.9,0.0018738,0.0018738,false,0.15654,0.00022794,1,1
0.9,0.0022051,0.0022051,false,0.15655,0.00026824,1,1
0.9,0.002595,0.002595,false,0.15656,0.00031566,1,1
0.9,0.0030539,0.0030539,false,0.15658,0.00037147,1,1
0.9,0.0035938,0.0035938,false,0.15659,0.00043714,1,1
0.9,0.0042292,0.0042292,false,0.15661,0.00051443,1,1
0.9,0.004977,0.004977,false,0.15663,0.00060534,1,1
0.9,0.005857,0.005857,false,0.15666,0.00071233,1,1
0.9,0.0068926,0.0068926,false,0.15669,0.00083824,1,1
0.9,0.0081113,0.0081113,false,0.15672,0.00098641,1,1
0.9,0.0095455,0.0095455,false,0.15676,0.0011608,1,1
0.9,0.011233,0.011233,false,0.1568,0.001366,1,1
0.9,0.013219,0.013219,false,0.15685,0.0016071,1,1
0.9,0.015557,0.015557,false,0.15691,0.0018845,1,1
0.9,0.018307,0.018307,false,0.15698,0.0022176,1,1
0.9,0.021544,0.021544,false,0.15705,0.0026095,1,1
0.9,0.025354,0.025354,false,0.15714,0.0030706,1,1
0.9,0.029836,0.029836,false,0.15724,0.0036134,1,1
0.9,0.035112,0.035112,false,0.15736,0.004237,1,1
0.9,0.04132,0.04132,false,0.15749,0.004985,1,1
0.9,0.048626,0.048626,false,0.15764,0.0058652,1,1
0.9,0.057224,0.057224,false,0.15781,0.006901,1,1
0.9,0.067342,0.067342,false,0.158,0.008095,1,1
0.9,0.079248,0.079248,false,0.15822,0.0095254,1,1
0.9,0.09326,0.09326,false,0.15847,0.011204,1,1
0.9,0.10975,0.10975,false,0.15875,0.013139,1,1
0.9,0.12915,0.12915,false,0.15907,0.015456,1,1
0.9,0.15199,0.15199,false,0.15943,0.018131,1,1
0.9,0.17886,0.17886,false,0.15984,0.021332,1,1
0.9,0.21049,0.21049,false,0.1603,0.025026,1,1
0.9,0.24771,0.24771,false,0.16082,0.029346,1,1
0.9,0.29151,0.29151,false,0.1614,0.034502,1,1
0.9,0.34305,0.34305,false,0.16205,0.040462,1,1
0.9,0.4037,0.4037,false,0.16279,0.047461,1,1
0.9,0.47508,0.47508,false,0.16361,0.055677,1,1
0.9,0.55908,0.55908,false,0.16453,0.065321,1,1
0.9,0.65793,0.65793,false,0.16556,0.076587,1,1
0.9,0.77426,0.77426,false,0.16671,0.089731,1,1
0.9,0.91116,0.91116,false,0.16799,0.10518,1,1
0.9,1.0723,1.0723,false,0.16942,0.12332,1,1
0.9,1.2619,1.2619,false,0.171,0.14427,1,1
0.9,1.485,1.485,false,0.17277,0.16923,1,1
0.9,1.7475,1.7475,false,0.17473,0.19787,1,1
0.9,2.0565,2.0565,false,0.17691,0.23089,1,1
0.9,2.4201,2.4201,false,0.17934,0.26964,1,1
0.9,2.848,2.848,false,0.18202,0.3151,1,1
0.9,3.3516,3.3516,false,0.18499,0.36841,1,1
0.9,3.9442,3.9442,false,0.18827,0.42996,1,1
0.9,4.6416,4.6416,false,0.1919,0.50259,1,1
0.9,5.4623,5.4623,false,0.19595,0.58297,1,1
0.9,6.4281,6.4281,false,0.20043,0.67594,1,1
0.9,7.5646,7.5646,false,0.20537,0.78638,1,1
0.9,8.9022,8.9022,false,0.21084,0.91401,1,1
0.9,10.476,10.476,false,0.21687,1.0633,1,1
0.9,12.328,12.328,false,0.22353,1.2376,1,1
0.9,14.508,14.508,false,0.23096,1.4187,1,1
0.9,17.074,17.074,false,0.23915,1.6316,1,1
0.9,20.092,20.092,false,0.24816,1.8782,1,1
0.9,23.645,23.645,false,0.2581,2.167,1,1
0.9,27.826,27.826,false,0.26904,2.5005,1,1
0.9,32.745,32.745,false,0.28111,2.8898,1,1
0.9,38.535,38.535,false,0.2949,3.2569,1,1
0.9,45.349,45.349,false,0.31026,3.6783,1,1
0.9,53.367,53.367,false,0.32734,4.175,1,1
0.9,62.803,62.803,false,0.34634,4.7527,1,1
0.9,73.907,73.907,false,0.36748,5.4229,1,1
0.9,86.975,86.975,false,0.39103,6.1974,1,1
0.9,102.35,102.35,false,0.41742,6.7637,1,1
0.9,120.45,120.45,false,0.44714,7.3971,1,1
0.9,141.75,141.75,false,0.4806,8.1341,1,1
0.9,166.81,166.81,false,0.51828,8.983,1,1
0.9,196.3,196.3,false,0.56072,9.9881,1,1
0.9,231.01,231.01,false,0.60878,11.029,1,1
0.9,271.86,271.86,false,0.66408,11.864,1,1
0.9,319.93,319.93,false,0.72726,12.808,1,1
0.9,376.49,376.49,false,0.79943,13.847,1,1
0.9,443.06,443.06,false,0.88193,15.029,1,1
0.9,521.4,521.4,false,0.97579,16.316,1,1
0.9,613.59,613.59,false,1.073,17.09,1,1
0.9,722.08,722.08,false,1.1856,17.96,1,1
0.9,849.75,849.75,false,1.3161,18.909,1,1
0.9,1000,1000,false,1.4672,19.938,1,1
1,0.0001,0.0001,false,0.15617,0.0000083711,1,1
1,0.00011768,0.00011768,false,0.15617,0.0000098512,1,1
1,0.00013849,0.00013849,false,0.15617,0.000011593,1,1
1,0.00016298,0.00016298,false,0.15617,0.000013643,1,1
1,0.00019179,0.00019179,false,0.15617,0.000016055,1,1
1,0.0002257,0.0002257,false,0.15617,0.000018893,1,1
1,0.00026561,0.00026561,false,0.15617,0.000022234,1,1
1,0.00031257,0.00031257,false,0.15618,0.000026165,1,1
1,0.00036784,0.00036784,false,0.15618,0.000030791,1,1
1,0.00043288,0.00043288,false,0.15618,0.000036235,1,1
1,0.00050941,0.00050941,false,0.15618,0.000042642,1,1
1,0.00059948,0.00059948,false,0.15618,0.000050182,1,1
1,0.00070548,0.00070548,false,0.15618,0.000059054,1,1
1,0.00083022,0.00083022,false,0.15619,0.000069495,1,1
1,0.00097701,0.00097701,false,0.15619,0.000081782,1,1
1,0.0011498,0.0011498,false,0.15619,0.000096241,1,1
1,0.001353,0.001353,false,0.1562,0.00011326,1,1
1,0.0015923,0.0015923,false,0.1562,0.00013328,1,1
1,0.0018738,0.0018738,false,0.15621,0.00015685,1,1
1,0.0022051,0.0022051,false,0.15622,0.00018457,1,1
1,0.002595,0.002595,false,0.15623,0.0002172,1,1
1,0.0030539,0.0030539,false,0.15624,0.00025561,1,1
1,0.0035938,0.0035938,false,0.15625,0.0003008,1,1
1,0.0042292,0.0042292,false,0.15626,0.00035398,1,1
1,0.004977,0.004977,false,0.15628,0.00041656,1,1
1,0.005857,0.005857,false,0.15629,0.00049018,1,1
1,0.0068926,0.0068926,false,0.15631,0.00057682,1,1
1,0.0081113,0.0081113,false,0.15634,0.00067878,1,1
1,0.0095455,0.0095455,false,0.15636,0.00079876,1,1
1,0.011233,0.011233,false,0.1564,0.00093996,1,1
1,0.013219,0.013219,false,0.15643,0.0011061,1,1
1,0.015557,0.015557,false,0.15647,0.0013014,1,1
1,0.018307,0.018307,false,0.15652,0.0015312,1,1
1,0.021544,0.021544,false,0.15658,0.0017957,1,1
1,0.025354,0.025354,false,0.15664,0.0021131,1,1
1,0.029836,0.029836,false,0.15671,0.0024865,1,1
1,0.035112,0.035112,false,0.1568,0.002926,1,1
1,0.04132,0.04132,false,0.15689,0.0034422,1,1
1,0.048626,0.048626,false,0.157,0.0040367,1,1
1,0.057224,0.057224,false,0.15712,0.0047496,1,1
1,0.067342,0.067342,false,0.15727,0.0055885,1,1
1,0.079248,0.079248,false,0.15743,0.0065551,1,1
1,0.09326,0.09326,false,0.15761,0.0077135,1,1
1,0.10975,0.10975,false,0.15782,0.0090731,1,1
1,0.12915,0.12915,false,0.15806,0.01064,1,1
1,0.15199,0.15199,false,0.15833,0.012517,1,1
1,0.17886,0.17886,false,0.15863,0.014683,1,1
1,0.21049,0.21049,false,0.15898,0.017275,1,1
1,0.24771,0.24771,false,0.15936,0.020266,1,1
1,0.29151,0.29151,false,0.1598,0.023832,1,1
1,0.34305,0.34305,false,0.1603,0.027942,1,1
1,0.4037,0.4037,false,0.16085,0.032769,1,1
1,0.47508,0.47508,false,0.16148,0.038436,1,1
1,0.55908,0.55908,false,0.16218,0.045212,1,1
1,0.65793,0.65793,false,0.16296,0.053043,1,1
1,0.77426,0.77426,false,0.16384,0.062186,1,1
1,0.91116,0.91116,false,0.16483,0.072859,1,1
1,1.0723,1.0723,false,0.16593,0.085186,1,1
1,1.2619,1.2619,false,0.16715,0.099883,1,1
1,1.485,1.485,false,0.16851,0.11714,1,1
1,1.7475,1.7475,false,0.17003,0.13707,1,1
1,2.0565,2.0565,false,0.17172,0.16064,1,1
1,2.4201,2.4201,false,0.1736,0.18746,1,1
1,2.848,2.848,false,0.17569,0.21894,1,1
1,3.3516,3.3516,false,0.178,0.25586,1,1
1,3.9442,3.9442,false,0.18056,0.29915,1,1
1,4.6416,4.6416,false,0.1834,0.34912,1,1
1,5.4623,5.4623,false,0.18653,0.40712,1,1
1,6.4281,6.4281,false,0.19003,0.47339,1,1
1,7.5646,7.5646,false,0.1939,0.54896,1,1
1,8.9022,8.9022,false,0.19816,0.63874,1,1
1,10.476,10.476,false,0.20288,0.74245,1,1
1,12.328,12.328,false,0.20808,0.86371,1,1
1,14.508,14.508,false,0.21382,1.0049,1,1
1,17.074,17.074,false,0.22018,1.1527,1,1
1,20.092,20.092,false,0.22718,1.3263,1,1
1,23.645,23.645,false,0.23488,1.5299,1,1
1,27.826,27.826,false,0.24333,1.7656,1,1
1,32.745,32.745,false,0.25263,2.0376,1,1
1,38.535,38.535,false,0.26285,2.355,1,1
1,45.349,45.349,false,0.27459,2.6547,1,1
1,53.367,53.367,false,0.28761,3.0057,1,1
1,62.803,62.803,false,0.30204,3.4144,1,1
1,73.907,73.907,false,0.31805,3.8893,1,1
1,86.975,86.975,false,0.33579,4.4455,1,1
1,102.35,102.35,false,0.35548,5.0819,1,1
1,120.45,120.45,false,0.37766,5.5371,1,1
1,141.75,141.75,false,0.40254,6.0713,1,1
1,166.81,166.81,false,0.43042,6.685,1,1
1,196.3,196.3,false,0.46168,7.4016,1,1
1,231.01,231.01,false,0.49673,8.2405,1,1
1,271.86,271.86,false,0.53631,9.1085,1,1
1,319.93,319.93,false,0.58184,9.8174,1,1
1,376.49,376.49,false,0.63361,10.607,1,1
1,443.06,443.06,false,0.69249,11.488,1,1
1,521.4,521.4,false,0.75947,12.479,1,1
1,613.59,613.59,false,0.83513,13.545,1,1
1,722.08,722.08,false,0.91476,14.214,1,1
1,849.75,849.75,false,1.0067,14.948,1,1
1,1000,1000,false,1.1128,15.731,1,1
1.125,0.0001,0.0001,false,0.15558,0.0000055123,1,1
1.125,0.00011768,0.00011768,false,0.15558,0.0000064869,1,1
1.125,0.00013849,0.00013849,false,0.15558,0.0000076339,1,1
1.125,0.00016298,0.00016298,false,0.15558,0.0000089836,1,1
1.125,0.00019179,0.00019179,false,0.15559,0.000010572,1,1
1.125,0.0002257,0.0002257,false,0.15559,0.000012441,1,1
1.125,0.00026561,0.00026561,false,0.15559,0.000014641,1,1
1.125,0.00031257,0.00031257,false,0.15559,0.00001723,1,1
1.125,0.00036784,0.00036784,false,0.15559,0.000020276,1,1
1.125,0.00043288,0.00043288,false,0.15559,0.000023861,1,1
1.125,0.00050941,0.00050941,false,0.15559,0.00002808,1,1
1.125,0.00059948,0.00059948,false,0.15559,0.000033044,1,1
1.125,0.00070548,0.00070548,false,0.15559,0.000038887,1,1
1.125,0.00083022,0.00083022,false,0.1556,0.000045762,1,1
1.125,0.00097701,0.00097701,false,0.1556,0.000053853,1,1
1.125,0.0011498,0.0011498,false,0.1556,0.000063374,1,1
1.125,0.001353,0.001353,false,0.1556,0.000074579,1,1
1.125,0.0015923,0.0015923,false,0.15561,0.000087765,1,1
1.125,0.0018738,0.0018738,false,0.15561,0.00010328,1,1
1.125,0.0022051,0.0022051,false,0.15562,0.00012154,1,1
1.125,0.002595,0.002595,false,0.15562,0.00014303,1,1
1.125,0.0030539,0.0030539,false,0.15563,0.00016832,1,1
1.125,0.0035938,0.0035938,false,0.15564,0.00019808,1,1
1.125,0.0042292,0.0042292,false,0.15564,0.00023309,1,1
1.125,0.004977,0.004977,false,0.15565,0.00027431,1,1
1.125,0.005857,0.005857,false,0.15567,0.0003228,1,1
1.125,0.0068926,0.0068926,false,0.15568,0.00037986,1,1
1.125,0.0081113,0.0081113,false,0.1557,0.000447,1,1
1.125,0.0095455,0.0095455,false,0.15571,0.00052601,1,1
1.125,0.011233,0.011233,false,0.15574,0.000619,1,1
1.125,0.013219,0.013219,false,0.15576,0.00072843,1,1
1.125,0.015557,0.015557,false,0.15579,0.0008572,1,1
1.125,0.018307,0.018307,false,0.15582,0.0010086,1,1
1.125,0.021544,0.021544,false,0.15586,0.0011867,1,1
1.125,0.025354,0.025354,false,0.1559,0.0013916,1,1
1.125,0.029836,0.029836,false,0.15595,0.0016375,1,1
1.125,0.035112,0.035112,false,0.15601,0.0019269,1,1
1.125,0.04132,0.04132,false,0.15608,0.0022676,1,1
1.125,0.048626,0.048626,false,0.15615,0.0026677,1,1
1.125,0.057224,0.057224,false,0.15624,0.0031283,1,1
1.125,0.067342,0.067342,false,0.15634,0.0036809,1,1
1.125,0.079248,0.079248,false,0.15645,0.0043311,1,1
1.125,0.09326,0.09326,false,0.15658,0.0050962,1,1
1.125,0.10975,0.10975,false,0.15673,0.0059776,1,1
1.125,0.12915,0.12915,false,0.1569,0.0070319,1,1
1.125,0.15199,0.15199,false,0.15709,0.0082462,1,1
1.125,0.17886,0.17886,false,0.15731,0.009701,1,1
1.125,0.21049,0.21049,false,0.15756,0.011413,1,1
1.125,0.24771,0.24771,false,0.15784,0.013388,1,1
1.125,0.29151,0.29151,false,0.15815,0.015753,1,1
1.125,0.34305,0.34305,false,0.15851,0.018472,1,1
1.125,0.4037,0.4037,false,0.15891,0.021657,1,1
1.125,0.47508,0.47508,false,0.15937,0.025469,1,1
1.125,0.55908,0.55908,false,0.15988,0.029873,1,1
1.125,0.65793,0.65793,false,0.16046,0.035043,1,1
1.125,0.77426,0.77426,false,0.1611,0.041111,1,1
1.125,0.91116,0.91116,false,0.16183,0.048206,1,1
1.125,1.0723,1.0723,false,0.16264,0.056483,1,1
1.125,1.2619,1.2619,false,0.16355,0.066207,1,1
1.125,1.485,1.485,false,0.16456,0.077629,1,1
1.125,1.7475,1.7475,false,0.1657,0.090812,1,1
1.125,2.0565,2.0565,false,0.16695,0.10652,1,1
1.125,2.4201,2.4201,false,0.16836,0.12457,1,1
1.125,2.848,2.848,false,0.16993,0.14572,1,1
1.125,3.3516,3.3516,false,0.17167,0.17019,1,1
1.125,3.9442,3.9442,false,0.1736,0.19889,1,1
1.125,4.6416,4.6416,false,0.17575,0.23254,1,1
1.125,5.4623,5.4623,false,0.17811,0.27136,1,1
1.125,6.4281,6.4281,false,0.18074,0.31733,1,1
1.125,7.5646,7.5646,false,0.18367,0.3682,1,1
1.125,8.9022,8.9022,false,0.18691,0.42788,1,1
1.125,10.476,10.476,false,0.19048,0.49785,1,1
1.125,12.328,12.328,false,0.19443,0.57866,1,1
1.125,14.508,14.508,false,0.19878,0.67313,1,1
1.125,17.074,17.074,false,0.20359,0.78355,1,1
1.125,20.092,20.092,false,0.20888,0.89957,1,1
1.125,23.645,23.645,false,0.21468,1.0352,1,1
1.125,27.826,27.826,false,0.22105,1.1943,1,1
1.125,32.745,32.745,false,0.22804,1.3783,1,1
1.125,38.535,38.535,false,0.23571,1.5934,1,1
1.125,45.349,45.349,false,0.24411,1.8416,1,1
1.125,53.367,53.367,false,0.25375,2.0849,1,1
1.125,62.803,62.803,false,0.26446,2.3614,1,1
1.125,73.907,73.907,false,0.2763,2.6836,1,1
1.125,86.975,86.975,false,0.28938,3.062,1,1
1.125,102.35,102.35,false,0.30383,3.4955,1,1
1.125,120.45,120.45,false,0.31978,4.0014,1,1
1.125,141.75,141.75,false,0.33782,4.3868,1,1
1.125,166.81,166.81,false,0.35798,4.8124,1,1
1.125,196.3,196.3,false,0.38048,5.3085,1,1
1.125,231.01,231.01,false,0.40558,5.8881,1,1
1.125,271.86,271.86,false,0.43357,6.5587,1,1
1.125,319.93,319.93,false,0.46403,7.2647,1,1
1.125,376.49,376.49,false,0.49508,7.716,1,1
1.125,443.06,443.06,false,0.53027,8.2291,1,1
1.125,521.4,521.4,false,0.57013,8.8011,1,1
1.125,613.59,613.59,false,0.61521,9.4458,1,1
1.125,722.08,722.08,false,0.66615,10.17,1,1
1.125,849.75,849.75,false,0.73493,10.859,1,1
1.125,1000,1000,false,0.81398,11.613,1,1
1.25,0.0001,0.0001,false,0.15506,0.0000037938,1,1
1.25,0.00011768,0.00011768,false,0.15506,0.0000044645,1,1
1.25,0.00013849,0.00013849,false,0.15506,0.0000052539,1,1
1.25,0.00016298,0.00016298,false,0.15506,0.0000061828,1,1
1.25,0.00019179,0.00019179,false,0.15506,0.000007276,1,1
1.25,0.0002257,0.0002257,false,0.15506,0.0000085625,1,1
1.25,0.00026561,0.00026561,false,0.15506,0.000010076,1,1
1.25,0.00031257,0.00031257,false,0.15506,0.000011858,1,1
1.25,0.00036784,0.00036784,false,0.15506,0.000013955,1,1
1.25,0.00043288,0.00043288,false,0.15506,0.000016422,1,1
1.25,0.00050941,0.00050941,false,0.15507,0.000019325,1,1
1.25,0.00059948,0.00059948,false,0.15507,0.000022742,1,1
1.25,0.00070548,0.00070548,false,0.15507,0.000026763,1,1
1.25,0.00083022,0.00083022,false,0.15507,0.000031495,1,1
1.25,0.00097701,0.00097701,false,0.15507,0.000037064,1,1
1.25,0.0011498,0.0011498,false,0.15507,0.000043617,1,1
1.25,0.001353,0.001353,false,0.15507,0.000051329,1,1
1.25,0.0015923,0.0015923,false,0.15508,0.000060404,1,1
1.25,0.0018738,0.0018738,false,0.15508,0.000071083,1,1
1.25,0.0022051,0.0022051,false,0.15508,0.000083652,1,1
1.25,0.002595,0.002595,false,0.15509,0.000098441,1,1
1.25,0.0030539,0.0030539,false,0.15509,0.00011584,1,1
1.25,0.0035938,0.0035938,false,0.1551,0.00013633,1,1
1.25,0.0042292,0.0042292,false,0.1551,0.00016043,1,1
1.25,0.004977,0.004977,false,0.15511,0.00018879,1,1
1.25,0.005857,0.005857,false,0.15512,0.00022217,1,1
1.25,0.0068926,0.0068926,false,0.15513,0.00026145,1,1
1.25,0.0081113,0.0081113,false,0.15514,0.00030766,1,1
1.25,0.0095455,0.0095455,false,0.15515,0.00036204,1,1
1.25,0.011233,0.011233,false,0.15517,0.00042604,1,1
1.25,0.013219,0.013219,false,0.15519,0.00050136,1,1
1.25,0.015557,0.015557,false,0.15521,0.00058999,1,1
1.25,0.018307,0.018307,false,0.15523,0.00069429,1,1
1.25,0.021544,0.021544,false,0.15526,0.00081691,1,1
1.25,0.025354,0.025354,false,0.15529,0.00096121,1,1
1.25,0.029836,0.029836,false,0.15532,0.0011271,1,1
1.25,0.035112,0.035112,false,0.15536,0.0013263,1,1
1.25,0.04132,0.04132,false,0.15541,0.0015607,1,1
1.25,0.048626,0.048626,false,0.15547,0.0018366,1,1
1.25,0.057224,0.057224,false,0.15553,0.0021608,1,1
1.25,0.067342,0.067342,false,0.1556,0.0025338,1,1
1.25,0.079248,0.079248,false,0.15568,0.0029814,1,1
1.25,0.09326,0.09326,false,0.15578,0.003508,1,1
1.25,0.10975,0.10975,false,0.15589,0.0041279,1,1
1.25,0.12915,0.12915,false,0.15601,0.0048416,1,1
1.25,0.15199,0.15199,false,0.15615,0.0056956,1,1
1.25,0.17886,0.17886,false,0.15631,0.0066997,1,1
1.25,0.21049,0.21049,false,0.15649,0.0078576,1,1
1.25,0.24771,0.24771,false,0.1567,0.0092446,1,1
1.25,0.29151,0.29151,false,0.15693,0.010844,1,1
1.25,0.34305,0.34305,false,0.1572,0.012759,1,1
1.25,0.4037,0.4037,false,0.1575,0.014962,1,1
1.25,0.47508,0.47508,false,0.15784,0.017542,1,1
1.25,0.55908,0.55908,false,0.15822,0.020631,1,1
1.25,0.65793,0.65793,false,0.15866,0.024198,1,1
1.25,0.77426,0.77426,false,0.15914,0.028386,1,1
1.25,0.91116,0.91116,false,0.15969,0.0333,1,1
1.25,1.0723,1.0723,false,0.16031,0.039047,1,1
1.25,1.2619,1.2619,false,0.161,0.045754,1,1
1.25,1.485,1.485,false,0.16178,0.053634,1,1
1.25,1.7475,1.7475,false,0.16264,0.062889,1,1
1.25,2.0565,2.0565,false,0.16361,0.073756,1,1
1.25,2.4201,2.4201,false,0.16469,0.086294,1,1
1.25,2.848,2.848,false,0.16589,0.10116,1,1
1.25,3.3516,3.3516,false,0.16724,0.11806,1,1
1.25,3.9442,3.9442,false,0.16873,0.1379,1,1
1.25,4.6416,4.6416,false,0.17039,0.16116,1,1
1.25,5.4623,5.4623,false,0.17224,0.18843,1,1
1.25,6.4281,6.4281,false,0.17428,0.22039,1,1
1.25,7.5646,7.5646,false,0.17654,0.25709,1,1
1.25,8.9022,8.9022,false,0.17906,0.29905,1,1
1.25,10.476,10.476,false,0.18185,0.34758,1,1
1.25,12.328,12.328,false,0.18494,0.40447,1,1
1.25,14.508,14.508,false,0.18834,0.47013,1,1
1.25,17.074,17.074,false,0.1921,0.54691,1,1
1.25,20.092,20.092,false,0.19624,0.63662,1,1
1.25,23.645,23.645,false,0.20077,0.73237,1,1
1.25,27.826,27.826,false,0.20573,0.84313,1,1
1.25,32.745,32.745,false,0.21116,0.973,1,1
1.25,38.535,38.535,false,0.21711,1.1231,1,1
1.25,45.349,45.349,false,0.22363,1.2986,1,1
1.25,53.367,53.367,false,0.23075,1.5009,1,1
1.25,62.803,62.803,false,0.23898,1.6996,1,1
1.25,73.907,73.907,false,0.24808,1.9268,1,1
1.25,86.975,86.975,false,0.25812,2.1945,1,1
1.25,102.35,102.35,false,0.26918,2.5054,1,1
1.25,120.45,120.45,false,0.28135,2.8612,1,1
1.25,141.75,141.75,false,0.29475,3.2807,1,1
1.25,166.81,166.81,false,0.30997,3.5966,1,1
1.25,196.3,196.3,false,0.32691,3.9517,1,1
1.25,231.01,231.01,false,0.34574,4.366,1,1
1.25,271.86,271.86,false,0.36665,4.8503,1,1
1.25,319.93,319.93,false,0.38986,5.4174,1,1
1.25,376.49,376.49,false,0.41499,5.9972,1,1
1.25,443.06,443.06,false,0.44093,6.3815,1,1
1.25,521.4,521.4,false,0.4702,6.8127,1,1
1.25,613.59,613.59,false,0.50317,7.3048,1,1
1.25,722.08,722.08,false,0.54026,7.8525,1,1
1.25,849.75,849.75,false,0.58206,8.4867,1,1
1.25,1000,1000,false,0.63837,9.0471,1,1
1.375,0.0001,0.0001,false,0.15459,0.0000027061,1,1
1.375,0.00011768,0.00011768,false,0.15459,0.0000031845,1,1
1.375,0.00013849,0.00013849,false,0.15459,0.0000037476,1,1
1.375,0.00016298,0.00016298,false,0.15459,0.0000044102,1,1
1.375,0.00019179,0.00019179,false,0.15459,0.00000519,1,1
1.375,0.0002257,0.0002257,false,0.15459,0.0000061076,1,1
1.375,0.00026561,0.00026561,false,0.15459,0.0000071875,1,1
1.375,0.00031257,0.00031257,false,0.15459,0.0000084583,1,1
1.375,0.00036784,0.00036784,false,0.15459,0.0000099539,1,1
1.375,0.00043288,0.00043288,false,0.15459,0.000011714,1,1
1.375,0.00050941,0.00050941,false,0.15459,0.000013785,1,1
1.375,0.00059948,0.00059948,false,0.15459,0.000016222,1,1
1.375,0.00070548,0.00070548,false,0.15459,0.00001909,1,1
1.375,0.00083022,0.00083022,false,0.15459,0.000022466,1,1
1.375,0.00097701,0.00097701,false,0.1546,0.000026438,1,1
1.375,0.0011498,0.0011498,false,0.1546,0.000031112,1,1
1.375,0.001353,0.001353,false,0.1546,0.000036613,1,1
1.375,0.0015923,0.0015923,false,0.1546,0.000043086,1,1
1.375,0.0018738,0.0018738,false,0.1546,0.000050704,1,1
1.375,0.0022051,0.0022051,false,0.15461,0.000059669,1,1
1.375,0.002595,0.002595,false,0.15461,0.000070219,1,1
1.375,0.0030539,0.0030539,false,0.15461,0.000082633,1,1
1.375,0.0035938,0.0035938,false,0.15462,0.000097242,1,1
1.375,0.0042292,0.0042292,false,0.15462,0.00011443,1,1
1.375,0.004977,0.004977,false,0.15462,0.00013467,1,1
1.375,0.005857,0.005857,false,0.15463,0.00015847,1,1
1.375,0.0068926,0.0068926,false,0.15464,0.00018649,1,1
1.375,0.0081113,0.0081113,false,0.15465,0.00021946,1,1
1.375,0.0095455,0.0095455,false,0.15466,0.00025826,1,1
1.375,0.011233,0.011233,false,0.15467,0.00030391,1,1
1.375,0.013219,0.013219,false,0.15468,0.00035763,1,1
1.375,0.015557,0.015557,false,0.15469,0.00042085,1,1
1.375,0.018307,0.018307,false,0.15471,0.00049526,1,1
1.375,0.021544,0.021544,false,0.15473,0.00058281,1,1
1.375,0.025354,0.025354,false,0.15475,0.00068575,1,1
1.375,0.029836,0.029836,false,0.15478,0.00080689,1,1
1.375,0.035112,0.035112,false,0.15481,0.00094945,1,1
1.375,0.04132,0.04132,false,0.15485,0.0011133,1,1
1.375,0.048626,0.048626,false,0.15489,0.0013101,1,1
1.375,0.057224,0.057224,false,0.15493,0.0015417,1,1
1.375,0.067342,0.067342,false,0.15499,0.0018138,1,1
1.375,0.079248,0.079248,false,0.15505,0.002134,1,1
1.375,0.09326,0.09326,false,0.15512,0.0025027,1,1
1.375,0.10975,0.10975,false,0.1552,0.0029448,1,1
1.375,0.12915,0.12915,false,0.15529,0.0034652,1,1
1.375,0.15199,0.15199,false,0.1554,0.0040642,1,1
1.375,0.17886,0.17886,false,0.15552,0.004781,1,1
1.375,0.21049,0.21049,false,0.15565,0.0056241,1,1
1.375,0.24771,0.24771,false,0.15581,0.0065961,1,1
1.375,0.29151,0.29151,false,0.15599,0.0077605,1,1
1.375,0.34305,0.34305,false,0.15619,0.009103,1,1
1.375,0.4037,0.4037,false,0.15642,0.010711,1,1
1.375,0.47508,0.47508,false,0.15668,0.012559,1,1
1.375,0.55908,0.55908,false,0.15697,0.014768,1,1
1.375,0.65793,0.65793,false,0.15731,0.017319,1,1
1.375,0.77426,0.77426,false,0.15768,0.020314,1,1
1.375,0.91116,0.91116,false,0.15811,0.023829,1,1
1.375,1.0723,1.0723,false,0.15858,0.028033,1,1
1.375,1.2619,1.2619,false,0.15912,0.032864,1,1
1.375,1.485,1.485,false,0.15972,0.03851,1,1
1.375,1.7475,1.7475,false,0.1604,0.045025,1,1
1.375,2.0565,2.0565,false,0.16116,0.052796,1,1
1.375,2.4201,2.4201,false,0.162,0.06192,1,1
1.375,2.848,2.848,false,0.16295,0.072633,1,1
1.375,3.3516,3.3516,false,0.16401,0.0849,1,1
1.375,3.9442,3.9442,false,0.16519,0.099104,1,1
1.375,4.6416,4.6416,false,0.1665,0.11605,1,1
1.375,5.4623,5.4623,false,0.16797,0.13563,1,1
1.375,6.4281,6.4281,false,0.16959,0.15859,1,1
1.375,7.5646,7.5646,false,0.17139,0.18506,1,1
1.375,8.9022,8.9022,false,0.17338,0.21621,1,1
1.375,10.476,10.476,false,0.17561,0.25102,1,1
1.375,12.328,12.328,false,0.17807,0.29184,1,1
1.375,14.508,14.508,false,0.18079,0.33967,1,1
1.375,17.074,17.074,false,0.1838,0.3957,1,1
1.375,20.092,20.092,false,0.18712,0.46035,1,1
1.375,23.645,23.645,false,0.19077,0.53516,1,1
1.375,27.826,27.826,false,0.19473,0.61594,1,1
1.375,32.745,32.745,false,0.19907,0.7095,1,1
1.375,38.535,38.535,false,0.20381,0.81917,1,1
1.375,45.349,45.349,false,0.209,0.94591,1,1
1.375,53.367,53.367,false,0.21467,1.094,1,1
1.375,62.803,62.803,false,0.22087,1.2638,1,1
1.375,73.907,73.907,false,0.22809,1.4297,1,1
1.375,86.975,86.975,false,0.23603,1.6253,1,1
1.375,102.35,102.35,false,0.24476,1.8502,1,1
1.375,120.45,120.45,false,0.25435,2.114,1,1
1.375,141.75,141.75,false,0.26488,2.4192,1,1
1.375,166.81,166.81,false,0.27646,2.7673,1,1
1.375,196.3,196.3,false,0.28967,3.0299,1,1
1.375,231.01,231.01,false,0.30431,3.3356,1,1
1.375,271.86,271.86,false,0.32051,3.6972,1,1
1.375,319.93,319.93,false,0.33843,4.1151,1,1
1.375,376.49,376.49,false,0.35822,4.6047,1,1
1.375,443.06,443.06,false,0.37938,5.0704,1,1
1.375,521.4,521.4,false,0.40169,5.4024,1,1
1.375,613.59,613.59,false,0.42674,5.7823,1,1
1.375,722.08,722.08,false,0.45482,6.2106,1,1
1.375,849.75,849.75,false,0.48623,6.6896,1,1
1.375,1000,1000,false,0.52231,7.2289,1,1
1.5,0.0001,0.0001,false,0.15416,0.0000019885,1,1
1.5,0.00011768,0.00011768,false,0.15416,0.0000023401,1,1
1.5,0.00013849,0.00013849,false,0.15416,0.0000027538,1,1
1.5,0.00016298,0.00016298,false,0.15416,0.0000032407,1,1
1.5,0.00019179,0.00019179,false,0.15416,0.0000038137,1,1
1.5,0.0002257,0.0002257,false,0.15416,0.000004488,1,1
1.5,0.00026561,0.00026561,false,0.15416,0.0000052815,1,1
1.5,0.00031257,0.00031257,false,0.15416,0.0000062153,1,1
1.5,0.00036784,0.00036784,false,0.15416,0.0000073143,1,1
1.5,0.00043288,0.00043288,false,0.15416,0.0000086075,1,1
1.5,0.00050941,0.00050941,false,0.15416,0.000010129,1,1
1.5,0.00059948,0.00059948,false,0.15416,0.00001192,1,1
1.5,0.00070548,0.00070548,false,0.15416,0.000014028,1,1
1.5,0.00083022,0.00083022,false,0.15416,0.000016508,1,1
1.5,0.00097701,0.00097701,false,0.15416,0.000019427,1,1
1.5,0.0011498,0.0011498,false,0.15417,0.000022862,1,1
1.5,0.001353,0.001353,false,0.15417,0.000026904,1,1
1.5,0.0015923,0.0015923,false,0.15417,0.000031661,1,1
1.5,0.0018738,0.0018738,false,0.15417,0.000037258,1,1
1.5,0.0022051,0.0022051,false,0.15417,0.000043846,1,1
1.5,0.002595,0.002595,false,0.15417,0.000051598,1,1
1.5,0.0030539,0.0030539,false,0.15418,0.000060721,1,1
1.5,0.0035938,0.0035938,false,0.15418,0.000071456,1,1
1.5,0.0042292,0.0042292,false,0.15418,0.00008409,1,1
1.5,0.004977,0.004977,false,0.15419,0.000098956,1,1
1.5,0.005857,0.005857,false,0.15419,0.00011645,1,1
1.5,0.0068926,0.0068926,false,0.1542,0.00013704,1,1
1.5,0.0081113,0.0081113,false,0.1542,0.00016127,1,1
1.5,0.0095455,0.0095455,false,0.15421,0.00018978,1,1
1.5,0.011233,0.011233,false,0.15422,0.00022333,1,1
1.5,0.013219,0.013219,false,0.15423,0.0002628,1,1
1.5,0.015557,0.015557,false,0.15424,0.00030926,1,1
1.5,0.018307,0.018307,false,0.15425,0.00036393,1,1
1.5,0.021544,0.021544,false,0.15427,0.00042827,1,1
1.5,0.025354,0.025354,false,0.15428,0.00050397,1,1
1.5,0.029836,0.029836,false,0.1543,0.000593,1,1
1.5,0.035112,0.035112,false,0.15433,0.00069777,1,1
1.5,0.04132,0.04132,false,0.15435,0.00082107,1,1
1.5,0.048626,0.048626,false,0.15438,0.00096276,1,1
1.5,0.057224,0.057224,false,0.15442,0.0011329,1,1
1.5,0.067342,0.067342,false,0.15446,0.0013332,1,1
1.5,0.079248,0.079248,false,0.1545,0.0015685,1,1
1.5,0.09326,0.09326,false,0.15456,0.0018454,1,1
1.5,0.10975,0.10975,false,0.15462,0.0021642,1,1
1.5,0.12915,0.12915,false,0.15469,0.0025466,1,1
1.5,0.15199,0.15199,false,0.15477,0.0029966,1,1
1.5,0.17886,0.17886,false,0.15486,0.0035145,1,1
1.5,0.21049,0.21049,false,0.15497,0.0041342,1,1
1.5,0.24771,0.24771,false,0.15509,0.0048634,1,1
1.5,0.29151,0.29151,false,0.15523,0.0057039,1,1
1.5,0.34305,0.34305,false,0.15538,0.006711,1,1
1.5,0.4037,0.4037,false,0.15556,0.0078719,1,1
1.5,0.47508,0.47508,false,0.15577,0.0092625,1,1
1.5,0.55908,0.55908,false,0.156,0.010859,1,1
1.5,0.65793,0.65793,false,0.15626,0.012771,1,1
1.5,0.77426,0.77426,false,0.15655,0.014977,1,1
1.5,0.91116,0.91116,false,0.15688,0.017567,1,1
1.5,1.0723,1.0723,false,0.15726,0.020606,1,1
1.5,1.2619,1.2619,false,0.15768,0.024243,1,1
1.5,1.485,1.485,false,0.15816,0.028413,1,1
1.5,1.7475,1.7475,false,0.1587,0.033299,1,1
1.5,2.0565,2.0565,false,0.1593,0.039038,1,1
1.5,2.4201,2.4201,false,0.15998,0.045656,1,1
1.5,2.848,2.848,false,0.16073,0.053548,1,1
1.5,3.3516,3.3516,false,0.16158,0.062814,1,1
1.5,3.9442,3.9442,false,0.16253,0.073385,1,1
1.5,4.6416,4.6416,false,0.16358,0.085892,1,1
1.5,5.4623,5.4623,false,0.16476,0.10034,1,1
1.5,6.4281,6.4281,false,0.16607,0.11729,1,1
1.5,7.5646,7.5646,false,0.16753,0.13715,1,1
1.5,8.9022,8.9022,false,0.16914,0.16043,1,1
1.5,10.476,10.476,false,0.17094,0.18679,1,1
1.5,12.328,12.328,false,0.17294,0.21695,1,1
1.5,14.508,14.508,false,0.17516,0.25232,1,1
1.5,17.074,17.074,false,0.17761,0.29375,1,1
1.5,20.092,20.092,false,0.18031,0.34227,1,1
1.5,23.645,23.645,false,0.1833,0.39824,1,1
1.5,27.826,27.826,false,0.18656,0.46188,1,1
1.5,32.745,32.745,false,0.19009,0.53209,1,1
1.5,38.535,38.535,false,0.19395,0.61337,1,1
1.5,45.349,45.349,false,0.19817,0.7086,1,1
1.5,53.367,53.367,false,0.20277,0.8186,1,1
1.5,62.803,62.803,false,0.20779,0.94709,1,1
1.5,73.907,73.907,false,0.21336,1.0912,1,1
1.5,86.975,86.975,false,0.21979,1.2364,1,1
1.5,102.35,102.35,false,0.22685,1.4055,1,1
1.5,120.45,120.45,false,0.23459,1.6043,1,1
1.5,141.75,141.75,false,0.24308,1.8347,1,1
1.5,166.81,166.81,false,0.25236,2.1011,1,1
1.5,196.3,196.3,false,0.26265,2.3791,1,1
1.5,231.01,231.01,false,0.27434,2.6144,1,1
1.5,271.86,271.86,false,0.28724,2.8846,1,1
1.5,319.93,319.93,false,0.30147,3.2045,1,1
1.5,376.49,376.49,false,0.31714,3.5746,1,1
1.5,443.06,443.06,false,0.33437,4.0083,1,1
1.5,521.4,521.4,false,0.35255,4.3791,1,1
1.5,613.59,613.59,false,0.37215,4.6772,1,1
1.5,722.08,722.08,false,0.39406,5.0126,1,1
1.5,849.75,849.75,false,0.41848,5.3989,1,1
1.5,1000,1000,false,0.44564,5.8399,1,1
1.625,0.0001,0.0001,false,0.15362,0.0000014978,1,1
1.625,0.00011768,0.00011768,false,0.15362,0.0000017627,1,1
1.625,0.00013849,0.00013849,false,0.15362,0.0000020743,1,1
1.625,0.00016298,0.00016298,false,0.15362,0.0000024411,1,1
1.625,0.00019179,0.00019179,false,0.15362,0.0000028727,1,1
1.625,0.0002257,0.0002257,false,0.15362,0.0000033806,1,1
1.625,0.00026561,0.00026561,false,0.15362,0.0000039783,1,1
1.625,0.00031257,0.00031257,false,0.15362,0.0000046817,1,1
1.625,0.00036784,0.00036784,false,0.15362,0.0000055095,1,1
1.625,0.00043288,0.00043288,false,0.15362,0.0000064836,1,1
1.625,0.00050941,0.00050941,false,0.15362,0.00000763,1,1
1.625,0.00059948,0.00059948,false,0.15362,0.000008979,1,1
1.625,0.00070548,0.00070548,false,0.15362,0.000010567,1,1
1.625,0.00083022,0.00083022,false,0.15362,0.000012435,1,1
1.625,0.00097701,0.00097701,false,0.15362,0.000014633,1,1
1.625,0.0011498,0.0011498,false,0.15362,0.000017221,1,1
1.625,0.001353,0.001353,false,0.15362,0.000020266,1,1
1.625,0.0015923,0.0015923,false,0.15362,0.000023849,1,1
1.625,0.0018738,0.0018738,false,0.15362,0.000028065,1,1
1.625,0.0022051,0.0022051,false,0.15362,0.000033027,1,1
1.625,0.002595,0.002595,false,0.15363,0.000038867,1,1
1.625,0.0030539,0.0030539,false,0.15363,0.000045738,1,1
1.625,0.0035938,0.0035938,false,0.15363,0.000053825,1,1
1.625,0.0042292,0.0042292,false,0.15363,0.000063342,1,1
1.625,0.004977,0.004977,false,0.15364,0.00007454,1,1
1.625,0.005857,0.005857,false,0.15364,0.000087719,1,1
1.625,0.0068926,0.0068926,false,0.15364,0.00010323,1,1
1.625,0.0081113,0.0081113,false,0.15365,0.00012148,1,1
1.625,0.0095455,0.0095455,false,0.15365,0.00014296,1,1
1.625,0.011233,0.011233,false,0.15366,0.00016823,1,1
1.625,0.013219,0.013219,false,0.15367,0.00019796,1,1
1.625,0.015557,0.015557,false,0.15367,0.00023296,1,1
1.625,0.018307,0.018307,false,0.15368,0.00027414,1,1
1.625,0.021544,0.021544,false,0.1537,0.00032261,1,1
1.625,0.025354,0.025354,false,0.15371,0.00037964,1,1
1.625,0.029836,0.029836,false,0.15372,0.00044673,1,1
1.625,0.035112,0.035112,false,0.15374,0.00052566,1,1
1.625,0.04132,0.04132,false,0.15376,0.00061854,1,1
1.625,0.048626,0.048626,false,0.15379,0.00072784,1,1
1.625,0.057224,0.057224,false,0.15381,0.00085343,1,1
1.625,0.067342,0.067342,false,0.15384,0.0010043,1,1
1.625,0.079248,0.079248,false,0.15388,0.0011817,1,1
1.625,0.09326,0.09326,false,0.15392,0.0013904,1,1
1.625,0.10975,0.10975,false,0.15397,0.0016359,1,1
1.625,0.12915,0.12915,false,0.15402,0.0019184,1,1
1.625,0.15199,0.15199,false,0.15409,0.0022574,1,1
1.625,0.17886,0.17886,false,0.15416,0.0026563,1,1
1.625,0.21049,0.21049,false,0.15424,0.0031151,1,1
1.625,0.24771,0.24771,false,0.15434,0.0036645,1,1
1.625,0.29151,0.29151,false,0.15445,0.0043111,1,1
1.625,0.34305,0.34305,false,0.15457,0.0050561,1,1
1.625,0.4037,0.4037,false,0.15471,0.005949,1,1
1.625,0.47508,0.47508,false,0.15487,0.006978,1,1
1.625,0.55908,0.55908,false,0.15505,0.0082101,1,1
1.625,0.65793,0.65793,false,0.15526,0.0096249,1,1
1.625,0.77426,0.77426,false,0.15549,0.01132,1,1
1.625,0.91116,0.91116,false,0.15576,0.013276,1,1
1.625,1.0723,1.0723,false,0.15606,0.015571,1,1
1.625,1.2619,1.2619,false,0.1564,0.018266,1,1
1.625,1.485,1.485,false,0.15678,0.02149,1,1
1.625,1.7475,1.7475,false,0.15721,0.02518,1,1
1.625,2.0565,2.0565,false,0.1577,0.029513,1,1
1.625,2.4201,2.4201,false,0.15825,0.034602,1,1
1.625,2.848,2.848,false,0.15886,0.04047,1,1
1.625,3.3516,3.3516,false,0.15955,0.047468,1,1
1.625,3.9442,3.9442,false,0.16031,0.055683,1,1
1.625,4.6416,4.6416,false,0.16118,0.065013,1,1
1.625,5.4623,5.4623,false,0.16214,0.076111,1,1
1.625,6.4281,6.4281,false,0.16321,0.088933,1,1
1.625,7.5646,7.5646,false,0.1644,0.10396,1,1
1.625,8.9022,8.9022,false,0.16573,0.12158,1,1
1.625,10.476,10.476,false,0.1672,0.14189,1,1
1.625,12.328,12.328,false,0.16885,0.16537,1,1
1.625,14.508,14.508,false,0.17067,0.19216,1,1
1.625,17.074,17.074,false,0.1727,0.22356,1,1
1.625,20.092,20.092,false,0.17493,0.26034,1,1
1.625,23.645,23.645,false,0.1774,0.30341,1,1
1.625,27.826,27.826,false,0.18013,0.35308,1,1
1.625,32.745,32.745,false,0.18308,0.40834,1,1
1.625,38.535,38.535,false,0.18627,0.47087,1,1
1.625,45.349,45.349,false,0.18975,0.54323,1,1
1.625,53.367,53.367,false,0.19355,0.62798,1,1
1.625,62.803,62.803,false,0.1977,0.72582,1,1
1.625,73.907,73.907,false,0.20221,0.84008,1,1
1.625,86.975,86.975,false,0.20732,0.96266,1,1
1.625,102.35,102.35,false,0.21314,1.0929,1,1
1.625,120.45,120.45,false,0.21951,1.2443,1,1
1.625,141.75,141.75,false,0.22648,1.4221,1,1
1.625,166.81,166.81,false,0.2341,1.628,1,1
1.625,196.3,196.3,false,0.24242,1.8659,1,1
1.625,231.01,231.01,false,0.25176,2.0895,1,1
1.625,271.86,271.86,false,0.26227,2.302,1,1
1.625,319.93,319.93,false,0.27383,2.5463,1,1
1.625,376.49,376.49,false,0.28654,2.8321,1,1
1.625,443.06,443.06,false,0.30047,3.1708,1,1
1.625,521.4,521.4,false,0.31572,3.5638,1,1
1.625,613.59,613.59,false,0.33164,3.8419,1,1
1.625,722.08,722.08,false,0.34915,4.1143,1,1
1.625,849.75,849.75,false,0.36864,4.4266,1,1
1.625,1000,1000,false,0.39024,4.7819,1,1
1.75,0.0001,0.0001,false,0.15311,0.0000011523,1,1
1.75,0.00011768,0.00011768,false,0.15311,0.000001356,1,1
1.75,0.00013849,0.00013849,false,0.15311,0.0000015958,1,1
1.75,0.00016298,0.00016298,false,0.15311,0.0000018779,1,1
1.75,0.00019179,0.00019179,false,0.15311,0.00000221,1,1
1.75,0.0002257,0.0002257,false,0.15311,0.0000026007,1,1
1.75,0.00026561,0.00026561,false,0.15311,0.0000030606,1,1
1.75,0.00031257,0.00031257,false,0.15311,0.0000036017,1,1
1.75,0.00036784,0.00036784,false,0.15311,0.0000042385,1,1
1.75,0.00043288,0.00043288,false,0.15311,0.0000049879,1,1
1.75,0.00050941,0.00050941,false,0.15311,0.0000058699,1,1
1.75,0.00059948,0.00059948,false,0.15311,0.0000069077,1,1
1.75,0.00070548,0.00070548,false,0.15312,0.000008129,1,1
1.75,0.00083022,0.00083022,false,0.15312,0.0000095663,1,1
1.75,0.00097701,0.00097701,false,0.15312,0.000011258,1,1
1.75,0.0011498,0.0011498,false,0.15312,0.000013248,1,1
1.75,0.001353,0.001353,false,0.15312,0.000015591,1,1
1.75,0.0015923,0.0015923,false,0.15312,0.000018347,1,1
1.75,0.0018738,0.0018738,false,0.15312,0.000021591,1,1
1.75,0.0022051,0.0022051,false,0.15312,0.000025408,1,1
1.75,0.002595,0.002595,false,0.15312,0.000029901,1,1
1.75,0.0030539,0.0030539,false,0.15312,0.000035187,1,1
1.75,0.0035938,0.0035938,false,0.15312,0.000041409,1,1
1.75,0.0042292,0.0042292,false,0.15313,0.00004873,1,1
1.75,0.004977,0.004977,false,0.15313,0.000057345,1,1
1.75,0.005857,0.005857,false,0.15313,0.000067484,1,1
1.75,0.0068926,0.0068926,false,0.15313,0.000079415,1,1
1.75,0.0081113,0.0081113,false,0.15314,0.000093455,1,1
1.75,0.0095455,0.0095455,false,0.15314,0.00010998,1,1
1.75,0.011233,0.011233,false,0.15315,0.00012942,1,1
1.75,0.013219,0.013219,false,0.15315,0.0001523,1,1
1.75,0.015557,0.015557,false,0.15316,0.00017922,1,1
1.75,0.018307,0.018307,false,0.15317,0.00021091,1,1
1.75,0.021544,0.021544,false,0.15318,0.00024819,1,1
1.75,0.025354,0.025354,false,0.15319,0.00029207,1,1
1.75,0.029836,0.029836,false,0.1532,0.00034371,1,1
1.75,0.035112,0.035112,false,0.15321,0.00040444,1,1
1.75,0.04132,0.04132,false,0.15323,0.0004759,1,1
1.75,0.048626,0.048626,false,0.15325,0.00055999,1,1
1.75,0.057224,0.057224,false,0.15327,0.00065896,1,1
1.75,0.067342,0.067342,false,0.15329,0.00077264,1,1
1.75,0.079248,0.079248,false,0.15332,0.00090922,1,1
1.75,0.09326,0.09326,false,0.15335,0.0010698,1,1
1.75,0.10975,0.10975,false,0.15339,0.0012587,1,1
1.75,0.12915,0.12915,false,0.15343,0.001481,1,1
1.75,0.15199,0.15199,false,0.15348,0.0017368,1,1
1.75,0.17886,0.17886,false,0.15354,0.0020437,1,1
1.75,0.21049,0.21049,false,0.15361,0.0024049,1,1
1.75,0.24771,0.24771,false,0.15368,0.0028199,1,1
1.75,0.29151,0.29151,false,0.15377,0.0033174,1,1
1.75,0.34305,0.34305,false,0.15387,0.0039029,1,1
1.75,0.4037,0.4037,false,0.15398,0.0045774,1,1
1.75,0.47508,0.47508,false,0.15411,0.0053858,1,1
1.75,0.55908,0.55908,false,0.15425,0.0063174,1,1
1.75,0.65793,0.65793,false,0.15442,0.0074313,1,1
1.75,0.77426,0.77426,false,0.15461,0.0087126,1,1
1.75,0.91116,0.91116,false,0.15483,0.010247,1,1
1.75,1.0723,1.0723,false,0.15507,0.012018,1,1
1.75,1.2619,1.2619,false,0.15534,0.014097,1,1
1.75,1.485,1.485,false,0.15565,0.016537,1,1
1.75,1.7475,1.7475,false,0.15601,0.019393,1,1
1.75,2.0565,2.0565,false,0.1564,0.02279,1,1
1.75,2.4201,2.4201,false,0.15685,0.026714,1,1
1.75,2.848,2.848,false,0.15735,0.031239,1,1
1.75,3.3516,3.3516,false,0.15792,0.036636,1,1
1.75,3.9442,3.9442,false,0.15855,0.042973,1,1
1.75,4.6416,4.6416,false,0.15926,0.050393,1,1
1.75,5.4623,5.4623,false,0.16005,0.05882,1,1
1.75,6.4281,6.4281,false,0.16094,0.068705,1,1
1.75,7.5646,7.5646,false,0.16193,0.080492,1,1
1.75,8.9022,8.9022,false,0.16304,0.094108,1,1
1.75,10.476,10.476,false,0.16426,0.11007,1,1
1.75,12.328,12.328,false,0.16562,0.12846,1,1
1.75,14.508,14.508,false,0.16715,0.14949,1,1
1.75,17.074,17.074,false,0.16884,0.17379,1,1
1.75,20.092,20.092,false,0.17071,0.20226,1,1
1.75,23.645,23.645,false,0.17278,0.23561,1,1
1.75,27.826,27.826,false,0.17507,0.27465,1,1
1.75,32.745,32.745,false,0.1776,0.31966,1,1
1.75,38.535,38.535,false,0.18028,0.36855,1,1
1.75,45.349,45.349,false,0.18319,0.42459,1,1
1.75,53.367,53.367,false,0.18638,0.49118,1,1
1.75,62.803,62.803,false,0.18985,0.56713,1,1
1.75,73.907,73.907,false,0.19362,0.65704,1,1
1.75,86.975,86.975,false,0.19773,0.76078,1,1
1.75,102.35,102.35,false,0.20252,0.86513,1,1
1.75,120.45,120.45,false,0.20784,0.98412,1,1
1.75,141.75,141.75,false,0.21367,1.1224,1,1
1.75,166.81,166.81,false,0.22003,1.2845,1,1
1.75,196.3,196.3,false,0.22697,1.4721,1,1
1.75,231.01,231.01,false,0.23452,1.6886,1,1
1.75,271.86,271.86,false,0.24316,1.867,1,1
1.75,319.93,319.93,false,0.25274,2.0597,1,1
1.75,376.49,376.49,false,0.26324,2.2878,1,1
1.75,443.06,443.06,false,0.27473,2.5516,1,1
1.75,521.4,521.4,false,0.28728,2.8608,1,1
1.75,613.59,613.59,false,0.30086,3.2016,1,1
1.75,722.08,722.08,false,0.31516,3.4279,1,1
1.75,849.75,849.75,false,0.33103,3.6815,1,1
1.75,1000,1000,false,0.34859,3.968,1,1
1.875,0.0001,0.0001,false,0.15265,9.0274e-7,1,1
1.875,0.00011768,0.00011768,false,0.15265,0.0000010623,1,1
1.875,0.00013849,0.00013849,false,0.15265,0.0000012502,1,1
1.875,0.00016298,0.00016298,false,0.15265,0.0000014712,1,1
1.875,0.00019179,0.00019179,false,0.15265,0.0000017314,1,1
1.875,0.0002257,0.0002257,false,0.15265,0.0000020375,1,1
1.875,0.00026561,0.00026561,false,0.15265,0.0000023977,1,1
1.875,0.00031257,0.00031257,false,0.15265,0.0000028217,1,1
1.875,0.00036784,0.00036784,false,0.15265,0.0000033206,1,1
1.875,0.00043288,0.00043288,false,0.15265,0.0000039077,1,1
1.875,0.00050941,0.00050941,false,0.15265,0.0000045986,1,1
1.875,0.00059948,0.00059948,false,0.15265,0.0000054117,1,1
1.875,0.00070548,0.00070548,false,0.15265,0.0000063685,1,1
1.875,0.00083022,0.00083022,false,0.15265,0.0000074945,1,1
1.875,0.00097701,0.00097701,false,0.15265,0.0000088196,1,1
1.875,0.0011498,0.0011498,false,0.15265,0.000010379,1,1
1.875,0.001353,0.001353,false,0.15265,0.000012214,1,1
1.875,0.0015923,0.0015923,false,0.15265,0.000014374,1,1
1.875,0.0018738,0.0018738,false,0.15265,0.000016915,1,1
1.875,0.0022051,0.0022051,false,0.15265,0.000019906,1,1
1.875,0.002595,0.002595,false,0.15265,0.000023425,1,1
1.875,0.0030539,0.0030539,false,0.15265,0.000027567,1,1
1.875,0.0035938,0.0035938,false,0.15266,0.000032441,1,1
1.875,0.0042292,0.0042292,false,0.15266,0.000038177,1,1
1.875,0.004977,0.004977,false,0.15266,0.000044926,1,1
1.875,0.005857,0.005857,false,0.15266,0.000052869,1,1
1.875,0.0068926,0.0068926,false,0.15266,0.000062216,1,1
1.875,0.0081113,0.0081113,false,0.15267,0.000073216,1,1
1.875,0.0095455,0.0095455,false,0.15267,0.000086161,1,1
1.875,0.011233,0.011233,false,0.15267,0.00010139,1,1
1.875,0.013219,0.013219,false,0.15268,0.00011932,1,1
1.875,0.015557,0.015557,false,0.15268,0.00014041,1,1
1.875,0.018307,0.018307,false,0.15269,0.00016523,1,1
1.875,0.021544,0.021544,false,0.1527,0.00019445,1,1
1.875,0.025354,0.025354,false,0.1527,0.00022882,1,1
1.875,0.029836,0.029836,false,0.15271,0.00026927,1,1
1.875,0.035112,0.035112,false,0.15272,0.00031687,1,1
1.875,0.04132,0.04132,false,0.15274,0.00037286,1,1
1.875,0.048626,0.048626,false,0.15275,0.00043875,1,1
1.875,0.057224,0.057224,false,0.15277,0.00051629,1,1
1.875,0.067342,0.067342,false,0.15279,0.00060532,1,1
1.875,0.079248,0.079248,false,0.15281,0.00071233,1,1
1.875,0.09326,0.09326,false,0.15284,0.00083824,1,1
1.875,0.10975,0.10975,false,0.15287,0.00098626,1,1
1.875,0.12915,0.12915,false,0.1529,0.0011604,1,1
1.875,0.15199,0.15199,false,0.15294,0.0013608,1,1
1.875,0.17886,0.17886,false,0.15299,0.0016012,1,1
1.875,0.21049,0.21049,false,0.15304,0.0018842,1,1
1.875,0.24771,0.24771,false,0.1531,0.0022172,1,1
1.875,0.29151,0.29151,false,0.15317,0.0025996,1,1
1.875,0.34305,0.34305,false,0.15325,0.0030583,1,1
1.875,0.4037,0.4037,false,0.15334,0.0035981,1,1
1.875,0.47508,0.47508,false,0.15345,0.00422,1,1
1.875,0.55908,0.55908,false,0.15357,0.0049654,1,1
1.875,0.65793,0.65793,false,0.1537,0.0058242,1,1
1.875,0.77426,0.77426,false,0.15386,0.0068497,1,1
1.875,0.91116,0.91116,false,0.15403,0.0080314,1,1
1.875,1.0723,1.0723,false,0.15423,0.0094186,1,1
1.875,1.2619,1.2619,false,0.15446,0.01108,1,1
1.875,1.485,1.485,false,0.15471,0.012996,1,1
1.875,1.7475,1.7475,false,0.155,0.015246,1,1
1.875,2.0565,2.0565,false,0.15533,0.017871,1,1
1.875,2.4201,2.4201,false,0.1557,0.020946,1,1
1.875,2.848,2.848,false,0.15612,0.024557,1,1
1.875,3.3516,3.3516,false,0.15659,0.028796,1,1
1.875,3.9442,3.9442,false,0.15711,0.033774,1,1
1.875,4.6416,4.6416,false,0.1577,0.039617,1,1
1.875,5.4623,5.4623,false,0.15836,0.046292,1,1
1.875,6.4281,6.4281,false,0.15911,0.05419,1,1
1.875,7.5646,7.5646,false,0.15994,0.063311,1,1
1.875,8.9022,8.9022,false,0.16087,0.074003,1,1
1.875,10.476,10.476,false,0.1619,0.086535,1,1
1.875,12.328,12.328,false,0.16304,0.10122,1,1
1.875,14.508,14.508,false,0.16432,0.11818,1,1
1.875,17.074,17.074,false,0.16575,0.13729,1,1
1.875,20.092,20.092,false,0.16734,0.16004,1,1
1.875,23.645,23.645,false,0.16909,0.18633,1,1
1.875,27.826,27.826,false,0.17103,0.21664,1,1
1.875,32.745,32.745,false,0.17318,0.2526,1,1
1.875,38.535,38.535,false,0.17551,0.29321,1,1
1.875,45.349,45.349,false,0.17798,0.33799,1,1
1.875,53.367,53.367,false,0.18068,0.39054,1,1
1.875,62.803,62.803,false,0.18362,0.45131,1,1
1.875,73.907,73.907,false,0.18681,0.52241,1,1
1.875,86.975,86.975,false,0.19029,0.60445,1,1
1.875,102.35,102.35,false,0.19412,0.69752,1,1
1.875,120.45,120.45,false,0.19863,0.79139,1,1
1.875,141.75,141.75,false,0.20357,0.90204,1,1
1.875,166.81,166.81,false,0.20895,1.0304,1,1
1.875,196.3,196.3,false,0.21481,1.1809,1,1
1.875,231.01,231.01,false,0.22119,1.3528,1,1
1.875,271.86,271.86,false,0.22821,1.5389,1,1
1.875,319.93,319.93,false,0.23626,1.6941,1,1
1.875,376.49,376.49,false,0.24508,1.8778,1,1
1.875,443.06,443.06,false,0.25471,2.0897,1,1
1.875,521.4,521.4,false,0.26521,2.3378,1,1
1.875,613.59,613.59,false,0.27663,2.6281,1,1
1.875,722.08,722.08,false,0.28879,2.8895,1,1
1.875,849.75,849.75,false,0.30195,3.0981,1,1
1.875,1000,1000,false,0.31648,3.3369,1,1
2,0.0001,0.0001,false,0.15221,7.1851e-7,1,1
2,0.00011768,0.00011768,false,0.15221,8.4555e-7,1,1
2,0.00013849,0.00013849,false,0.15221,9.9505e-7,1,1
2,0.00016298,0.00016298,false,0.15221,0.000001171,1,1
2,0.00019179,0.00019179,false,0.15221,0.000001378,1,1
2,0.0002257,0.0002257,false,0.15221,0.0000016217,1,1
2,0.00026561,0.00026561,false,0.15221,0.0000019084,1,1
2,0.00031257,0.00031257,false,0.15221,0.0000022458,1,1
2,0.00036784,0.00036784,false,0.15221,0.0000026429,1,1
2,0.00043288,0.00043288,false,0.15221,0.0000031102,1,1
2,0.00050941,0.00050941,false,0.15221,0.0000036601,1,1
2,0.00059948,0.00059948,false,0.15221,0.0000043073,1,1
2,0.00070548,0.00070548,false,0.15221,0.0000050688,1,1
2,0.00083022,0.00083022,false,0.15221,0.0000059651,1,1
2,0.00097701,0.00097701,false,0.15221,0.0000070197,1,1
2,0.0011498,0.0011498,false,0.15221,0.0000082609,1,1
2,0.001353,0.001353,false,0.15221,0.0000097215,1,1
2,0.0015923,0.0015923,false,0.15221,0.00001144,1,1
2,0.0018738,0.0018738,false,0.15221,0.000013463,1,1
2,0.0022051,0.0022051,false,0.15222,0.000015843,1,1
2,0.002595,0.002595,false,0.15222,0.000018645,1,1
2,0.0030539,0.0030539,false,0.15222,0.000021941,1,1
2,0.0035938,0.0035938,false,0.15222,0.00002582,1,1
2,0.0042292,0.0042292,false,0.15222,0.000030386,1,1
2,0.004977,0.004977,false,0.15222,0.000035758,1,1
2,0.005857,0.005857,false,0.15222,0.00004208,1,1
2,0.0068926,0.0068926,false,0.15222,0.00004952,1,1
2,0.0081113,0.0081113,false,0.15223,0.000058275,1,1
2,0.0095455,0.0095455,false,0.15223,0.000068578,1,1
2,0.011233,0.011233,false,0.15223,0.000080703,1,1
2,0.013219,0.013219,false,0.15224,0.000094971,1,1
2,0.015557,0.015557,false,0.15224,0.00011176,1,1
2,0.018307,0.018307,false,0.15224,0.00013152,1,1
2,0.021544,0.021544,false,0.15225,0.00015477,1,1
2,0.025354,0.025354,false,0.15226,0.00018213,1,1
2,0.029836,0.029836,false,0.15226,0.00021433,1,1
2,0.035112,0.035112,false,0.15227,0.00025222,1,1
2,0.04132,0.04132,false,0.15228,0.00029679,1,1
2,0.048626,0.048626,false,0.1523,0.00034924,1,1
2,0.057224,0.057224,false,0.15231,0.00041095,1,1
2,0.067342,0.067342,false,0.15232,0.00048358,1,1
2,0.079248,0.079248,false,0.15234,0.00056697,1,1
2,0.09326,0.09326,false,0.15236,0.0006672,1,1
2,0.10975,0.10975,false,0.15239,0.00078509,1,1
2,0.12915,0.12915,false,0.15242,0.00092374,1,1
2,0.15199,0.15199,false,0.15245,0.0010869,1,1
2,0.17886,0.17886,false,0.15249,0.0012745,1,1
2,0.21049,0.21049,false,0.15253,0.0014998,1,1
2,0.24771,0.24771,false,0.15258,0.0017648,1,1
2,0.29151,0.29151,false,0.15264,0.0020765,1,1
2,0.34305,0.34305,false,0.1527,0.0024346,1,1
2,0.4037,0.4037,false,0.15278,0.0028644,1,1
2,0.47508,0.47508,false,0.15286,0.0033593,1,1
2,0.55908,0.55908,false,0.15296,0.0039526,1,1
2,0.65793,0.65793,false,0.15307,0.0046508,1,1
2,0.77426,0.77426,false,0.1532,0.0054545,1,1
2,0.91116,0.91116,false,0.15334,0.0064144,1,1
2,1.0723,1.0723,false,0.15351,0.0075215,1,1
2,1.2619,1.2619,false,0.1537,0.0088211,1,1
2,1.485,1.485,false,0.15391,0.010377,1,1
2,1.7475,1.7475,false,0.15415,0.012172,1,1
2,2.0565,2.0565,false,0.15442,0.014278,1,1
2,2.4201,2.4201,false,0.15473,0.016732,1,1
2,2.848,2.848,false,0.15508,0.019613,1,1
2,3.3516,3.3516,false,0.15547,0.022996,1,1
2,3.9442,3.9442,false,0.15592,0.026968,1,1
2,4.6416,4.6416,false,0.15641,0.031631,1,1
2,5.4623,5.4623,false,0.15697,0.037006,1,1
2,6.4281,6.4281,false,0.1576,0.043317,1,1
2,7.5646,7.5646,false,0.1583,0.050593,1,1
2,8.9022,8.9022,false,0.15909,0.05927,1,1
2,10.476,10.476,false,0.15996,0.06929,1,1
2,12.328,12.328,false,0.16094,0.081033,1,1
2,14.508,14.508,false,0.16202,0.094793,1,1
2,17.074,17.074,false,0.16324,0.11019,1,1
2,20.092,20.092,false,0.16459,0.12838,1,1
2,23.645,23.645,false,0.16609,0.1494,1,1
2,27.826,27.826,false,0.16775,0.174,1,1
2,32.745,32.745,false,0.16959,0.20281,1,1
2,38.535,38.535,false,0.17162,0.23601,1,1
2,45.349,45.349,false,0.17377,0.27284,1,1
2,53.367,53.367,false,0.17608,0.31489,1,1
2,62.803,62.803,false,0.17859,0.36422,1,1
2,73.907,73.907,false,0.18132,0.42124,1,1
2,86.975,86.975,false,0.1843,0.48793,1,1
2,102.35,102.35,false,0.18752,0.56485,1,1
2,120.45,120.45,false,0.19123,0.64555,1,1
2,141.75,141.75,false,0.19545,0.73542,1,1
2,166.81,166.81,false,0.20006,0.83851,1,1
2,196.3,196.3,false,0.20508,0.95942,1,1
2,231.01,231.01,false,0.21053,1.1009,1,1
2,271.86,271.86,false,0.21645,1.2625,1,1
2,319.93,319.93,false,0.22314,1.4127,1,1
2,376.49,376.49,false,0.23064,1.5607,1,1
2,443.06,443.06,false,0.23883,1.7335,1,1
2,521.4,521.4,false,0.24774,1.9358,1,1
2,613.59,613.59,false,0.25741,2.1722,1,1
2,722.08,722.08,false,0.26788,2.4485,1,1
2,849.75,849.75,false,0.27897,2.6364,1,1
2,1000,1000,false,0.29117,2.8347,1,1
2.125,0.0001,0.0001,false,0.15155,5.7988e-7,1,1
2.125,0.00011768,0.00011768,false,0.15155,6.8241e-7,1,1
2.125,0.00013849,0.00013849,false,0.15155,8.0307e-7,1,1
2.125,0.00016298,0.00016298,false,0.15155,9.4506e-7,1,1
2.125,0.00019179,0.00019179,false,0.15155,0.0000011122,1,1
2.125,0.0002257,0.0002257,false,0.15155,0.0000013088,1,1
2.125,0.00026561,0.00026561,false,0.15155,0.0000015402,1,1
2.125,0.00031257,0.00031257,false,0.15155,0.0000018125,1,1
2.125,0.00036784,0.00036784,false,0.15155,0.000002133,1,1
2.125,0.00043288,0.00043288,false,0.15155,0.0000025101,1,1
2.125,0.00050941,0.00050941,false,0.15155,0.000002954,1,1
2.125,0.00059948,0.00059948,false,0.15155,0.0000034763,1,1
2.125,0.00070548,0.00070548,false,0.15155,0.0000040909,1,1
2.125,0.00083022,0.00083022,false,0.15155,0.0000048142,1,1
2.125,0.00097701,0.00097701,false,0.15155,0.0000056654,1,1
2.125,0.0011498,0.0011498,false,0.15155,0.0000066671,1,1
2.125,0.001353,0.001353,false,0.15155,0.0000078459,1,1
2.125,0.0015923,0.0015923,false,0.15156,0.0000092331,1,1
2.125,0.0018738,0.0018738,false,0.15156,0.000010866,1,1
2.125,0.0022051,0.0022051,false,0.15156,0.000012787,1,1
2.125,0.002595,0.002595,false,0.15156,0.000015047,1,1
2.125,0.0030539,0.0030539,false,0.15156,0.000017708,1,1
2.125,0.0035938,0.0035938,false,0.15156,0.000020839,1,1
2.125,0.0042292,0.0042292,false,0.15156,0.000024523,1,1
2.125,0.004977,0.004977,false,0.15156,0.000028859,1,1
2.125,0.005857,0.005857,false,0.15156,0.000033962,1,1
2.125,0.0068926,0.0068926,false,0.15156,0.000039966,1,1
2.125,0.0081113,0.0081113,false,0.15157,0.000047032,1,1
2.125,0.0095455,0.0095455,false,0.15157,0.000055347,1,1
2.125,0.011233,0.011233,false,0.15157,0.000065133,1,1
2.125,0.013219,0.013219,false,0.15157,0.000076648,1,1
2.125,0.015557,0.015557,false,0.15158,0.0000902,1,1
2.125,0.018307,0.018307,false,0.15158,0.00010614,1,1
2.125,0.021544,0.021544,false,0.15158,0.00012491,1,1
2.125,0.025354,0.025354,false,0.15159,0.00014699,1,1
2.125,0.029836,0.029836,false,0.1516,0.00017298,1,1
2.125,0.035112,0.035112,false,0.1516,0.00020356,1,1
2.125,0.04132,0.04132,false,0.15161,0.00023955,1,1
2.125,0.048626,0.048626,false,0.15162,0.00028187,1,1
2.125,0.057224,0.057224,false,0.15163,0.00033169,1,1
2.125,0.067342,0.067342,false,0.15165,0.00039031,1,1
2.125,0.079248,0.079248,false,0.15166,0.00045929,1,1
2.125,0.09326,0.09326,false,0.15168,0.00053849,1,1
2.125,0.10975,0.10975,false,0.1517,0.00063368,1,1
2.125,0.12915,0.12915,false,0.15172,0.0007456,1,1
2.125,0.15199,0.15199,false,0.15175,0.0008773,1,1
2.125,0.17886,0.17886,false,0.15178,0.0010323,1,1
2.125,0.21049,0.21049,false,0.15181,0.0012105,1,1
2.125,0.24771,0.24771,false,0.15185,0.0014244,1,1
2.125,0.29151,0.29151,false,0.1519,0.0016761,1,1
2.125,0.34305,0.34305,false,0.15196,0.0019653,1,1
2.125,0.4037,0.4037,false,0.15202,0.0023121,1,1
2.125,0.47508,0.47508,false,0.15209,0.0027203,1,1
2.125,0.55908,0.55908,false,0.15217,0.0031903,1,1
2.125,0.65793,0.65793,false,0.15226,0.0037539,1,1
2.125,0.77426,0.77426,false,0.15237,0.004403,1,1
2.125,0.91116,0.91116,false,0.15249,0.005179,1,1
2.125,1.0723,1.0723,false,0.15263,0.0060724,1,1
2.125,1.2619,1.2619,false,0.15278,0.0071427,1,1
2.125,1.485,1.485,false,0.15296,0.0083771,1,1
2.125,1.7475,1.7475,false,0.15316,0.0098259,1,1
2.125,2.0565,2.0565,false,0.15339,0.01156,1,1
2.125,2.4201,2.4201,false,0.15365,0.013553,1,1
2.125,2.848,2.848,false,0.15394,0.015884,1,1
2.125,3.3516,3.3516,false,0.15428,0.018622,1,1
2.125,3.9442,3.9442,false,0.15465,0.021836,1,1
2.125,4.6416,4.6416,false,0.15507,0.025609,1,1
2.125,5.4623,5.4623,false,0.15554,0.029957,1,1
2.125,6.4281,6.4281,false,0.15607,0.035113,1,1
2.125,7.5646,7.5646,false,0.15667,0.041102,1,1
2.125,8.9022,8.9022,false,0.15734,0.048017,1,1
2.125,10.476,10.476,false,0.15809,0.056124,1,1
2.125,12.328,12.328,false,0.15892,0.065624,1,1
2.125,14.508,14.508,false,0.15985,0.076756,1,1
2.125,17.074,17.074,false,0.16089,0.089693,1,1
2.125,20.092,20.092,false,0.16205,0.10444,1,1
2.125,23.645,23.645,false,0.16334,0.12146,1,1
2.125,27.826,27.826,false,0.16477,0.14141,1,1
2.125,32.745,32.745,false,0.16636,0.16476,1,1
2.125,38.535,38.535,false,0.16811,0.19209,1,1
2.125,45.349,45.349,false,0.17004,0.22336,1,1
2.125,53.367,53.367,false,0.17202,0.25747,1,1
2.125,62.803,62.803,false,0.17418,0.2975,1,1
2.125,73.907,73.907,false,0.17654,0.34444,1,1
2.125,86.975,86.975,false,0.1791,0.39867,1,1
2.125,102.35,102.35,false,0.18188,0.46122,1,1
2.125,120.45,120.45,false,0.18489,0.53402,1,1
2.125,141.75,141.75,false,0.18853,0.60702,1,1
2.125,166.81,166.81,false,0.19251,0.6919,1,1
2.125,196.3,196.3,false,0.19684,0.79039,1,1
2.125,231.01,231.01,false,0.20154,0.90575,1,1
2.125,271.86,271.86,false,0.20664,1.0391,1,1
2.125,319.93,319.93,false,0.21218,1.192,1,1
2.125,376.49,376.49,false,0.21863,1.3126,1,1
2.125,443.06,443.06,false,0.22565,1.4555,1,1
2.125,521.4,521.4,false,0.2333,1.6225,1,1
2.125,613.59,613.59,false,0.24158,1.818,1,1
2.125,722.08,722.08,false,0.25054,2.0437,1,1
2.125,849.75,849.75,false,0.26012,2.2679,1,1
2.125,1000,1000,false,0.27049,2.4346,1,1
2.25,0.0001,0.0001,false,0.15093,4.738e-7,1,1
2.25,0.00011768,0.00011768,false,0.15093,5.5757e-7,1,1
2.25,0.00013849,0.00013849,false,0.15093,6.5615e-7,1,1
2.25,0.00016298,0.00016298,false,0.15093,7.7217e-7,1,1
2.25,0.00019179,0.00019179,false,0.15093,9.087e-7,1,1
2.25,0.0002257,0.0002257,false,0.15093,0.0000010694,1,1
2.25,0.00026561,0.00026561,false,0.15093,0.0000012584,1,1
2.25,0.00031257,0.00031257,false,0.15093,0.0000014809,1,1
2.25,0.00036784,0.00036784,false,0.15093,0.0000017428,1,1
2.25,0.00043288,0.00043288,false,0.15093,0.0000020509,1,1
2.25,0.00050941,0.00050941,false,0.15094,0.0000024136,1,1
2.25,0.00059948,0.00059948,false,0.15094,0.0000028403,1,1
2.25,0.00070548,0.00070548,false,0.15094,0.0000033425,1,1
2.25,0.00083022,0.00083022,false,0.15094,0.0000039335,1,1
2.25,0.00097701,0.00097701,false,0.15094,0.000004629,1,1
2.25,0.0011498,0.0011498,false,0.15094,0.0000054474,1,1
2.25,0.001353,0.001353,false,0.15094,0.0000064106,1,1
2.25,0.0015923,0.0015923,false,0.15094,0.000007544,1,1
2.25,0.0018738,0.0018738,false,0.15094,0.0000088779,1,1
2.25,0.0022051,0.0022051,false,0.15094,0.000010448,1,1
2.25,0.002595,0.002595,false,0.15094,0.000012295,1,1
2.25,0.0030539,0.0030539,false,0.15094,0.000014468,1,1
2.25,0.0035938,0.0035938,false,0.15094,0.000017027,1,1
2.25,0.0042292,0.0042292,false,0.15094,0.000020037,1,1
2.25,0.004977,0.004977,false,0.15094,0.00002358,1,1
2.25,0.005857,0.005857,false,0.15094,0.000027749,1,1
2.25,0.0068926,0.0068926,false,0.15094,0.000032655,1,1
2.25,0.0081113,0.0081113,false,0.15094,0.000038428,1,1
2.25,0.0095455,0.0095455,false,0.15095,0.000045222,1,1
2.25,0.011233,0.011233,false,0.15095,0.000053218,1,1
2.25,0.013219,0.013219,false,0.15095,0.000062627,1,1
2.25,0.015557,0.015557,false,0.15095,0.000073699,1,1
2.25,0.018307,0.018307,false,0.15096,0.000086728,1,1
2.25,0.021544,0.021544,false,0.15096,0.00010206,1,1
2.25,0.025354,0.025354,false,0.15096,0.0001201,1,1
2.25,0.029836,0.029836,false,0.15097,0.00014134,1,1
2.25,0.035112,0.035112,false,0.15098,0.00016632,1,1
2.25,0.04132,0.04132,false,0.15098,0.00019573,1,1
2.25,0.048626,0.048626,false,0.15099,0.00023032,1,1
2.25,0.057224,0.057224,false,0.151,0.00027102,1,1
2.25,0.067342,0.067342,false,0.15101,0.00031892,1,1
2.25,0.079248,0.079248,false,0.15102,0.00037529,1,1
2.25,0.09326,0.09326,false,0.15104,0.00044162,1,1
2.25,0.10975,0.10975,false,0.15105,0.00051777,1,1
2.25,0.12915,0.12915,false,0.15107,0.00060926,1,1
2.25,0.15199,0.15199,false,0.15109,0.00071688,1,1
2.25,0.17886,0.17886,false,0.15112,0.00084351,1,1
2.25,0.21049,0.21049,false,0.15115,0.00099254,1,1
2.25,0.24771,0.24771,false,0.15118,0.0011639,1,1
2.25,0.29151,0.29151,false,0.15122,0.0013696,1,1
2.25,0.34305,0.34305,false,0.15127,0.0016115,1,1
2.25,0.4037,0.4037,false,0.15132,0.0018894,1,1
2.25,0.47508,0.47508,false,0.15138,0.002223,1,1
2.25,0.55908,0.55908,false,0.15145,0.0026155,1,1
2.25,0.65793,0.65793,false,0.15152,0.0030675,1,1
2.25,0.77426,0.77426,false,0.15161,0.0036094,1,1
2.25,0.91116,0.91116,false,0.15171,0.0042332,1,1
2.25,1.0723,1.0723,false,0.15183,0.0049785,1,1
2.25,1.2619,1.2619,false,0.15196,0.0058377,1,1
2.25,1.485,1.485,false,0.15211,0.0068669,1,1
2.25,1.7475,1.7475,false,0.15228,0.008054,1,1
2.25,2.0565,2.0565,false,0.15248,0.0094471,1,1
2.25,2.4201,2.4201,false,0.15269,0.011082,1,1
2.25,2.848,2.848,false,0.15294,0.013025,1,1
2.25,3.3516,3.3516,false,0.15323,0.015267,1,1
2.25,3.9442,3.9442,false,0.15354,0.0179,1,1
2.25,4.6416,4.6416,false,0.1539,0.020991,1,1
2.25,5.4623,5.4623,false,0.15431,0.024553,1,1
2.25,6.4281,6.4281,false,0.15476,0.028801,1,1
2.25,7.5646,7.5646,false,0.15527,0.033722,1,1
2.25,8.9022,8.9022,false,0.15585,0.039384,1,1
2.25,10.476,10.476,false,0.15649,0.046139,1,1
2.25,12.328,12.328,false,0.15721,0.053938,1,1
2.25,14.508,14.508,false,0.15801,0.063076,1,1
2.25,17.074,17.074,false,0.15891,0.073784,1,1
2.25,20.092,20.092,false,0.15991,0.085814,1,1
2.25,23.645,23.645,false,0.16103,0.099985,1,1
2.25,27.826,27.826,false,0.16227,0.11635,1,1
2.25,32.745,32.745,false,0.16364,0.13551,1,1
2.25,38.535,38.535,false,0.16517,0.15794,1,1
2.25,45.349,45.349,false,0.16686,0.18419,1,1
2.25,53.367,53.367,false,0.16863,0.21315,1,1
2.25,62.803,62.803,false,0.17051,0.24603,1,1
2.25,73.907,73.907,false,0.17255,0.2846,1,1
2.25,86.975,86.975,false,0.17478,0.32917,1,1
2.25,102.35,102.35,false,0.17719,0.38128,1,1
2.25,120.45,120.45,false,0.1798,0.44138,1,1
2.25,141.75,141.75,false,0.1828,0.5064,1,1
2.25,166.81,166.81,false,0.18625,0.5771,1,1
2.25,196.3,196.3,false,0.19002,0.65922,1,1
2.25,231.01,231.01,false,0.19411,0.75438,1,1
2.25,271.86,271.86,false,0.19855,0.86572,1,1
2.25,319.93,319.93,false,0.20335,0.99429,1,1
2.25,376.49,376.49,false,0.20875,1.1172,1,1
2.25,443.06,443.06,false,0.21484,1.235,1,1
2.25,521.4,521.4,false,0.22146,1.3746,1,1
2.25,613.59,613.59,false,0.22863,1.5359,1,1
2.25,722.08,722.08,false,0.23637,1.7245,1,1
2.25,849.75,849.75,false,0.24469,1.9467,1,1
2.25,1000,1000,false,0.25361,2.1091,1,1
2.375,0.0001,0.0001,false,0.15035,3.9139e-7,1,1
2.375,0.00011768,0.00011768,false,0.15035,4.606e-7,1,1
2.375,0.00013849,0.00013849,false,0.15035,5.4203e-7,1,1
2.375,0.00016298,0.00016298,false,0.15035,6.3787e-7,1,1
2.375,0.00019179,0.00019179,false,0.15035,7.5065e-7,1,1
2.375,0.0002257,0.0002257,false,0.15035,8.8338e-7,1,1
2.375,0.00026561,0.00026561,false,0.15035,0.0000010396,1,1
2.375,0.00031257,0.00031257,false,0.15035,0.0000012234,1,1
2.375,0.00036784,0.00036784,false,0.15035,0.0000014397,1,1
2.375,0.00043288,0.00043288,false,0.15035,0.0000016942,1,1
2.375,0.00050941,0.00050941,false,0.15035,0.0000019938,1,1
2.375,0.00059948,0.00059948,false,0.15035,0.0000023463,1,1
2.375,0.00070548,0.00070548,false,0.15035,0.0000027612,1,1
2.375,0.00083022,0.00083022,false,0.15035,0.0000032494,1,1
2.375,0.00097701,0.00097701,false,0.15035,0.0000038239,1,1
2.375,0.0011498,0.0011498,false,0.15035,0.0000045,1,1
2.375,0.001353,0.001353,false,0.15035,0.0000052956,1,1
2.375,0.0015923,0.0015923,false,0.15035,0.0000062319,1,1
2.375,0.0018738,0.0018738,false,0.15035,0.0000073338,1,1
2.375,0.0022051,0.0022051,false,0.15035,0.0000086305,1,1
2.375,0.002595,0.002595,false,0.15035,0.000010156,1,1
2.375,0.0030539,0.0030539,false,0.15035,0.000011952,1,1
2.375,0.0035938,0.0035938,false,0.15036,0.000014065,1,1
2.375,0.0042292,0.0042292,false,0.15036,0.000016552,1,1
2.375,0.004977,0.004977,false,0.15036,0.000019479,1,1
2.375,0.005857,0.005857,false,0.15036,0.000022923,1,1
2.375,0.0068926,0.0068926,false,0.15036,0.000026976,1,1
2.375,0.0081113,0.0081113,false,0.15036,0.000031745,1,1
2.375,0.0095455,0.0095455,false,0.15036,0.000037357,1,1
2.375,0.011233,0.011233,false,0.15036,0.000043962,1,1
2.375,0.013219,0.013219,false,0.15036,0.000051735,1,1
2.375,0.015557,0.015557,false,0.15037,0.000060882,1,1
2.375,0.018307,0.018307,false,0.15037,0.000071645,1,1
2.375,0.021544,0.021544,false,0.15037,0.000084311,1,1
2.375,0.025354,0.025354,false,0.15038,0.000099216,1,1
2.375,0.029836,0.029836,false,0.15038,0.00011676,1,1
2.375,0.035112,0.035112,false,0.15039,0.0001374,1,1
2.375,0.04132,0.04132,false,0.15039,0.00016169,1,1
2.375,0.048626,0.048626,false,0.1504,0.00019027,1,1
2.375,0.057224,0.057224,false,0.15041,0.0002239,1,1
2.375,0.067342,0.067342,false,0.15041,0.00026347,1,1
2.375,0.079248,0.079248,false,0.15042,0.00031003,1,1
2.375,0.09326,0.09326,false,0.15044,0.00036483,1,1
2.375,0.10975,0.10975,false,0.15045,0.00042772,1,1
2.375,0.12915,0.12915,false,0.15047,0.00050334,1,1
2.375,0.15199,0.15199,false,0.15048,0.00059225,1,1
2.375,0.17886,0.17886,false,0.15051,0.00069687,1,1
2.375,0.21049,0.21049,false,0.15053,0.00081998,1,1
2.375,0.24771,0.24771,false,0.15056,0.00096149,1,1
2.375,0.29151,0.29151,false,0.15059,0.0011314,1,1
2.375,0.34305,0.34305,false,0.15063,0.0013314,1,1
2.375,0.4037,0.4037,false,0.15067,0.0015664,1,1
2.375,0.47508,0.47508,false,0.15072,0.0018366,1,1
2.375,0.55908,0.55908,false,0.15078,0.0021609,1,1
2.375,0.65793,0.65793,false,0.15084,0.0025425,1,1
2.375,0.77426,0.77426,false,0.15092,0.0029819,1,1
2.375,0.91116,0.91116,false,0.15101,0.0035087,1,1
2.375,1.0723,1.0723,false,0.1511,0.004114,1,1
2.375,1.2619,1.2619,false,0.15122,0.0048386,1,1
2.375,1.485,1.485,false,0.15134,0.0056741,1,1
2.375,1.7475,1.7475,false,0.15149,0.0066546,1,1
2.375,2.0565,2.0565,false,0.15165,0.0078289,1,1
2.375,2.4201,2.4201,false,0.15184,0.0091832,1,1
2.375,2.848,2.848,false,0.15205,0.010767,1,1
2.375,3.3516,3.3516,false,0.15229,0.012619,1,1
2.375,3.9442,3.9442,false,0.15257,0.014794,1,1
2.375,4.6416,4.6416,false,0.15288,0.017348,1,1
2.375,5.4623,5.4623,false,0.15322,0.020346,1,1
2.375,6.4281,6.4281,false,0.15361,0.023865,1,1
2.375,7.5646,7.5646,false,0.15405,0.027973,1,1
2.375,8.9022,8.9022,false,0.15455,0.032661,1,1
2.375,10.476,10.476,false,0.15511,0.038255,1,1
2.375,12.328,12.328,false,0.15573,0.044712,1,1
2.375,14.508,14.508,false,0.15643,0.05228,1,1
2.375,17.074,17.074,false,0.1572,0.061147,1,1
2.375,20.092,20.092,false,0.15807,0.071464,1,1
2.375,23.645,23.645,false,0.15905,0.08322,1,1
2.375,27.826,27.826,false,0.16013,0.096794,1,1
2.375,32.745,32.745,false,0.16133,0.11269,1,1
2.375,38.535,38.535,false,0.16267,0.1313,1,1
2.375,45.349,45.349,false,0.16415,0.15308,1,1
2.375,53.367,53.367,false,0.16577,0.17844,1,1
2.375,62.803,62.803,false,0.16741,0.20574,1,1
2.375,73.907,73.907,false,0.16919,0.23777,1,1
2.375,86.975,86.975,false,0.17113,0.27479,1,1
2.375,102.35,102.35,false,0.17324,0.31809,1,1
2.375,120.45,120.45,false,0.17552,0.36871,1,1
2.375,141.75,141.75,false,0.17798,0.42706,1,1
2.375,166.81,166.81,false,0.18101,0.48586,1,1
2.375,196.3,196.3,false,0.18431,0.55409,1,1
2.375,231.01,231.01,false,0.1879,0.63423,1,1
2.375,271.86,271.86,false,0.19179,0.72699,1,1
2.375,319.93,319.93,false,0.19599,0.83542,1,1
2.375,376.49,376.49,false,0.20053,0.95807,1,1
2.375,443.06,443.06,false,0.20585,1.0576,1,1
2.375,521.4,521.4,false,0.21163,1.1738,1,1
2.375,613.59,613.59,false,0.21789,1.3098,1,1
2.375,722.08,722.08,false,0.22464,1.4708,1,1
2.375,849.75,849.75,false,0.23189,1.6567,1,1
2.375,1000,1000,false,0.23965,1.8399,1,1
2.5,0.0001,0.0001,false,0.1498,3.2652e-7,1,1
2.5,0.00011768,0.00011768,false,0.1498,3.8425e-7,1,1
2.5,0.00013849,0.00013849,false,0.1498,4.5219e-7,1,1
2.5,0.00016298,0.00016298,false,0.1498,5.3214e-7,1,1
2.5,0.00019179,0.00019179,false,0.1498,6.2623e-7,1,1
2.5,0.0002257,0.0002257,false,0.1498,7.3696e-7,1,1
2.5,0.00026561,0.00026561,false,0.1498,8.6726e-7,1,1
2.5,0.00031257,0.00031257,false,0.1498,0.0000010206,1,1
2.5,0.00036784,0.00036784,false,0.1498,0.0000012011,1,1
2.5,0.00043288,0.00043288,false,0.1498,0.0000014134,1,1
2.5,0.00050941,0.00050941,false,0.1498,0.0000016633,1,1
2.5,0.00059948,0.00059948,false,0.1498,0.0000019574,1,1
2.5,0.00070548,0.00070548,false,0.1498,0.0000023035,1,1
2.5,0.00083022,0.00083022,false,0.1498,0.0000027108,1,1
2.5,0.00097701,0.00097701,false,0.1498,0.0000031901,1,1
2.5,0.0011498,0.0011498,false,0.1498,0.0000037541,1,1
2.5,0.001353,0.001353,false,0.1498,0.0000044179,1,1
2.5,0.0015923,0.0015923,false,0.1498,0.000005199,1,1
2.5,0.0018738,0.0018738,false,0.1498,0.0000061182,1,1
2.5,0.0022051,0.0022051,false,0.1498,0.0000072,1,1
2.5,0.002595,0.002595,false,0.1498,0.000008473,1,1
2.5,0.0030539,0.0030539,false,0.1498,0.0000099711,1,1
2.5,0.0035938,0.0035938,false,0.1498,0.000011734,1,1
2.5,0.0042292,0.0042292,false,0.1498,0.000013809,1,1
2.5,0.004977,0.004977,false,0.1498,0.00001625,1,1
2.5,0.005857,0.005857,false,0.1498,0.000019123,1,1
2.5,0.0068926,0.0068926,false,0.14981,0.000022504,1,1
2.5,0.0081113,0.0081113,false,0.14981,0.000026483,1,1
2.5,0.0095455,0.0095455,false,0.14981,0.000031165,1,1
2.5,0.011233,0.011233,false,0.14981,0.000036676,1,1
2.5,0.013219,0.013219,false,0.14981,0.00004316,1,1
2.5,0.015557,0.015557,false,0.14981,0.000050791,1,1
2.5,0.018307,0.018307,false,0.14981,0.000059771,1,1
2.5,0.021544,0.021544,false,0.14982,0.000070337,1,1
2.5,0.025354,0.025354,false,0.14982,0.000082772,1,1
2.5,0.029836,0.029836,false,0.14982,0.000097405,1,1
2.5,0.035112,0.035112,false,0.14983,0.00011463,1,1
2.5,0.04132,0.04132,false,0.14983,0.00013489,1,1
2.5,0.048626,0.048626,false,0.14984,0.00015874,1,1
2.5,0.057224,0.057224,false,0.14984,0.0001868,1,1
2.5,0.067342,0.067342,false,0.14985,0.00021981,1,1
2.5,0.079248,0.079248,false,0.14986,0.00025866,1,1
2.5,0.09326,0.09326,false,0.14987,0.00030437,1,1
2.5,0.10975,0.10975,false,0.14988,0.00035817,1,1
2.5,0.12915,0.12915,false,0.1499,0.00041992,1,1
2.5,0.15199,0.15199,false,0.14991,0.00049412,1,1
2.5,0.17886,0.17886,false,0.14993,0.00058141,1,1
2.5,0.21049,0.21049,false,0.14995,0.00068412,1,1
2.5,0.24771,0.24771,false,0.14997,0.000805,1,1
2.5,0.29151,0.29151,false,0.15,0.00094393,1,1
2.5,0.34305,0.34305,false,0.15003,0.0011108,1,1
2.5,0.4037,0.4037,false,0.15007,0.001307,1,1
2.5,0.47508,0.47508,false,0.15011,0.0015324,1,1
2.5,0.55908,0.55908,false,0.15016,0.0018029,1,1
2.5,0.65793,0.65793,false,0.15022,0.0021213,1,1
2.5,0.77426,0.77426,false,0.15028,0.0024878,1,1
2.5,0.91116,0.91116,false,0.15035,0.0029273,1,1
2.5,1.0723,1.0723,false,0.15044,0.0034332,1,1
2.5,1.2619,1.2619,false,0.15053,0.0040379,1,1
2.5,1.485,1.485,false,0.15064,0.0047347,1,1
2.5,1.7475,1.7475,false,0.15077,0.0055697,1,1
2.5,2.0565,2.0565,false,0.15091,0.0065324,1,1
2.5,2.4201,2.4201,false,0.15107,0.0076623,1,1
2.5,2.848,2.848,false,0.15125,0.0090151,1,1
2.5,3.3516,3.3516,false,0.15146,0.010564,1,1
2.5,3.9442,3.9442,false,0.15169,0.012383,1,1
2.5,4.6416,4.6416,false,0.15196,0.014519,1,1
2.5,5.4623,5.4623,false,0.15226,0.017027,1,1
2.5,6.4281,6.4281,false,0.1526,0.019971,1,1
2.5,7.5646,7.5646,false,0.15298,0.023362,1,1
2.5,8.9022,8.9022,false,0.15341,0.027354,1,1
2.5,10.476,10.476,false,0.1539,0.032033,1,1
2.5,12.328,12.328,false,0.15444,0.037433,1,1
2.5,14.508,14.508,false,0.15505,0.043761,1,1
2.5,17.074,17.074,false,0.15573,0.051176,1,1
2.5,20.092,20.092,false,0.15649,0.059864,1,1
2.5,23.645,23.645,false,0.15734,0.069791,1,1
2.5,27.826,27.826,false,0.15829,0.081328,1,1
2.5,32.745,32.745,false,0.15935,0.094646,1,1
2.5,38.535,38.535,false,0.16052,0.11024,1,1
2.5,45.349,45.349,false,0.16182,0.12849,1,1
2.5,53.367,53.367,false,0.16327,0.14985,1,1
2.5,62.803,62.803,false,0.16476,0.1734,1,1
2.5,73.907,73.907,false,0.16633,0.20022,1,1
2.5,86.975,86.975,false,0.16803,0.23167,1,1
2.5,102.35,102.35,false,0.16988,0.26853,1,1
2.5,120.45,120.45,false,0.17189,0.31049,1,1
2.5,141.75,141.75,false,0.17405,0.36013,1,1
2.5,166.81,166.81,false,0.17657,0.41312,1,1
2.5,196.3,196.3,false,0.17948,0.47114,1,1
2.5,231.01,231.01,false,0.18264,0.5385,1,1
2.5,271.86,271.86,false,0.18607,0.61652,1,1
2.5,319.93,319.93,false,0.18978,0.70776,1,1
2.5,376.49,376.49,false,0.19377,0.81306,1,1
2.5,443.06,443.06,false,0.19829,0.91445,1,1
2.5,521.4,521.4,false,0.20337,1.0121,1,1
2.5,613.59,613.59,false,0.20888,1.1278,1,1
2.5,722.08,722.08,false,0.21481,1.2632,1,1
2.5,849.75,849.75,false,0.22118,1.4217,1,1
2.5,1000,1000,false,0.22797,1.6044,1,1
2.625,0.0001,0.0001,false,0.14928,2.7483e-7,1,1
2.625,0.00011768,0.00011768,false,0.14928,3.2342e-7,1,1
2.625,0.00013849,0.00013849,false,0.14928,3.8061e-7,1,1
2.625,0.00016298,0.00016298,false,0.14928,4.479e-7,1,1
2.625,0.00019179,0.00019179,false,0.14928,5.271e-7,1,1
2.625,0.0002257,0.0002257,false,0.14928,6.2029e-7,1,1
2.625,0.00026561,0.00026561,false,0.14928,7.2997e-7,1,1
2.625,0.00031257,0.00031257,false,0.14928,8.5903e-7,1,1
2.625,0.00036784,0.00036784,false,0.14928,0.0000010109,1,1
2.625,0.00043288,0.00043288,false,0.14928,0.0000011897,1,1
2.625,0.00050941,0.00050941,false,0.14928,0.0000014,1,1
2.625,0.00059948,0.00059948,false,0.14928,0.0000016475,1,1
2.625,0.00070548,0.00070548,false,0.14928,0.0000019388,1,1
2.625,0.00083022,0.00083022,false,0.14928,0.0000022816,1,1
2.625,0.00097701,0.00097701,false,0.14928,0.0000026851,1,1
2.625,0.0011498,0.0011498,false,0.14928,0.0000031598,1,1
2.625,0.001353,0.001353,false,0.14928,0.0000037185,1,1
2.625,0.0015923,0.0015923,false,0.14928,0.000004376,1,1
2.625,0.0018738,0.0018738,false,0.14928,0.0000051497,1,1
2.625,0.0022051,0.0022051,false,0.14928,0.0000060602,1,1
2.625,0.002595,0.002595,false,0.14928,0.0000071317,1,1
2.625,0.0030539,0.0030539,false,0.14928,0.0000083926,1,1
2.625,0.0035938,0.0035938,false,0.14928,0.0000098765,1,1
2.625,0.0042292,0.0042292,false,0.14928,0.000011623,1,1
2.625,0.004977,0.004977,false,0.14928,0.000013678,1,1
2.625,0.005857,0.005857,false,0.14928,0.000016096,1,1
2.625,0.0068926,0.0068926,false,0.14928,0.000018942,1,1
2.625,0.0081113,0.0081113,false,0.14928,0.000022291,1,1
2.625,0.0095455,0.0095455,false,0.14928,0.000026232,1,1
2.625,0.011233,0.011233,false,0.14928,0.00003087,1,1
2.625,0.013219,0.013219,false,0.14929,0.000036328,1,1
2.625,0.015557,0.015557,false,0.14929,0.00004275,1,1
2.625,0.018307,0.018307,false,0.14929,0.000050309,1,1
2.625,0.021544,0.021544,false,0.14929,0.000059203,1,1
2.625,0.025354,0.025354,false,0.14929,0.00006967,1,1
2.625,0.029836,0.029836,false,0.1493,0.000081986,1,1
2.625,0.035112,0.035112,false,0.1493,0.00009648,1,1
2.625,0.04132,0.04132,false,0.1493,0.00011354,1,1
2.625,0.048626,0.048626,false,0.14931,0.00013361,1,1
2.625,0.057224,0.057224,false,0.14931,0.00015723,1,1
2.625,0.067342,0.067342,false,0.14932,0.00018502,1,1
2.625,0.079248,0.079248,false,0.14933,0.00021772,1,1
2.625,0.09326,0.09326,false,0.14934,0.0002562,1,1
2.625,0.10975,0.10975,false,0.14935,0.00030148,1,1
2.625,0.12915,0.12915,false,0.14936,0.00035478,1,1
2.625,0.15199,0.15199,false,0.14937,0.00041593,1,1
2.625,0.17886,0.17886,false,0.14939,0.0004894,1,1
2.625,0.21049,0.21049,false,0.1494,0.00057586,1,1
2.625,0.24771,0.24771,false,0.14942,0.00067761,1,1
2.625,0.29151,0.29151,false,0.14945,0.00079735,1,1
2.625,0.34305,0.34305,false,0.14947,0.00093496,1,1
2.625,0.4037,0.4037,false,0.14951,0.0011002,1,1
2.625,0.47508,0.47508,false,0.14954,0.0012944,1,1
2.625,0.55908,0.55908,false,0.14958,0.0015177,1,1
2.625,0.65793,0.65793,false,0.14963,0.0017857,1,1
2.625,0.77426,0.77426,false,0.14969,0.0021011,1,1
2.625,0.91116,0.91116,false,0.14975,0.0024641,1,1
2.625,1.0723,1.0723,false,0.14982,0.0028995,1,1
2.625,1.2619,1.2619,false,0.1499,0.0033996,1,1
2.625,1.485,1.485,false,0.15,0.0039986,1,1
2.625,1.7475,1.7475,false,0.1501,0.004689,1,1
2.625,2.0565,2.0565,false,0.15023,0.0055161,1,1
2.625,2.4201,2.4201,false,0.15036,0.0064698,1,1
2.625,2.848,2.848,false,0.15052,0.007589,1,1
2.625,3.3516,3.3516,false,0.1507,0.0088972,1,1
2.625,3.9442,3.9442,false,0.15091,0.010428,1,1
2.625,4.6416,4.6416,false,0.15114,0.012261,1,1
2.625,5.4623,5.4623,false,0.1514,0.014377,1,1
2.625,6.4281,6.4281,false,0.15169,0.016815,1,1
2.625,7.5646,7.5646,false,0.15203,0.019723,1,1
2.625,8.9022,8.9022,false,0.1524,0.023116,1,1
2.625,10.476,10.476,false,0.15283,0.027063,1,1
2.625,12.328,12.328,false,0.1533,0.031619,1,1
2.625,14.508,14.508,false,0.15384,0.036958,1,1
2.625,17.074,17.074,false,0.15443,0.043323,1,1
2.625,20.092,20.092,false,0.1551,0.05067,1,1
2.625,23.645,23.645,false,0.15585,0.059052,1,1
2.625,27.826,27.826,false,0.15669,0.068785,1,1
2.625,32.745,32.745,false,0.15762,0.080205,1,1
2.625,38.535,38.535,false,0.15866,0.093386,1,1
2.625,45.349,45.349,false,0.15981,0.10882,1,1
2.625,53.367,53.367,false,0.16109,0.12687,1,1
2.625,62.803,62.803,false,0.16248,0.14745,1,1
2.625,73.907,73.907,false,0.16386,0.17046,1,1
2.625,86.975,86.975,false,0.16537,0.19708,1,1
2.625,102.35,102.35,false,0.167,0.22783,1,1
2.625,120.45,120.45,false,0.16877,0.26431,1,1
2.625,141.75,141.75,false,0.17069,0.30583,1,1
2.625,166.81,166.81,false,0.17277,0.35444,1,1
2.625,196.3,196.3,false,0.17535,0.40354,1,1
2.625,231.01,231.01,false,0.17815,0.46056,1,1
2.625,271.86,271.86,false,0.1812,0.5275,1,1
2.625,319.93,319.93,false,0.18448,0.60495,1,1
2.625,376.49,376.49,false,0.18803,0.69544,1,1
2.625,443.06,443.06,false,0.19187,0.79635,1,1
2.625,521.4,521.4,false,0.19637,0.88029,1,1
2.625,613.59,613.59,false,0.20124,0.97833,1,1
2.625,722.08,722.08,false,0.20649,1.0931,1,1
2.625,849.75,849.75,false,0.21212,1.2291,1,1
2.625,1000,1000,false,0.21812,1.3862,1,1
2.75,0.0001,0.0001,false,0.14878,2.3319e-7,1,1
2.75,0.00011768,0.00011768,false,0.14878,2.7442e-7,1,1
2.75,0.00013849,0.00013849,false,0.14878,3.2294e-7,1,1
2.75,0.00016298,0.00016298,false,0.14878,3.8004e-7,1,1
2.75,0.00019179,0.00019179,false,0.14878,4.4724e-7,1,1
2.75,0.0002257,0.0002257,false,0.14878,5.2632e-7,1,1
2.75,0.00026561,0.00026561,false,0.14878,6.1938e-7,1,1
2.75,0.00031257,0.00031257,false,0.14878,7.2889e-7,1,1
2.75,0.00036784,0.00036784,false,0.14878,8.5777e-7,1,1
2.75,0.00043288,0.00043288,false,0.14878,0.0000010094,1,1
2.75,0.00050941,0.00050941,false,0.14878,0.0000011879,1,1
2.75,0.00059948,0.00059948,false,0.14878,0.0000013979,1,1
2.75,0.00070548,0.00070548,false,0.14878,0.0000016451,1,1
2.75,0.00083022,0.00083022,false,0.14878,0.000001936,1,1
2.75,0.00097701,0.00097701,false,0.14878,0.0000022783,1,1
2.75,0.0011498,0.0011498,false,0.14878,0.0000026811,1,1
2.75,0.001353,0.001353,false,0.14878,0.0000031551,1,1
2.75,0.0015923,0.0015923,false,0.14878,0.000003713,1,1
2.75,0.0018738,0.0018738,false,0.14878,0.0000043695,1,1
2.75,0.0022051,0.0022051,false,0.14878,0.0000051421,1,1
2.75,0.002595,0.002595,false,0.14878,0.0000060512,1,1
2.75,0.0030539,0.0030539,false,0.14878,0.0000071212,1,1
2.75,0.0035938,0.0035938,false,0.14878,0.0000083802,1,1
2.75,0.0042292,0.0042292,false,0.14878,0.0000098619,1,1
2.75,0.004977,0.004977,false,0.14878,0.000011606,1,1
2.75,0.005857,0.005857,false,0.14878,0.000013657,1,1
2.75,0.0068926,0.0068926,false,0.14878,0.000016072,1,1
2.75,0.0081113,0.0081113,false,0.14878,0.000018914,1,1
2.75,0.0095455,0.0095455,false,0.14878,0.000022258,1,1
2.75,0.011233,0.011233,false,0.14879,0.000026193,1,1
2.75,0.013219,0.013219,false,0.14879,0.000030824,1,1
2.75,0.015557,0.015557,false,0.14879,0.000036274,1,1
2.75,0.018307,0.018307,false,0.14879,0.000042687,1,1
2.75,0.021544,0.021544,false,0.14879,0.000050235,1,1
2.75,0.025354,0.025354,false,0.14879,0.000059115,1,1
2.75,0.029836,0.029836,false,0.1488,0.000069566,1,1
2.75,0.035112,0.035112,false,0.1488,0.000081865,1,1
2.75,0.04132,0.04132,false,0.1488,0.000096338,1,1
2.75,0.048626,0.048626,false,0.14881,0.00011337,1,1
2.75,0.057224,0.057224,false,0.14881,0.00013341,1,1
2.75,0.067342,0.067342,false,0.14882,0.00015699,1,1
2.75,0.079248,0.079248,false,0.14882,0.00018474,1,1
2.75,0.09326,0.09326,false,0.14883,0.00021739,1,1
2.75,0.10975,0.10975,false,0.14884,0.00025582,1,1
2.75,0.12915,0.12915,false,0.14885,0.00030104,1,1
2.75,0.15199,0.15199,false,0.14886,0.00035292,1,1
2.75,0.17886,0.17886,false,0.14887,0.00041529,1,1
2.75,0.21049,0.21049,false,0.14889,0.00048865,1,1
2.75,0.24771,0.24771,false,0.1489,0.00057499,1,1
2.75,0.29151,0.29151,false,0.14892,0.00067659,1,1
2.75,0.34305,0.34305,false,0.14895,0.00079334,1,1
2.75,0.4037,0.4037,false,0.14897,0.00093356,1,1
2.75,0.47508,0.47508,false,0.14901,0.0010984,1,1
2.75,0.55908,0.55908,false,0.14904,0.0012923,1,1
2.75,0.65793,0.65793,false,0.14908,0.0015153,1,1
2.75,0.77426,0.77426,false,0.14913,0.0017829,1,1
2.75,0.91116,0.91116,false,0.14918,0.0020909,1,1
2.75,1.0723,1.0723,false,0.14925,0.0024604,1,1
2.75,1.2619,1.2619,false,0.14932,0.0028947,1,1
2.75,1.485,1.485,false,0.1494,0.0033936,1,1
2.75,1.7475,1.7475,false,0.14949,0.0039794,1,1
2.75,2.0565,2.0565,false,0.1496,0.0046813,1,1
2.75,2.4201,2.4201,false,0.14972,0.0054904,1,1
2.75,2.848,2.848,false,0.14986,0.0064596,1,1
2.75,3.3516,3.3516,false,0.15001,0.0075763,1,1
2.75,3.9442,3.9442,false,0.15019,0.0088787,1,1
2.75,4.6416,4.6416,false,0.15039,0.010408,1,1
2.75,5.4623,5.4623,false,0.15062,0.012204,1,1
2.75,6.4281,6.4281,false,0.15088,0.014312,1,1
2.75,7.5646,7.5646,false,0.15117,0.016786,1,1
2.75,8.9022,8.9022,false,0.1515,0.019691,1,1
2.75,10.476,10.476,false,0.15187,0.022989,1,1
2.75,12.328,12.328,false,0.15229,0.026924,1,1
2.75,14.508,14.508,false,0.15276,0.031465,1,1
2.75,17.074,17.074,false,0.15329,0.03688,1,1
2.75,20.092,20.092,false,0.15388,0.04313,1,1
2.75,23.645,23.645,false,0.15454,0.050452,1,1
2.75,27.826,27.826,false,0.15528,0.058789,1,1
2.75,32.745,32.745,false,0.15611,0.06836,1,1
2.75,38.535,38.535,false,0.15703,0.079754,1,1
2.75,45.349,45.349,false,0.15806,0.092903,1,1
2.75,53.367,53.367,false,0.1592,0.10829,1,1
2.75,62.803,62.803,false,0.16046,0.12602,1,1
2.75,73.907,73.907,false,0.16173,0.14601,1,1
2.75,86.975,86.975,false,0.16306,0.16868,1,1
2.75,102.35,102.35,false,0.16451,0.19525,1,1
2.75,120.45,120.45,false,0.16608,0.22594,1,1
2.75,141.75,141.75,false,0.16778,0.26182,1,1
2.75,166.81,166.81,false,0.16961,0.30374,1,1
2.75,196.3,196.3,false,0.17179,0.34782,1,1
2.75,231.01,231.01,false,0.17429,0.3971,1,1
2.75,271.86,271.86,false,0.177,0.45425,1,1
2.75,319.93,319.93,false,0.17993,0.52126,1,1
2.75,376.49,376.49,false,0.18309,0.5987,1,1
2.75,443.06,443.06,false,0.18648,0.68802,1,1
2.75,521.4,521.4,false,0.19037,0.76945,1,1
2.75,613.59,613.59,false,0.19471,0.85425,1,1
2.75,722.08,722.08,false,0.19938,0.95343,1,1
2.75,849.75,849.75,false,0.20438,1.0696,1,1
2.75,1000,1000,false,0.20972,1.2056,1,1
3,0.0001,0.0001,false,0.14785,1.7152e-7,1,1
3,0.00011768,0.00011768,false,0.14785,2.0184e-7,1,1
3,0.00013849,0.00013849,false,0.14785,2.3753e-7,1,1
3,0.00016298,0.00016298,false,0.14785,2.7953e-7,1,1
3,0.00019179,0.00019179,false,0.14785,3.2895e-7,1,1
3,0.0002257,0.0002257,false,0.14785,3.8711e-7,1,1
3,0.00026561,0.00026561,false,0.14785,4.5556e-7,1,1
3,0.00031257,0.00031257,false,0.14785,5.3611e-7,1,1
3,0.00036784,0.00036784,false,0.14785,6.309e-7,1,1
3,0.00043288,0.00043288,false,0.14785,7.4245e-7,1,1
3,0.00050941,0.00050941,false,0.14785,8.7372e-7,1,1
3,0.00059948,0.00059948,false,0.14785,0.0000010282,1,1
3,0.00070548,0.00070548,false,0.14785,0.00000121,1,1
3,0.00083022,0.00083022,false,0.14785,0.0000014239,1,1
3,0.00097701,0.00097701,false,0.14785,0.0000016757,1,1
3,0.0011498,0.0011498,false,0.14785,0.000001972,1,1
3,0.001353,0.001353,false,0.14785,0.0000023207,1,1
3,0.0015923,0.0015923,false,0.14785,0.000002731,1,1
3,0.0018738,0.0018738,false,0.14785,0.0000032138,1,1
3,0.0022051,0.0022051,false,0.14785,0.0000037821,1,1
3,0.002595,0.002595,false,0.14785,0.0000044508,1,1
3,0.0030539,0.0030539,false,0.14785,0.0000052377,1,1
3,0.0035938,0.0035938,false,0.14785,0.0000061638,1,1
3,0.0042292,0.0042292,false,0.14785,0.0000072536,1,1
3,0.004977,0.004977,false,0.14785,0.0000085361,1,1
3,0.005857,0.005857,false,0.14785,0.000010045,1,1
3,0.0068926,0.0068926,false,0.14785,0.000011821,1,1
3,0.0081113,0.0081113,false,0.14785,0.000013912,1,1
3,0.0095455,0.0095455,false,0.14786,0.000016371,1,1
3,0.011233,0.011233,false,0.14786,0.000019266,1,1
3,0.013219,0.013219,false,0.14786,0.000022672,1,1
3,0.015557,0.015557,false,0.14786,0.00002668,1,1
3,0.018307,0.018307,false,0.14786,0.000031397,1,1
3,0.021544,0.021544,false,0.14786,0.000036949,1,1
3,0.025354,0.025354,false,0.14786,0.000043481,1,1
3,0.029836,0.029836,false,0.14786,0.000051168,1,1
3,0.035112,0.035112,false,0.14787,0.000060214,1,1
3,0.04132,0.04132,false,0.14787,0.000070859,1,1
3,0.048626,0.048626,false,0.14787,0.000083387,1,1
3,0.057224,0.057224,false,0.14787,0.000098129,1,1
3,0.067342,0.067342,false,0.14788,0.00011548,1,1
3,0.079248,0.079248,false,0.14788,0.00013589,1,1
3,0.09326,0.09326,false,0.14789,0.00015991,1,1
3,0.10975,0.10975,false,0.1479,0.00018817,1,1
3,0.12915,0.12915,false,0.1479,0.00022143,1,1
3,0.15199,0.15199,false,0.14791,0.00026057,1,1
3,0.17886,0.17886,false,0.14792,0.00030548,1,1
3,0.21049,0.21049,false,0.14793,0.00035945,1,1
3,0.24771,0.24771,false,0.14794,0.00042296,1,1
3,0.29151,0.29151,false,0.14796,0.00049769,1,1
3,0.34305,0.34305,false,0.14798,0.00058564,1,1
3,0.4037,0.4037,false,0.148,0.00068669,1,1
3,0.47508,0.47508,false,0.14802,0.00080806,1,1
3,0.55908,0.55908,false,0.14805,0.00095075,1,1
3,0.65793,0.65793,false,0.14808,0.0011185,1,1
3,0.77426,0.77426,false,0.14811,0.0013116,1,1
3,0.91116,0.91116,false,0.14815,0.0015433,1,1
3,1.0723,1.0723,false,0.1482,0.0018099,1,1
3,1.2619,1.2619,false,0.14826,0.0021296,1,1
3,1.485,1.485,false,0.14832,0.0025053,1,1
3,1.7475,1.7475,false,0.14839,0.0029373,1,1
3,2.0565,2.0565,false,0.14847,0.0034552,1,1
3,2.4201,2.4201,false,0.14856,0.004052,1,1
3,2.848,2.848,false,0.14867,0.0047524,1,1
3,3.3516,3.3516,false,0.14879,0.0055914,1,1
3,3.9442,3.9442,false,0.14892,0.0065566,1,1
3,4.6416,4.6416,false,0.14908,0.0076844,1,1
3,5.4623,5.4623,false,0.14926,0.0090087,1,1
3,6.4281,6.4281,false,0.14946,0.010563,1,1
3,7.5646,7.5646,false,0.14969,0.012388,1,1
3,8.9022,8.9022,false,0.14994,0.014531,1,1
3,10.476,10.476,false,0.15023,0.017039,1,1
3,12.328,12.328,false,0.15056,0.019894,1,1
3,14.508,14.508,false,0.15093,0.023303,1,1
3,17.074,17.074,false,0.15135,0.027235,1,1
3,20.092,20.092,false,0.15182,0.031925,1,1
3,23.645,23.645,false,0.15234,0.037337,1,1
3,27.826,27.826,false,0.15293,0.043669,1,1
3,32.745,32.745,false,0.15359,0.050859,1,1
3,38.535,38.535,false,0.15432,0.059156,1,1
3,45.349,45.349,false,0.15514,0.069032,1,1
3,53.367,53.367,false,0.15606,0.080427,1,1
3,62.803,62.803,false,0.15707,0.093763,1,1
3,73.907,73.907,false,0.1582,0.10936,1,1
3,86.975,86.975,false,0.15927,0.12625,1,1
3,102.35,102.35,false,0.16042,0.14594,1,1
3,120.45,120.45,false,0.16167,0.16903,1,1
3,141.75,141.75,false,0.16303,0.19606,1,1
3,166.81,166.81,false,0.16448,0.22726,1,1
3,196.3,196.3,false,0.16605,0.26319,1,1
3,231.01,231.01,false,0.168,0.30111,1,1
3,271.86,271.86,false,0.17019,0.34358,1,1
3,319.93,319.93,false,0.17255,0.39409,1,1
3,376.49,376.49,false,0.17509,0.45184,1,1
3,443.06,443.06,false,0.17782,0.5193,1,1
3,521.4,521.4,false,0.18074,0.59801,1,1
3,613.59,613.59,false,0.18418,0.66447,1,1
3,722.08,722.08,false,0.18793,0.73936,1,1
3,849.75,849.75,false,0.19195,0.82693,1,1
3,1000,1000,false,0.19623,0.92938,1,1
3.5,0.0001,0.0001,false,0.14622,9.9561e-8,1,1
3.5,0.00011768,0.00011768,false,0.14622,1.1716e-7,1,1
3.5,0.00013849,0.00013849,false,0.14622,1.3788e-7,1,1
3.5,0.00016298,0.00016298,false,0.14622,1.6226e-7,1,1
3.5,0.00019179,0.00019179,false,0.14622,1.9095e-7,1,1
3.5,0.0002257,0.0002257,false,0.14622,2.2471e-7,1,1
3.5,0.00026561,0.00026561,false,0.14622,2.6444e-7,1,1
3.5,0.00031257,0.00031257,false,0.14622,3.112e-7,1,1
3.5,0.00036784,0.00036784,false,0.14622,3.6622e-7,1,1
3.5,0.00043288,0.00043288,false,0.14622,4.3097e-7,1,1
3.5,0.00050941,0.00050941,false,0.14622,5.0717e-7,1,1
3.5,0.00059948,0.00059948,false,0.14622,5.9685e-7,1,1
3.5,0.00070548,0.00070548,false,0.14622,7.0238e-7,1,1
3.5,0.00083022,0.00083022,false,0.14622,8.2656e-7,1,1
3.5,0.00097701,0.00097701,false,0.14622,9.7271e-7,1,1
3.5,0.0011498,0.0011498,false,0.14622,0.0000011447,1,1
3.5,0.001353,0.001353,false,0.14622,0.0000013471,1,1
3.5,0.0015923,0.0015923,false,0.14622,0.0000015853,1,1
3.5,0.0018738,0.0018738,false,0.14622,0.0000018656,1,1
3.5,0.0022051,0.0022051,false,0.14622,0.0000021954,1,1
3.5,0.002595,0.002595,false,0.14622,0.0000025836,1,1
3.5,0.0030539,0.0030539,false,0.14622,0.0000030404,1,1
3.5,0.0035938,0.0035938,false,0.14622,0.0000035779,1,1
3.5,0.0042292,0.0042292,false,0.14622,0.0000042106,1,1
3.5,0.004977,0.004977,false,0.14622,0.000004955,1,1
3.5,0.005857,0.005857,false,0.14622,0.0000058311,1,1
3.5,0.0068926,0.0068926,false,0.14622,0.0000068621,1,1
3.5,0.0081113,0.0081113,false,0.14622,0.0000080753,1,1
3.5,0.0095455,0.0095455,false,0.14622,0.0000095031,1,1
3.5,0.011233,0.011233,false,0.14622,0.000011183,1,1
3.5,0.013219,0.013219,false,0.14622,0.000013161,1,1
3.5,0.015557,0.015557,false,0.14622,0.000015487,1,1
3.5,0.018307,0.018307,false,0.14622,0.000018226,1,1
3.5,0.021544,0.021544,false,0.14622,0.000021448,1,1
3.5,0.025354,0.025354,false,0.14623,0.00002524,1,1
3.5,0.029836,0.029836,false,0.14623,0.000029703,1,1
3.5,0.035112,0.035112,false,0.14623,0.000034954,1,1
3.5,0.04132,0.04132,false,0.14623,0.000041134,1,1
3.5,0.048626,0.048626,false,0.14623,0.000048406,1,1
3.5,0.057224,0.057224,false,0.14623,0.000056963,1,1
3.5,0.067342,0.067342,false,0.14623,0.000067034,1,1
3.5,0.079248,0.079248,false,0.14624,0.000078886,1,1
3.5,0.09326,0.09326,false,0.14624,0.000092831,1,1
3.5,0.10975,0.10975,false,0.14624,0.00010924,1,1
3.5,0.12915,0.12915,false,0.14625,0.00012855,1,1
3.5,0.15199,0.15199,false,0.14625,0.00015127,1,1
3.5,0.17886,0.17886,false,0.14626,0.00017801,1,1
3.5,0.21049,0.21049,false,0.14627,0.00020948,1,1
3.5,0.24771,0.24771,false,0.14627,0.00024556,1,1
3.5,0.29151,0.29151,false,0.14628,0.00028895,1,1
3.5,0.34305,0.34305,false,0.14629,0.00034001,1,1
3.5,0.4037,0.4037,false,0.1463,0.00040009,1,1
3.5,0.47508,0.47508,false,0.14632,0.0004708,1,1
3.5,0.55908,0.55908,false,0.14633,0.00055202,1,1
3.5,0.65793,0.65793,false,0.14635,0.00064957,1,1
3.5,0.77426,0.77426,false,0.14637,0.00076423,1,1
3.5,0.91116,0.91116,false,0.1464,0.00089916,1,1
3.5,1.0723,1.0723,false,0.14643,0.0010543,1,1
3.5,1.2619,1.2619,false,0.14646,0.0012406,1,1
3.5,1.485,1.485,false,0.1465,0.0014549,1,1
3.5,1.7475,1.7475,false,0.14654,0.001712,1,1
3.5,2.0565,2.0565,false,0.14659,0.0020136,1,1
3.5,2.4201,2.4201,false,0.14665,0.002361,1,1
3.5,2.848,2.848,false,0.14671,0.0027687,1,1
3.5,3.3516,3.3516,false,0.14679,0.0032573,1,1
3.5,3.9442,3.9442,false,0.14687,0.0038204,1,1
3.5,4.6416,4.6416,false,0.14697,0.004495,1,1
3.5,5.4623,5.4623,false,0.14708,0.0052682,1,1
3.5,6.4281,6.4281,false,0.14721,0.0061755,1,1
3.5,7.5646,7.5646,false,0.14736,0.0072406,1,1
3.5,8.9022,8.9022,false,0.14752,0.008491,1,1
3.5,10.476,10.476,false,0.14771,0.0099586,1,1
3.5,12.328,12.328,false,0.14792,0.011681,1,1
3.5,14.508,14.508,false,0.14816,0.013682,1,1
3.5,17.074,17.074,false,0.14843,0.015981,1,1
3.5,20.092,20.092,false,0.14873,0.018724,1,1
3.5,23.645,23.645,false,0.14907,0.021889,1,1
3.5,27.826,27.826,false,0.14946,0.025662,1,1
3.5,32.745,32.745,false,0.14989,0.030016,1,1
3.5,38.535,38.535,false,0.15038,0.035017,1,1
3.5,45.349,45.349,false,0.15093,0.040716,1,1
3.5,53.367,53.367,false,0.15154,0.047503,1,1
3.5,62.803,62.803,false,0.15222,0.055331,1,1
3.5,73.907,73.907,false,0.15298,0.064641,1,1
3.5,86.975,86.975,false,0.15383,0.075382,1,1
3.5,102.35,102.35,false,0.15467,0.087346,1,1
3.5,120.45,120.45,false,0.15549,0.10114,1,1
3.5,141.75,141.75,false,0.15638,0.11708,1,1
3.5,166.81,166.81,false,0.15734,0.13575,1,1
3.5,196.3,196.3,false,0.15837,0.15729,1,1
3.5,231.01,231.01,false,0.15947,0.18245,1,1
3.5,271.86,271.86,false,0.16077,0.21026,1,1
3.5,319.93,319.93,false,0.16236,0.24013,1,1
3.5,376.49,376.49,false,0.16408,0.27524,1,1
3.5,443.06,443.06,false,0.16593,0.31587,1,1
3.5,521.4,521.4,false,0.16791,0.3628,1,1
3.5,613.59,613.59,false,0.17001,0.41756,1,1
3.5,722.08,722.08,false,0.17238,0.47302,1,1
3.5,849.75,849.75,false,0.17509,0.52566,1,1
3.5,1000,1000,false,0.17797,0.58806,1,1
4,0.0001,0.0001,false,0.14482,6.2174e-8,1,1
4,0.00011768,0.00011768,false,0.14482,7.3167e-8,1,1
4,0.00013849,0.00013849,false,0.14482,8.6103e-8,1,1
4,0.00016298,0.00016298,false,0.14482,1.0133e-7,1,1
4,0.00019179,0.00019179,false,0.14482,1.1924e-7,1,1
4,0.0002257,0.0002257,false,0.14482,1.4033e-7,1,1
4,0.00026561,0.00026561,false,0.14482,1.6514e-7,1,1
4,0.00031257,0.00031257,false,0.14482,1.9434e-7,1,1
4,0.00036784,0.00036784,false,0.14482,2.287e-7,1,1
4,0.00043288,0.00043288,false,0.14482,2.6913e-7,1,1
4,0.00050941,0.00050941,false,0.14482,3.1672e-7,1,1
4,0.00059948,0.00059948,false,0.14482,3.7272e-7,1,1
4,0.00070548,0.00070548,false,0.14482,4.3862e-7,1,1
4,0.00083022,0.00083022,false,0.14482,5.1617e-7,1,1
4,0.00097701,0.00097701,false,0.14482,6.0744e-7,1,1
4,0.0011498,0.0011498,false,0.14482,7.1484e-7,1,1
4,0.001353,0.001353,false,0.14482,8.4123e-7,1,1
4,0.0015923,0.0015923,false,0.14482,9.8997e-7,1,1
4,0.0018738,0.0018738,false,0.14482,0.000001165,1,1
4,0.0022051,0.0022051,false,0.14482,0.000001371,1,1
4,0.002595,0.002595,false,0.14482,0.0000016134,1,1
4,0.0030539,0.0030539,false,0.14482,0.0000018987,1,1
4,0.0035938,0.0035938,false,0.14482,0.0000022344,1,1
4,0.0042292,0.0042292,false,0.14482,0.0000026294,1,1
4,0.004977,0.004977,false,0.14482,0.0000030943,1,1
4,0.005857,0.005857,false,0.14482,0.0000036414,1,1
4,0.0068926,0.0068926,false,0.14482,0.0000042853,1,1
4,0.0081113,0.0081113,false,0.14482,0.0000050429,1,1
4,0.0095455,0.0095455,false,0.14482,0.0000059345,1,1
4,0.011233,0.011233,false,0.14482,0.0000069838,1,1
4,0.013219,0.013219,false,0.14482,0.0000082186,1,1
4,0.015557,0.015557,false,0.14482,0.0000096717,1,1
4,0.018307,0.018307,false,0.14482,0.000011382,1,1
4,0.021544,0.021544,false,0.14482,0.000013394,1,1
4,0.025354,0.025354,false,0.14482,0.000015762,1,1
4,0.029836,0.029836,false,0.14482,0.000018549,1,1
4,0.035112,0.035112,false,0.14482,0.000021829,1,1
4,0.04132,0.04132,false,0.14482,0.000025688,1,1
4,0.048626,0.048626,false,0.14482,0.000030229,1,1
4,0.057224,0.057224,false,0.14482,0.000035573,1,1
4,0.067342,0.067342,false,0.14483,0.000041863,1,1
4,0.079248,0.079248,false,0.14483,0.000049264,1,1
4,0.09326,0.09326,false,0.14483,0.000057974,1,1
4,0.10975,0.10975,false,0.14483,0.000068223,1,1
4,0.12915,0.12915,false,0.14483,0.000080282,1,1
4,0.15199,0.15199,false,0.14484,0.000094472,1,1
4,0.17886,0.17886,false,0.14484,0.00011117,1,1
4,0.21049,0.21049,false,0.14485,0.00013082,1,1
4,0.24771,0.24771,false,0.14485,0.00015395,1,1
4,0.29151,0.29151,false,0.14486,0.00018117,1,1
4,0.34305,0.34305,false,0.14486,0.00021236,1,1
4,0.4037,0.4037,false,0.14487,0.00024988,1,1
4,0.47508,0.47508,false,0.14488,0.00029404,1,1
4,0.55908,0.55908,false,0.14489,0.00034601,1,1
4,0.65793,0.65793,false,0.1449,0.00040717,1,1
4,0.77426,0.77426,false,0.14491,0.0004774,1,1
4,0.91116,0.91116,false,0.14493,0.00056169,1,1
4,1.0723,1.0723,false,0.14495,0.00066086,1,1
4,1.2619,1.2619,false,0.14497,0.0007749,1,1
4,1.485,1.485,false,0.14499,0.0009118,1,1
4,1.7475,1.7475,false,0.14502,0.0010729,1,1
4,2.0565,2.0565,false,0.14506,0.0012582,1,1
4,2.4201,2.4201,false,0.14509,0.0014801,1,1
4,2.848,2.848,false,0.14514,0.0017354,1,1
4,3.3516,3.3516,false,0.14518,0.0020415,1,1
4,3.9442,3.9442,false,0.14524,0.0023942,1,1
4,4.6416,4.6416,false,0.14531,0.0028168,1,1
4,5.4623,5.4623,false,0.14538,0.0033038,1,1
4,6.4281,6.4281,false,0.14546,0.0038731,1,1
4,7.5646,7.5646,false,0.14556,0.00454,1,1
4,8.9022,8.9022,false,0.14567,0.0053387,1,1
4,10.476,10.476,false,0.14579,0.0062603,1,1
4,12.328,12.328,false,0.14594,0.007342,1,1
4,14.508,14.508,false,0.1461,0.0086117,1,1
4,17.074,17.074,false,0.14628,0.010063,1,1
4,20.092,20.092,false,0.14649,0.011786,1,1
4,23.645,23.645,false,0.14672,0.013808,1,1
4,27.826,27.826,false,0.14699,0.016141,1,1
4,32.745,32.745,false,0.14729,0.018923,1,1
4,38.535,38.535,false,0.14762,0.022131,1,1
4,45.349,45.349,false,0.148,0.025845,1,1
4,53.367,53.367,false,0.14843,0.030122,1,1
4,62.803,62.803,false,0.14891,0.035139,1,1
4,73.907,73.907,false,0.14944,0.040924,1,1
4,86.975,86.975,false,0.15004,0.047805,1,1
4,102.35,102.35,false,0.15071,0.055742,1,1
4,120.45,120.45,false,0.1514,0.064722,1,1
4,141.75,141.75,false,0.152,0.074933,1,1
4,166.81,166.81,false,0.15266,0.086731,1,1
4,196.3,196.3,false,0.15336,0.10055,1,1
4,231.01,231.01,false,0.15411,0.11672,1,1
4,271.86,271.86,false,0.1549,0.13537,1,1
4,319.93,319.93,false,0.1558,0.15663,1,1
4,376.49,376.49,false,0.157,0.17919,1,1
4,443.06,443.06,false,0.1583,0.20534,1,1
4,521.4,521.4,false,0.1597,0.23559,1,1
4,613.59,613.59,false,0.16118,0.27099,1,1
4,722.08,722.08,false,0.16274,0.31235,1,1
4,849.75,849.75,false,0.16445,0.35638,1,1
4,1000,1000,false,0.16648,0.39651,1,1
5,0.0001,0.0001,false,0.14108,2.8328e-8,1,1
5,0.00011768,0.00011768,false,0.14108,3.3336e-8,1,1
5,0.00013849,0.00013849,false,0.14108,3.923e-8,1,1
5,0.00016298,0.00016298,false,0.14108,4.6167e-8,1,1
5,0.00019179,0.00019179,false,0.14108,5.433e-8,1,1
5,0.0002257,0.0002257,false,0.14108,6.3936e-8,1,1
5,0.00026561,0.00026561,false,0.14108,7.524e-8,1,1
5,0.00031257,0.00031257,false,0.14108,8.8544e-8,1,1
5,0.00036784,0.00036784,false,0.14108,1.042e-7,1,1
5,0.00043288,0.00043288,false,0.14108,1.2262e-7,1,1
5,0.00050941,0.00050941,false,0.14108,1.443e-7,1,1
5,0.00059948,0.00059948,false,0.14108,1.6982e-7,1,1
5,0.00070548,0.00070548,false,0.14108,1.9984e-7,1,1
5,0.00083022,0.00083022,false,0.14108,2.3518e-7,1,1
5,0.00097701,0.00097701,false,0.14108,2.7676e-7,1,1
5,0.0011498,0.0011498,false,0.14108,3.257e-7,1,1
5,0.001353,0.001353,false,0.14108,3.8328e-7,1,1
5,0.0015923,0.0015923,false,0.14108,4.5105e-7,1,1
5,0.0018738,0.0018738,false,0.14108,5.308e-7,1,1
5,0.0022051,0.0022051,false,0.14108,6.2465e-7,1,1
5,0.002595,0.002595,false,0.14108,7.351e-7,1,1
5,0.0030539,0.0030539,false,0.14108,8.6507e-7,1,1
5,0.0035938,0.0035938,false,0.14108,0.000001018,1,1
5,0.0042292,0.0042292,false,0.14108,0.000001198,1,1
5,0.004977,0.004977,false,0.14108,0.0000014098,1,1
5,0.005857,0.005857,false,0.14108,0.0000016591,1,1
5,0.0068926,0.0068926,false,0.14108,0.0000019525,1,1
5,0.0081113,0.0081113,false,0.14108,0.0000022977,1,1
5,0.0095455,0.0095455,false,0.14108,0.0000027039,1,1
5,0.011233,0.011233,false,0.14108,0.000003182,1,1
5,0.013219,0.013219,false,0.14108,0.0000037446,1,1
5,0.015557,0.015557,false,0.14108,0.0000044067,1,1
5,0.018307,0.018307,false,0.14108,0.0000051858,1,1
5,0.021544,0.021544,false,0.14108,0.0000061027,1,1
5,0.025354,0.025354,false,0.14108,0.0000071817,1,1
5,0.029836,0.029836,false,0.14108,0.0000084514,1,1
5,0.035112,0.035112,false,0.14108,0.0000099457,1,1
5,0.04132,0.04132,false,0.14108,0.000011704,1,1
5,0.048626,0.048626,false,0.14108,0.000013774,1,1
5,0.057224,0.057224,false,0.14108,0.000016209,1,1
5,0.067342,0.067342,false,0.14108,0.000019074,1,1
5,0.079248,0.079248,false,0.14108,0.000022447,1,1
5,0.09326,0.09326,false,0.14108,0.000026415,1,1
5,0.10975,0.10975,false,0.14108,0.000031085,1,1
5,0.12915,0.12915,false,0.14109,0.000036581,1,1
5,0.15199,0.15199,false,0.14109,0.000043048,1,1
5,0.17886,0.17886,false,0.14109,0.000050658,1,1
5,0.21049,0.21049,false,0.14109,0.000059612,1,1
5,0.24771,0.24771,false,0.14109,0.00007015,1,1
5,0.29151,0.29151,false,0.1411,0.000082552,1,1
5,0.34305,0.34305,false,0.1411,0.000097146,1,1
5,0.4037,0.4037,false,0.1411,0.00011432,1,1
5,0.47508,0.47508,false,0.14111,0.000134,1,1
5,0.55908,0.55908,false,0.14111,0.00015768,1,1
5,0.65793,0.65793,false,0.14112,0.00018555,1,1
5,0.77426,0.77426,false,0.14112,0.00021834,1,1
5,0.91116,0.91116,false,0.14113,0.00025693,1,1
5,1.0723,1.0723,false,0.14114,0.00030124,1,1
5,1.2619,1.2619,false,0.14115,0.00035444,1,1
5,1.485,1.485,false,0.14116,0.00041704,1,1
5,1.7475,1.7475,false,0.14117,0.0004907,1,1
5,2.0565,2.0565,false,0.14119,0.00057538,1,1
5,2.4201,2.4201,false,0.1412,0.00067705,1,1
5,2.848,2.848,false,0.14123,0.00079669,1,1
5,3.3516,3.3516,false,0.14125,0.00093404,1,1
5,3.9442,3.9442,false,0.14128,0.0010988,1,1
5,4.6416,4.6416,false,0.14131,0.0012884,1,1
5,5.4623,5.4623,false,0.14134,0.0015158,1,1
5,6.4281,6.4281,false,0.14138,0.0017777,1,1
5,7.5646,7.5646,false,0.14143,0.002085,1,1
5,8.9022,8.9022,false,0.14148,0.002452,1,1
5,10.476,10.476,false,0.14155,0.0028742,1,1
5,12.328,12.328,false,0.14162,0.0033699,1,1
5,14.508,14.508,false,0.1417,0.0039516,1,1
5,17.074,17.074,false,0.14179,0.0046344,1,1
5,20.092,20.092,false,0.1419,0.0054359,1,1
5,23.645,23.645,false,0.14202,0.006371,1,1
5,27.826,27.826,false,0.14215,0.0074621,1,1
5,32.745,32.745,false,0.14231,0.0087433,1,1
5,38.535,38.535,false,0.14248,0.01022,1,1
5,45.349,45.349,false,0.14268,0.011982,1,1
5,53.367,53.367,false,0.1429,0.014013,1,1
5,62.803,62.803,false,0.14316,0.016369,1,1
5,73.907,73.907,false,0.14344,0.019082,1,1
5,86.975,86.975,false,0.14377,0.022263,1,1
5,102.35,102.35,false,0.14413,0.025992,1,1
5,120.45,120.45,false,0.14453,0.030292,1,1
5,141.75,141.75,false,0.14499,0.035404,1,1
5,166.81,166.81,false,0.14545,0.041226,1,1
5,196.3,196.3,false,0.1458,0.047748,1,1
5,231.01,231.01,false,0.14616,0.05528,1,1
5,271.86,271.86,false,0.14654,0.0641,1,1
5,319.93,319.93,false,0.14695,0.07442,1,1
5,376.49,376.49,false,0.14736,0.086491,1,1
5,443.06,443.06,false,0.14783,0.10019,1,1
5,521.4,521.4,false,0.14856,0.11472,1,1
5,613.59,613.59,false,0.14935,0.13155,1,1
5,722.08,722.08,false,0.15018,0.15128,1,1
5,849.75,849.75,false,0.15104,0.17437,1,1
5,1000,1000,false,0.15195,0.20068,1,1
6,0.0001,0.0001,false,0.13808,1.4913e-8,1,1
6,0.00011768,0.00011768,false,0.13808,1.7549e-8,1,1
6,0.00013849,0.00013849,false,0.13808,2.0652e-8,1,1
6,0.00016298,0.00016298,false,0.13808,2.4304e-8,1,1
6,0.00019179,0.00019179,false,0.13808,2.8601e-8,1,1
6,0.0002257,0.0002257,false,0.13808,3.3658e-8,1,1
6,0.00026561,0.00026561,false,0.13808,3.9609e-8,1,1
6,0.00031257,0.00031257,false,0.13808,4.6613e-8,1,1
6,0.00036784,0.00036784,false,0.13808,5.4854e-8,1,1
6,0.00043288,0.00043288,false,0.13808,6.4553e-8,1,1
6,0.00050941,0.00050941,false,0.13808,7.5967e-8,1,1
6,0.00059948,0.00059948,false,0.13808,8.9399e-8,1,1
6,0.00070548,0.00070548,false,0.13808,1.0521e-7,1,1
6,0.00083022,0.00083022,false,0.13808,1.2381e-7,1,1
6,0.00097701,0.00097701,false,0.13808,1.457e-7,1,1
6,0.0011498,0.0011498,false,0.13808,1.7146e-7,1,1
6,0.001353,0.001353,false,0.13808,2.0177e-7,1,1
6,0.0015923,0.0015923,false,0.13808,2.3745e-7,1,1
6,0.0018738,0.0018738,false,0.13808,2.7943e-7,1,1
6,0.0022051,0.0022051,false,0.13808,3.2884e-7,1,1
6,0.002595,0.002595,false,0.13808,3.8698e-7,1,1
6,0.0030539,0.0030539,false,0.13808,4.5541e-7,1,1
6,0.0035938,0.0035938,false,0.13808,5.3593e-7,1,1
6,0.0042292,0.0042292,false,0.13808,6.3068e-7,1,1
6,0.004977,0.004977,false,0.13808,7.4219e-7,1,1
6,0.005857,0.005857,false,0.13808,8.7342e-7,1,1
6,0.0068926,0.0068926,false,0.13808,0.0000010279,1,1
6,0.0081113,0.0081113,false,0.13808,0.0000012096,1,1
6,0.0095455,0.0095455,false,0.13808,0.0000014235,1,1
6,0.011233,0.011233,false,0.13808,0.0000016751,1,1
6,0.013219,0.013219,false,0.13808,0.0000019713,1,1
6,0.015557,0.015557,false,0.13808,0.0000023199,1,1
6,0.018307,0.018307,false,0.13808,0.00000273,1,1
6,0.021544,0.021544,false,0.13808,0.0000032127,1,1
6,0.025354,0.025354,false,0.13808,0.0000037808,1,1
6,0.029836,0.029836,false,0.13808,0.0000044492,1,1
6,0.035112,0.035112,false,0.13808,0.0000052359,1,1
6,0.04132,0.04132,false,0.13808,0.0000061616,1,1
6,0.048626,0.048626,false,0.13808,0.000007251,1,1
6,0.057224,0.057224,false,0.13808,0.000008533,1,1
6,0.067342,0.067342,false,0.13808,0.000010042,1,1
6,0.079248,0.079248,false,0.13808,0.000011817,1,1
6,0.09326,0.09326,false,0.13808,0.000013906,1,1
6,0.10975,0.10975,false,0.13808,0.000016365,1,1
6,0.12915,0.12915,false,0.13808,0.000019258,1,1
6,0.15199,0.15199,false,0.13808,0.000022663,1,1
6,0.17886,0.17886,false,0.13809,0.00002667,1,1
6,0.21049,0.21049,false,0.13809,0.000031385,1,1
6,0.24771,0.24771,false,0.13809,0.000036933,1,1
6,0.29151,0.29151,false,0.13809,0.000043461,1,1
6,0.34305,0.34305,false,0.13809,0.000051145,1,1
6,0.4037,0.4037,false,0.13809,0.000060186,1,1
6,0.47508,0.47508,false,0.13809,0.000070827,1,1
6,0.55908,0.55908,false,0.1381,0.000083345,1,1
6,0.65793,0.65793,false,0.1381,0.000098071,1,1
6,0.77426,0.77426,false,0.1381,0.00011496,1,1
6,0.91116,0.91116,false,0.13811,0.00013528,1,1
6,1.0723,1.0723,false,0.13811,0.00015919,1,1
6,1.2619,1.2619,false,0.13812,0.00018733,1,1
6,1.485,1.485,false,0.13812,0.00022043,1,1
6,1.7475,1.7475,false,0.13813,0.0002584,1,1
6,2.0565,2.0565,false,0.13814,0.00030405,1,1
6,2.4201,2.4201,false,0.13815,0.00035776,1,1
6,2.848,2.848,false,0.13816,0.00041949,1,1
6,3.3516,3.3516,false,0.13817,0.00049362,1,1
6,3.9442,3.9442,false,0.13818,0.00058085,1,1
6,4.6416,4.6416,false,0.1382,0.00068094,1,1
6,5.4623,5.4623,false,0.13822,0.00080107,1,1
6,6.4281,6.4281,false,0.13824,0.00093933,1,1
6,7.5646,7.5646,false,0.13827,0.0011052,1,1
6,8.9022,8.9022,false,0.1383,0.0012961,1,1
6,10.476,10.476,false,0.13833,0.0015251,1,1
6,12.328,12.328,false,0.13837,0.0017875,1,1
6,14.508,14.508,false,0.13842,0.0020955,1,1
6,17.074,17.074,false,0.13847,0.0024569,1,1
6,20.092,20.092,false,0.13853,0.0028899,1,1
6,23.645,23.645,false,0.13859,0.0033893,1,1
6,27.826,27.826,false,0.13867,0.0039753,1,1
6,32.745,32.745,false,0.13876,0.0046568,1,1
6,38.535,38.535,false,0.13886,0.0054398,1,1
6,45.349,45.349,false,0.13897,0.0063749,1,1
6,53.367,53.367,false,0.1391,0.0074727,1,1
6,62.803,62.803,false,0.13925,0.0087378,1,1
6,73.907,73.907,false,0.13942,0.010247,1,1
6,86.975,86.975,false,0.13961,0.011956,1,1
6,102.35,102.35,false,0.13982,0.013943,1,1
6,120.45,120.45,false,0.14006,0.016273,1,1
6,141.75,141.75,false,0.14033,0.019004,1,1
6,166.81,166.81,false,0.14064,0.022151,1,1
6,196.3,196.3,false,0.14098,0.025832,1,1
6,231.01,231.01,false,0.14125,0.030084,1,1
6,271.86,271.86,false,0.14144,0.034799,1,1
6,319.93,319.93,false,0.14164,0.04041,1,1
6,376.49,376.49,false,0.14184,0.046886,1,1
6,443.06,443.06,false,0.14203,0.054462,1,1
6,521.4,521.4,false,0.14223,0.063319,1,1
6,613.59,613.59,false,0.14252,0.073034,1,1
6,722.08,722.08,false,0.14299,0.083788,1,1
6,849.75,849.75,false,0.14347,0.09641,1,1
6,1000,1000,false,0.14396,0.11101,1,1
8,0.0001,0.0001,false,0.13163,5.4249e-9,1,1
8,0.00011768,0.00011768,false,0.13163,6.3841e-9,1,1
8,0.00013849,0.00013849,false,0.13163,7.5129e-9,1,1
8,0.00016298,0.00016298,false,0.13163,8.8412e-9,1,1
8,0.00019179,0.00019179,false,0.13163,1.0404e-8,1,1
8,0.0002257,0.0002257,false,0.13163,1.2244e-8,1,1
8,0.00026561,0.00026561,false,0.13163,1.4409e-8,1,1
8,0.00031257,0.00031257,false,0.13163,1.6957e-8,1,1
8,0.00036784,0.00036784,false,0.13163,1.9955e-8,1,1
8,0.00043288,0.00043288,false,0.13163,2.3483e-8,1,1
8,0.00050941,0.00050941,false,0.13163,2.7635e-8,1,1
8,0.00059948,0.00059948,false,0.13163,3.2521e-8,1,1
8,0.00070548,0.00070548,false,0.13163,3.8271e-8,1,1
8,0.00083022,0.00083022,false,0.13163,4.5038e-8,1,1
8,0.00097701,0.00097701,false,0.13163,5.3002e-8,1,1
8,0.0011498,0.0011498,false,0.13163,6.2373e-8,1,1
8,0.001353,0.001353,false,0.13163,7.3401e-8,1,1
8,0.0015923,0.0015923,false,0.13163,8.6379e-8,1,1
8,0.0018738,0.0018738,false,0.13163,1.0165e-7,1,1
8,0.0022051,0.0022051,false,0.13163,1.1963e-7,1,1
8,0.002595,0.002595,false,0.13163,1.4078e-7,1,1
8,0.0030539,0.0030539,false,0.13163,1.6567e-7,1,1
8,0.0035938,0.0035938,false,0.13163,1.9496e-7,1,1
8,0.0042292,0.0042292,false,0.13163,2.2943e-7,1,1
8,0.004977,0.004977,false,0.13163,2.7e-7,1,1
8,0.005857,0.005857,false,0.13163,3.1773e-7,1,1
8,0.0068926,0.0068926,false,0.13163,3.7391e-7,1,1
8,0.0081113,0.0081113,false,0.13163,4.4002e-7,1,1
8,0.0095455,0.0095455,false,0.13163,5.1782e-7,1,1
8,0.011233,0.011233,false,0.13163,6.0938e-7,1,1
8,0.013219,0.013219,false,0.13163,7.1713e-7,1,1
8,0.015557,0.015557,false,0.13163,8.4392e-7,1,1
8,0.018307,0.018307,false,0.13163,9.9314e-7,1,1
8,0.021544,0.021544,false,0.13163,0.0000011687,1,1
8,0.025354,0.025354,false,0.13163,0.0000013754,1,1
8,0.029836,0.029836,false,0.13163,0.0000016186,1,1
8,0.035112,0.035112,false,0.13163,0.0000019047,1,1
8,0.04132,0.04132,false,0.13163,0.0000022415,1,1
8,0.048626,0.048626,false,0.13163,0.0000026378,1,1
8,0.057224,0.057224,false,0.13163,0.0000031042,1,1
8,0.067342,0.067342,false,0.13163,0.000003653,1,1
8,0.079248,0.079248,false,0.13163,0.0000042989,1,1
8,0.09326,0.09326,false,0.13163,0.000005059,1,1
8,0.10975,0.10975,false,0.13163,0.0000059535,1,1
8,0.12915,0.12915,false,0.13163,0.000007006,1,1
8,0.15199,0.15199,false,0.13163,0.0000082447,1,1
8,0.17886,0.17886,false,0.13163,0.0000097023,1,1
8,0.21049,0.21049,false,0.13163,0.000011418,1,1
8,0.24771,0.24771,false,0.13163,0.000013436,1,1
8,0.29151,0.29151,false,0.13163,0.000015812,1,1
8,0.34305,0.34305,false,0.13163,0.000018607,1,1
8,0.4037,0.4037,false,0.13164,0.000021897,1,1
8,0.47508,0.47508,false,0.13164,0.000025768,1,1
8,0.55908,0.55908,false,0.13164,0.000030323,1,1
8,0.65793,0.65793,false,0.13164,0.000035684,1,1
8,0.77426,0.77426,false,0.13164,0.000041993,1,1
8,0.91116,0.91116,false,0.13164,0.000049414,1,1
8,1.0723,1.0723,false,0.13164,0.000058146,1,1
8,1.2619,1.2619,false,0.13164,0.000068157,1,1
8,1.485,1.485,false,0.13165,0.000080204,1,1
8,1.7475,1.7475,false,0.13165,0.000094381,1,1
8,2.0565,2.0565,false,0.13165,0.00011107,1,1
8,2.4201,2.4201,false,0.13165,0.00013069,1,1
8,2.848,2.848,false,0.13166,0.0001532,1,1
8,3.3516,3.3516,false,0.13166,0.00018027,1,1
8,3.9442,3.9442,false,0.13167,0.00021212,1,1
8,4.6416,4.6416,false,0.13167,0.00024961,1,1
8,5.4623,5.4623,false,0.13168,0.00029267,1,1
8,6.4281,6.4281,false,0.13169,0.00034436,1,1
8,7.5646,7.5646,false,0.1317,0.00040371,1,1
8,8.9022,8.9022,false,0.13171,0.00047497,1,1
8,10.476,10.476,false,0.13172,0.00055882,1,1
8,12.328,12.328,false,0.13174,0.00065531,1,1
8,14.508,14.508,false,0.13175,0.00077106,1,1
8,17.074,17.074,false,0.13177,0.00090412,1,1
8,20.092,20.092,false,0.1318,0.0010598,1,1
8,23.645,23.645,false,0.13182,0.0012464,1,1
8,27.826,27.826,false,0.13185,0.0014614,1,1
8,32.745,32.745,false,0.13188,0.0017138,1,1
8,38.535,38.535,false,0.13192,0.00201,1,1
8,45.349,45.349,false,0.13197,0.0023571,1,1
8,53.367,53.367,false,0.13202,0.0027609,1,1
8,62.803,62.803,false,0.13208,0.003235,1,1
8,73.907,73.907,false,0.13215,0.0037916,1,1
8,86.975,86.975,false,0.13222,0.004445,1,1
8,102.35,102.35,false,0.13231,0.0051977,1,1
8,120.45,120.45,false,0.13241,0.0060792,1,1
8,141.75,141.75,false,0.13252,0.0071061,1,1
8,166.81,166.81,false,0.13265,0.0082907,1,1
8,196.3,196.3,false,0.1328,0.0096794,1,1
8,231.01,231.01,false,0.13296,0.011307,1,1
8,271.86,271.86,false,0.13315,0.013182,1,1
8,319.93,319.93,false,0.13336,0.015412,1,1
8,376.49,376.49,false,0.1334,0.017874,1,1
8,443.06,443.06,false,0.13342,0.020746,1,1
8,521.4,521.4,false,0.13342,0.024112,1,1
8,613.59,613.59,false,0.1334,0.027994,1,1
8,722.08,722.08,false,0.13336,0.032603,1,1
8,849.75,849.75,false,0.13329,0.03784,1,1
8,1000,1000,false,0.13339,0.043583,1,1
10,0.0001,0.0001,false,0.12595,2.4785e-9,1,1
10,0.00011768,0.00011768,false,0.12595,2.9168e-9,1,1
10,0.00013849,0.00013849,false,0.12595,3.4325e-9,1,1
10,0.00016298,0.00016298,false,0.12595,4.0394e-9,1,1
10,0.00019179,0.00019179,false,0.12595,4.7536e-9,1,1
10,0.0002257,0.0002257,false,0.12595,5.5941e-9,1,1
10,0.00026561,0.00026561,false,0.12595,6.5832e-9,1,1
10,0.00031257,0.00031257,false,0.12595,7.7472e-9,1,1
10,0.00036784,0.00036784,false,0.12595,9.117e-9,1,1
10,0.00043288,0.00043288,false,0.12595,1.0729e-8,1,1
10,0.00050941,0.00050941,false,0.12595,1.2626e-8,1,1
10,0.00059948,0.00059948,false,0.12595,1.4858e-8,1,1
10,0.00070548,0.00070548,false,0.12595,1.7486e-8,1,1
10,0.00083022,0.00083022,false,0.12595,2.0577e-8,1,1
10,0.00097701,0.00097701,false,0.12595,2.4215e-8,1,1
10,0.0011498,0.0011498,false,0.12595,2.8497e-8,1,1
10,0.001353,0.001353,false,0.12595,3.3536e-8,1,1
10,0.0015923,0.0015923,false,0.12595,3.9465e-8,1,1
10,0.0018738,0.0018738,false,0.12595,4.6443e-8,1,1
10,0.0022051,0.0022051,false,0.12595,5.4655e-8,1,1
10,0.002595,0.002595,false,0.12595,6.4318e-8,1,1
10,0.0030539,0.0030539,false,0.12595,7.569e-8,1,1
10,0.0035938,0.0035938,false,0.12595,8.9073e-8,1,1
10,0.0042292,0.0042292,false,0.12595,1.0482e-7,1,1
10,0.004977,0.004977,false,0.12595,1.2336e-7,1,1
10,0.005857,0.005857,false,0.12595,1.4517e-7,1,1
10,0.0068926,0.0068926,false,0.12595,1.7083e-7,1,1
10,0.0081113,0.0081113,false,0.12595,2.0104e-7,1,1
10,0.0095455,0.0095455,false,0.12595,2.3659e-7,1,1
10,0.011233,0.011233,false,0.12595,2.7842e-7,1,1
10,0.013219,0.013219,false,0.12595,3.2764e-7,1,1
10,0.015557,0.015557,false,0.12595,3.8557e-7,1,1
10,0.018307,0.018307,false,0.12595,4.5375e-7,1,1
10,0.021544,0.021544,false,0.12595,5.3397e-7,1,1
10,0.025354,0.025354,false,0.12595,6.2839e-7,1,1
10,0.029836,0.029836,false,0.12595,7.3949e-7,1,1
10,0.035112,0.035112,false,0.12595,8.7024e-7,1,1
10,0.04132,0.04132,false,0.12595,0.0000010241,1,1
10,0.048626,0.048626,false,0.12595,0.0000012052,1,1
10,0.057224,0.057224,false,0.12595,0.0000014183,1,1
10,0.067342,0.067342,false,0.12595,0.000001669,1,1
10,0.079248,0.079248,false,0.12595,0.0000019641,1,1
10,0.09326,0.09326,false,0.12595,0.0000023114,1,1
10,0.10975,0.10975,false,0.12595,0.0000027201,1,1
10,0.12915,0.12915,false,0.12595,0.000003201,1,1
10,0.15199,0.15199,false,0.12595,0.0000037669,1,1
10,0.17886,0.17886,false,0.12595,0.0000044329,1,1
10,0.21049,0.21049,false,0.12595,0.0000052167,1,1
10,0.24771,0.24771,false,0.12595,0.000006139,1,1
10,0.29151,0.29151,false,0.12595,0.0000072244,1,1
10,0.34305,0.34305,false,0.12595,0.0000085017,1,1
10,0.4037,0.4037,false,0.12595,0.000010005,1,1
10,0.47508,0.47508,false,0.12595,0.000011774,1,1
10,0.55908,0.55908,false,0.12595,0.000013855,1,1
10,0.65793,0.65793,false,0.12595,0.000016304,1,1
10,0.77426,0.77426,false,0.12595,0.000019187,1,1
10,0.91116,0.91116,false,0.12595,0.000022579,1,1
10,1.0723,1.0723,false,0.12595,0.000026571,1,1
10,1.2619,1.2619,false,0.12595,0.000031267,1,1
10,1.485,1.485,false,0.12595,0.000036793,1,1
10,1.7475,1.7475,false,0.12596,0.000043296,1,1
10,2.0565,2.0565,false,0.12596,0.000050749,1,1
10,2.4201,2.4201,false,0.12596,0.00005972,1,1
10,2.848,2.848,false,0.12596,0.000070278,1,1
10,3.3516,3.3516,false,0.12596,0.000082696,1,1
10,3.9442,3.9442,false,0.12596,0.000097303,1,1
10,4.6416,4.6416,false,0.12597,0.00011407,1,1
10,5.4623,5.4623,false,0.12597,0.00013423,1,1
10,6.4281,6.4281,false,0.12597,0.00015795,1,1
10,7.5646,7.5646,false,0.12598,0.0001852,1,1
10,8.9022,8.9022,false,0.12598,0.00021791,1,1
10,10.476,10.476,false,0.12599,0.00025636,1,1
10,12.328,12.328,false,0.12599,0.00030057,1,1
10,14.508,14.508,false,0.126,0.00035364,1,1
10,17.074,17.074,false,0.12601,0.00041469,1,1
10,20.092,20.092,false,0.12602,0.00048795,1,1
10,23.645,23.645,false,0.12603,0.00057218,1,1
10,27.826,27.826,false,0.12605,0.00067287,1,1
10,32.745,32.745,false,0.12606,0.00078884,1,1
10,38.535,38.535,false,0.12608,0.00092495,1,1
10,45.349,45.349,false,0.1261,0.0010881,1,1
10,53.367,53.367,false,0.12612,0.0012761,1,1
10,62.803,62.803,false,0.12615,0.0014965,1,1
10,73.907,73.907,false,0.12618,0.0017529,1,1
10,86.975,86.975,false,0.12622,0.002054,1,1
10,102.35,102.35,false,0.12626,0.0024075,1,1
10,120.45,120.45,false,0.12631,0.0028144,1,1
10,141.75,141.75,false,0.12636,0.0033002,1,1
10,166.81,166.81,false,0.12643,0.0038704,1,1
10,196.3,196.3,false,0.1265,0.0045134,1,1
10,231.01,231.01,false,0.12658,0.0052662,1,1
10,271.86,271.86,false,0.12667,0.0061488,1,1
10,319.93,319.93,false,0.12678,0.007183,1,1
10,376.49,376.49,false,0.1269,0.008395,1,1
10,443.06,443.06,false,0.12703,0.0098149,1,1
10,521.4,521.4,false,0.12701,0.011391,1,1
10,613.59,613.59,false,0.12694,0.013225,1,1
10,722.08,722.08,false,0.12685,0.015374,1,1
10,849.75,849.75,false,0.12673,0.017891,1,1
10,1000,1000,false,0.12658,0.020794,1,1
